[
  {
    "model": "app.tournament",
    "pk": 1,
    "fields": {
      "boards_per_round_per_table": 1,
      "completed_at": null,
      "display_number": 1,
      "signup_deadline": "2025-07-22T21:50:17.675Z",
      "play_completion_deadline": "2925-07-22T22:05:17.675Z",
      "tempo_seconds": 0.0
    }
  },
  {
    "model": "app.board",
    "pk": 1,
    "fields": {
      "display_number": 1,
      "ns_vulnerable": false,
      "ew_vulnerable": false,
      "dealer": "N",
      "north_cards": "♣8♣J♦3♦6♦7♦T♦Q♥3♥7♥8♥9♥K♥A",
      "east_cards": "♣3♣6♣7♣9♣Q♥4♥T♥Q♠4♠7♠9♠J♠A",
      "south_cards": "♣2♣4♣5♣T♦2♦8♦9♦A♥2♥J♠2♠8♠Q",
      "west_cards": "♣K♣A♦4♦5♦J♦K♥5♥6♠3♠5♠6♠T♠K",
      "tournament": 1,
      "group": "A"
    }
  },
  {
    "model": "app.board",
    "pk": 2,
    "fields": {
      "display_number": 2,
      "ns_vulnerable": true,
      "ew_vulnerable": false,
      "dealer": "E",
      "north_cards": "♣4♣6♣7♣8♣A♦8♦J♦Q♦A♥2♥7♥Q♠7",
      "east_cards": "♣2♣5♣9♣T♣J♣K♦9♦T♥5♥9♠8♠9♠J",
      "south_cards": "♣Q♦2♦3♦4♦6♥6♥8♠2♠4♠6♠Q♠K♠A",
      "west_cards": "♣3♦5♦7♦K♥3♥4♥T♥J♥K♥A♠3♠5♠T",
      "tournament": 1,
      "group": "B"
    }
  },
  {
    "model": "app.player",
    "pk": 1,
    "fields": {
      "created": "2025-07-22T21:50:17.603Z",
      "modified": "2025-07-22T21:50:28.121Z",
      "user": 2,
      "partner": 2,
      "allow_bot_to_play_for_me": false,
      "synthetic": false,
      "current_hand": null
    }
  },
  {
    "model": "app.player",
    "pk": 2,
    "fields": {
      "created": "2025-07-22T21:50:17.609Z",
      "modified": "2025-07-22T21:50:28.124Z",
      "user": 3,
      "partner": 1,
      "allow_bot_to_play_for_me": true,
      "synthetic": true,
      "current_hand": null
    }
  },
  {
    "model": "app.player",
    "pk": 3,
    "fields": {
      "created": "2025-07-22T21:50:17.616Z",
      "modified": "2025-07-22T21:51:01.095Z",
      "user": 4,
      "partner": 4,
      "allow_bot_to_play_for_me": true,
      "synthetic": true,
      "current_hand": null
    }
  },
  {
    "model": "app.player",
    "pk": 4,
    "fields": {
      "created": "2025-07-22T21:50:17.622Z",
      "modified": "2025-07-22T21:51:01.107Z",
      "user": 5,
      "partner": 3,
      "allow_bot_to_play_for_me": true,
      "synthetic": true,
      "current_hand": null
    }
  },
  {
    "model": "app.player",
    "pk": 5,
    "fields": {
      "created": "2025-07-22T21:50:17.630Z",
      "modified": "2025-07-22T21:50:28.402Z",
      "user": 6,
      "partner": 6,
      "allow_bot_to_play_for_me": true,
      "synthetic": true,
      "current_hand": null
    }
  },
  {
    "model": "app.player",
    "pk": 6,
    "fields": {
      "created": "2025-07-22T21:50:17.639Z",
      "modified": "2025-07-22T21:50:28.405Z",
      "user": 7,
      "partner": 5,
      "allow_bot_to_play_for_me": true,
      "synthetic": true,
      "current_hand": null
    }
  },
  {
    "model": "app.player",
    "pk": 7,
    "fields": {
      "created": "2025-07-22T21:50:17.647Z",
      "modified": "2025-07-22T21:51:01.101Z",
      "user": 8,
      "partner": 8,
      "allow_bot_to_play_for_me": true,
      "synthetic": true,
      "current_hand": null
    }
  },
  {
    "model": "app.player",
    "pk": 8,
    "fields": {
      "created": "2025-07-22T21:50:17.653Z",
      "modified": "2025-07-22T21:51:01.113Z",
      "user": 9,
      "partner": 7,
      "allow_bot_to_play_for_me": true,
      "synthetic": true,
      "current_hand": null
    }
  },
  {
    "model": "app.hand",
    "pk": 1,
    "fields": {
      "created": "2025-07-22T21:50:17.688Z",
      "modified": "2025-07-22T21:50:22.910Z",
      "board": 1,
      "is_complete": true,
      "North": 1,
      "East": 5,
      "South": 2,
      "West": 6,
      "table_display_number": 1,
      "open_access": false,
      "abandoned_because": null,
      "last_action_time": "2025-07-22T21:50:22.897Z"
    }
  },
  {
    "model": "app.hand",
    "pk": 2,
    "fields": {
      "created": "2025-07-22T21:50:17.698Z",
      "modified": "2025-07-22T21:51:01.034Z",
      "board": 1,
      "is_complete": false,
      "North": 3,
      "East": 7,
      "South": 4,
      "West": 8,
      "table_display_number": 2,
      "open_access": false,
      "abandoned_because": null,
      "last_action_time": "2025-07-22T21:50:22.938Z"
    }
  },
  {
    "model": "app.hand",
    "pk": 3,
    "fields": {
      "created": "2025-07-22T21:50:22.965Z",
      "modified": "2025-07-22T21:50:28.119Z",
      "board": 2,
      "is_complete": true,
      "North": 1,
      "East": 7,
      "South": 2,
      "West": 8,
      "table_display_number": 1,
      "open_access": false,
      "abandoned_because": null,
      "last_action_time": "2025-07-22T21:50:28.103Z"
    }
  },
  {
    "model": "app.hand",
    "pk": 4,
    "fields": {
      "created": "2025-07-22T21:50:22.976Z",
      "modified": "2025-07-22T21:50:28.398Z",
      "board": 2,
      "is_complete": true,
      "North": 3,
      "East": 5,
      "South": 4,
      "West": 6,
      "table_display_number": 2,
      "open_access": false,
      "abandoned_because": null,
      "last_action_time": "2025-07-22T21:50:28.383Z"
    }
  },
  {
    "model": "app.call",
    "pk": 1,
    "fields": {
      "created": "2025-07-22T21:50:18.598Z",
      "modified": "2025-07-22T21:50:18.598Z",
      "hand": 1,
      "serialized": "1N"
    }
  },
  {
    "model": "app.call",
    "pk": 3,
    "fields": {
      "created": "2025-07-22T21:50:18.754Z",
      "modified": "2025-07-22T21:50:18.754Z",
      "hand": 1,
      "serialized": "Pass"
    }
  },
  {
    "model": "app.call",
    "pk": 5,
    "fields": {
      "created": "2025-07-22T21:50:18.816Z",
      "modified": "2025-07-22T21:50:18.816Z",
      "hand": 1,
      "serialized": "Pass"
    }
  },
  {
    "model": "app.call",
    "pk": 7,
    "fields": {
      "created": "2025-07-22T21:50:18.872Z",
      "modified": "2025-07-22T21:50:18.872Z",
      "hand": 1,
      "serialized": "Pass"
    }
  },
  {
    "model": "app.call",
    "pk": 9,
    "fields": {
      "created": "2025-07-22T21:50:22.992Z",
      "modified": "2025-07-22T21:50:22.992Z",
      "hand": 3,
      "serialized": "1♣"
    }
  },
  {
    "model": "app.call",
    "pk": 10,
    "fields": {
      "created": "2025-07-22T21:50:23.017Z",
      "modified": "2025-07-22T21:50:23.017Z",
      "hand": 4,
      "serialized": "1♣"
    }
  },
  {
    "model": "app.call",
    "pk": 11,
    "fields": {
      "created": "2025-07-22T21:50:23.042Z",
      "modified": "2025-07-22T21:50:23.042Z",
      "hand": 3,
      "serialized": "Pass"
    }
  },
  {
    "model": "app.call",
    "pk": 12,
    "fields": {
      "created": "2025-07-22T21:50:23.066Z",
      "modified": "2025-07-22T21:50:23.066Z",
      "hand": 4,
      "serialized": "Pass"
    }
  },
  {
    "model": "app.call",
    "pk": 13,
    "fields": {
      "created": "2025-07-22T21:50:23.092Z",
      "modified": "2025-07-22T21:50:23.092Z",
      "hand": 3,
      "serialized": "1♥"
    }
  },
  {
    "model": "app.call",
    "pk": 14,
    "fields": {
      "created": "2025-07-22T21:50:23.117Z",
      "modified": "2025-07-22T21:50:23.117Z",
      "hand": 4,
      "serialized": "Pass"
    }
  },
  {
    "model": "app.call",
    "pk": 15,
    "fields": {
      "created": "2025-07-22T21:50:23.138Z",
      "modified": "2025-07-22T21:50:23.138Z",
      "hand": 3,
      "serialized": "Pass"
    }
  },
  {
    "model": "app.call",
    "pk": 16,
    "fields": {
      "created": "2025-07-22T21:50:23.160Z",
      "modified": "2025-07-22T21:50:23.160Z",
      "hand": 4,
      "serialized": "1♥"
    }
  },
  {
    "model": "app.call",
    "pk": 17,
    "fields": {
      "created": "2025-07-22T21:50:23.182Z",
      "modified": "2025-07-22T21:50:23.182Z",
      "hand": 3,
      "serialized": "Pass"
    }
  },
  {
    "model": "app.call",
    "pk": 18,
    "fields": {
      "created": "2025-07-22T21:50:23.205Z",
      "modified": "2025-07-22T21:50:23.205Z",
      "hand": 4,
      "serialized": "1♠"
    }
  },
  {
    "model": "app.call",
    "pk": 19,
    "fields": {
      "created": "2025-07-22T21:50:23.228Z",
      "modified": "2025-07-22T21:50:23.228Z",
      "hand": 3,
      "serialized": "Pass"
    }
  },
  {
    "model": "app.call",
    "pk": 20,
    "fields": {
      "created": "2025-07-22T21:50:23.256Z",
      "modified": "2025-07-22T21:50:23.256Z",
      "hand": 4,
      "serialized": "Pass"
    }
  },
  {
    "model": "app.call",
    "pk": 21,
    "fields": {
      "created": "2025-07-22T21:50:23.316Z",
      "modified": "2025-07-22T21:50:23.316Z",
      "hand": 4,
      "serialized": "Pass"
    }
  },
  {
    "model": "app.call",
    "pk": 22,
    "fields": {
      "created": "2025-07-22T21:50:23.395Z",
      "modified": "2025-07-22T21:50:23.395Z",
      "hand": 4,
      "serialized": "1N"
    }
  },
  {
    "model": "app.call",
    "pk": 23,
    "fields": {
      "created": "2025-07-22T21:50:23.471Z",
      "modified": "2025-07-22T21:50:23.471Z",
      "hand": 4,
      "serialized": "Pass"
    }
  },
  {
    "model": "app.call",
    "pk": 24,
    "fields": {
      "created": "2025-07-22T21:50:23.558Z",
      "modified": "2025-07-22T21:50:23.558Z",
      "hand": 4,
      "serialized": "Pass"
    }
  },
  {
    "model": "app.call",
    "pk": 25,
    "fields": {
      "created": "2025-07-22T21:50:23.642Z",
      "modified": "2025-07-22T21:50:23.642Z",
      "hand": 4,
      "serialized": "Pass"
    }
  },
  {
    "model": "app.play",
    "pk": 1,
    "fields": {
      "created": "2025-07-22T21:50:18.926Z",
      "modified": "2025-07-22T21:50:18.926Z",
      "hand": 1,
      "serialized": "♣3"
    }
  },
  {
    "model": "app.play",
    "pk": 3,
    "fields": {
      "created": "2025-07-22T21:50:18.983Z",
      "modified": "2025-07-22T21:50:18.983Z",
      "hand": 1,
      "serialized": "♣4"
    }
  },
  {
    "model": "app.play",
    "pk": 5,
    "fields": {
      "created": "2025-07-22T21:50:19.055Z",
      "modified": "2025-07-22T21:50:19.055Z",
      "hand": 1,
      "serialized": "♣K"
    }
  },
  {
    "model": "app.play",
    "pk": 7,
    "fields": {
      "created": "2025-07-22T21:50:19.126Z",
      "modified": "2025-07-22T21:50:19.126Z",
      "hand": 1,
      "serialized": "♣8"
    }
  },
  {
    "model": "app.play",
    "pk": 9,
    "fields": {
      "created": "2025-07-22T21:50:19.197Z",
      "modified": "2025-07-22T21:50:19.197Z",
      "hand": 1,
      "serialized": "♣A"
    }
  },
  {
    "model": "app.play",
    "pk": 11,
    "fields": {
      "created": "2025-07-22T21:50:19.268Z",
      "modified": "2025-07-22T21:50:19.268Z",
      "hand": 1,
      "serialized": "♣J"
    }
  },
  {
    "model": "app.play",
    "pk": 13,
    "fields": {
      "created": "2025-07-22T21:50:19.327Z",
      "modified": "2025-07-22T21:50:19.327Z",
      "hand": 1,
      "serialized": "♣6"
    }
  },
  {
    "model": "app.play",
    "pk": 15,
    "fields": {
      "created": "2025-07-22T21:50:19.391Z",
      "modified": "2025-07-22T21:50:19.391Z",
      "hand": 1,
      "serialized": "♣2"
    }
  },
  {
    "model": "app.play",
    "pk": 17,
    "fields": {
      "created": "2025-07-22T21:50:19.467Z",
      "modified": "2025-07-22T21:50:19.467Z",
      "hand": 1,
      "serialized": "♦4"
    }
  },
  {
    "model": "app.play",
    "pk": 19,
    "fields": {
      "created": "2025-07-22T21:50:19.546Z",
      "modified": "2025-07-22T21:50:19.546Z",
      "hand": 1,
      "serialized": "♦6"
    }
  },
  {
    "model": "app.play",
    "pk": 21,
    "fields": {
      "created": "2025-07-22T21:50:19.606Z",
      "modified": "2025-07-22T21:50:19.606Z",
      "hand": 1,
      "serialized": "♣7"
    }
  },
  {
    "model": "app.play",
    "pk": 23,
    "fields": {
      "created": "2025-07-22T21:50:19.673Z",
      "modified": "2025-07-22T21:50:19.673Z",
      "hand": 1,
      "serialized": "♦2"
    }
  },
  {
    "model": "app.play",
    "pk": 25,
    "fields": {
      "created": "2025-07-22T21:50:19.737Z",
      "modified": "2025-07-22T21:50:19.737Z",
      "hand": 1,
      "serialized": "♦3"
    }
  },
  {
    "model": "app.play",
    "pk": 27,
    "fields": {
      "created": "2025-07-22T21:50:19.816Z",
      "modified": "2025-07-22T21:50:19.816Z",
      "hand": 1,
      "serialized": "♣9"
    }
  },
  {
    "model": "app.play",
    "pk": 29,
    "fields": {
      "created": "2025-07-22T21:50:19.881Z",
      "modified": "2025-07-22T21:50:19.881Z",
      "hand": 1,
      "serialized": "♦8"
    }
  },
  {
    "model": "app.play",
    "pk": 31,
    "fields": {
      "created": "2025-07-22T21:50:19.966Z",
      "modified": "2025-07-22T21:50:19.967Z",
      "hand": 1,
      "serialized": "♦J"
    }
  },
  {
    "model": "app.play",
    "pk": 33,
    "fields": {
      "created": "2025-07-22T21:50:20.042Z",
      "modified": "2025-07-22T21:50:20.042Z",
      "hand": 1,
      "serialized": "♦5"
    }
  },
  {
    "model": "app.play",
    "pk": 35,
    "fields": {
      "created": "2025-07-22T21:50:20.108Z",
      "modified": "2025-07-22T21:50:20.108Z",
      "hand": 1,
      "serialized": "♦7"
    }
  },
  {
    "model": "app.play",
    "pk": 37,
    "fields": {
      "created": "2025-07-22T21:50:20.188Z",
      "modified": "2025-07-22T21:50:20.188Z",
      "hand": 1,
      "serialized": "♣Q"
    }
  },
  {
    "model": "app.play",
    "pk": 39,
    "fields": {
      "created": "2025-07-22T21:50:20.261Z",
      "modified": "2025-07-22T21:50:20.261Z",
      "hand": 1,
      "serialized": "♦9"
    }
  },
  {
    "model": "app.play",
    "pk": 41,
    "fields": {
      "created": "2025-07-22T21:50:20.333Z",
      "modified": "2025-07-22T21:50:20.333Z",
      "hand": 1,
      "serialized": "♣5"
    }
  },
  {
    "model": "app.play",
    "pk": 43,
    "fields": {
      "created": "2025-07-22T21:50:20.420Z",
      "modified": "2025-07-22T21:50:20.420Z",
      "hand": 1,
      "serialized": "♦K"
    }
  },
  {
    "model": "app.play",
    "pk": 45,
    "fields": {
      "created": "2025-07-22T21:50:20.494Z",
      "modified": "2025-07-22T21:50:20.494Z",
      "hand": 1,
      "serialized": "♦T"
    }
  },
  {
    "model": "app.play",
    "pk": 47,
    "fields": {
      "created": "2025-07-22T21:50:20.580Z",
      "modified": "2025-07-22T21:50:20.580Z",
      "hand": 1,
      "serialized": "♥4"
    }
  },
  {
    "model": "app.play",
    "pk": 49,
    "fields": {
      "created": "2025-07-22T21:50:20.648Z",
      "modified": "2025-07-22T21:50:20.648Z",
      "hand": 1,
      "serialized": "♣T"
    }
  },
  {
    "model": "app.play",
    "pk": 51,
    "fields": {
      "created": "2025-07-22T21:50:20.735Z",
      "modified": "2025-07-22T21:50:20.735Z",
      "hand": 1,
      "serialized": "♥5"
    }
  },
  {
    "model": "app.play",
    "pk": 53,
    "fields": {
      "created": "2025-07-22T21:50:20.825Z",
      "modified": "2025-07-22T21:50:20.825Z",
      "hand": 1,
      "serialized": "♦Q"
    }
  },
  {
    "model": "app.play",
    "pk": 55,
    "fields": {
      "created": "2025-07-22T21:50:20.897Z",
      "modified": "2025-07-22T21:50:20.897Z",
      "hand": 1,
      "serialized": "♥T"
    }
  },
  {
    "model": "app.play",
    "pk": 57,
    "fields": {
      "created": "2025-07-22T21:50:20.984Z",
      "modified": "2025-07-22T21:50:20.984Z",
      "hand": 1,
      "serialized": "♦A"
    }
  },
  {
    "model": "app.play",
    "pk": 59,
    "fields": {
      "created": "2025-07-22T21:50:21.090Z",
      "modified": "2025-07-22T21:50:21.090Z",
      "hand": 1,
      "serialized": "♥6"
    }
  },
  {
    "model": "app.play",
    "pk": 61,
    "fields": {
      "created": "2025-07-22T21:50:21.171Z",
      "modified": "2025-07-22T21:50:21.171Z",
      "hand": 1,
      "serialized": "♥3"
    }
  },
  {
    "model": "app.play",
    "pk": 63,
    "fields": {
      "created": "2025-07-22T21:50:21.264Z",
      "modified": "2025-07-22T21:50:21.264Z",
      "hand": 1,
      "serialized": "♥Q"
    }
  },
  {
    "model": "app.play",
    "pk": 65,
    "fields": {
      "created": "2025-07-22T21:50:21.344Z",
      "modified": "2025-07-22T21:50:21.344Z",
      "hand": 1,
      "serialized": "♥2"
    }
  },
  {
    "model": "app.play",
    "pk": 67,
    "fields": {
      "created": "2025-07-22T21:50:21.438Z",
      "modified": "2025-07-22T21:50:21.438Z",
      "hand": 1,
      "serialized": "♠3"
    }
  },
  {
    "model": "app.play",
    "pk": 69,
    "fields": {
      "created": "2025-07-22T21:50:21.518Z",
      "modified": "2025-07-22T21:50:21.518Z",
      "hand": 1,
      "serialized": "♥7"
    }
  },
  {
    "model": "app.play",
    "pk": 71,
    "fields": {
      "created": "2025-07-22T21:50:21.614Z",
      "modified": "2025-07-22T21:50:21.614Z",
      "hand": 1,
      "serialized": "♠4"
    }
  },
  {
    "model": "app.play",
    "pk": 73,
    "fields": {
      "created": "2025-07-22T21:50:21.684Z",
      "modified": "2025-07-22T21:50:21.684Z",
      "hand": 1,
      "serialized": "♥8"
    }
  },
  {
    "model": "app.play",
    "pk": 75,
    "fields": {
      "created": "2025-07-22T21:50:21.761Z",
      "modified": "2025-07-22T21:50:21.761Z",
      "hand": 1,
      "serialized": "♠7"
    }
  },
  {
    "model": "app.play",
    "pk": 77,
    "fields": {
      "created": "2025-07-22T21:50:21.843Z",
      "modified": "2025-07-22T21:50:21.844Z",
      "hand": 1,
      "serialized": "♥J"
    }
  },
  {
    "model": "app.play",
    "pk": 79,
    "fields": {
      "created": "2025-07-22T21:50:21.922Z",
      "modified": "2025-07-22T21:50:21.922Z",
      "hand": 1,
      "serialized": "♠5"
    }
  },
  {
    "model": "app.play",
    "pk": 81,
    "fields": {
      "created": "2025-07-22T21:50:21.994Z",
      "modified": "2025-07-22T21:50:21.994Z",
      "hand": 1,
      "serialized": "♠2"
    }
  },
  {
    "model": "app.play",
    "pk": 83,
    "fields": {
      "created": "2025-07-22T21:50:22.081Z",
      "modified": "2025-07-22T21:50:22.081Z",
      "hand": 1,
      "serialized": "♠6"
    }
  },
  {
    "model": "app.play",
    "pk": 85,
    "fields": {
      "created": "2025-07-22T21:50:22.162Z",
      "modified": "2025-07-22T21:50:22.162Z",
      "hand": 1,
      "serialized": "♥9"
    }
  },
  {
    "model": "app.play",
    "pk": 87,
    "fields": {
      "created": "2025-07-22T21:50:22.231Z",
      "modified": "2025-07-22T21:50:22.231Z",
      "hand": 1,
      "serialized": "♠9"
    }
  },
  {
    "model": "app.play",
    "pk": 89,
    "fields": {
      "created": "2025-07-22T21:50:22.311Z",
      "modified": "2025-07-22T21:50:22.311Z",
      "hand": 1,
      "serialized": "♠J"
    }
  },
  {
    "model": "app.play",
    "pk": 91,
    "fields": {
      "created": "2025-07-22T21:50:22.385Z",
      "modified": "2025-07-22T21:50:22.385Z",
      "hand": 1,
      "serialized": "♠Q"
    }
  },
  {
    "model": "app.play",
    "pk": 93,
    "fields": {
      "created": "2025-07-22T21:50:22.484Z",
      "modified": "2025-07-22T21:50:22.484Z",
      "hand": 1,
      "serialized": "♠T"
    }
  },
  {
    "model": "app.play",
    "pk": 95,
    "fields": {
      "created": "2025-07-22T21:50:22.548Z",
      "modified": "2025-07-22T21:50:22.548Z",
      "hand": 1,
      "serialized": "♥K"
    }
  },
  {
    "model": "app.play",
    "pk": 97,
    "fields": {
      "created": "2025-07-22T21:50:22.627Z",
      "modified": "2025-07-22T21:50:22.627Z",
      "hand": 1,
      "serialized": "♠8"
    }
  },
  {
    "model": "app.play",
    "pk": 99,
    "fields": {
      "created": "2025-07-22T21:50:22.735Z",
      "modified": "2025-07-22T21:50:22.735Z",
      "hand": 1,
      "serialized": "♠K"
    }
  },
  {
    "model": "app.play",
    "pk": 101,
    "fields": {
      "created": "2025-07-22T21:50:22.808Z",
      "modified": "2025-07-22T21:50:22.808Z",
      "hand": 1,
      "serialized": "♥A"
    }
  },
  {
    "model": "app.play",
    "pk": 103,
    "fields": {
      "created": "2025-07-22T21:50:22.897Z",
      "modified": "2025-07-22T21:50:22.897Z",
      "hand": 1,
      "serialized": "♠A"
    }
  },
  {
    "model": "app.play",
    "pk": 105,
    "fields": {
      "created": "2025-07-22T21:50:23.283Z",
      "modified": "2025-07-22T21:50:23.283Z",
      "hand": 3,
      "serialized": "♣4"
    }
  },
  {
    "model": "app.play",
    "pk": 106,
    "fields": {
      "created": "2025-07-22T21:50:23.359Z",
      "modified": "2025-07-22T21:50:23.359Z",
      "hand": 3,
      "serialized": "♣5"
    }
  },
  {
    "model": "app.play",
    "pk": 107,
    "fields": {
      "created": "2025-07-22T21:50:23.436Z",
      "modified": "2025-07-22T21:50:23.436Z",
      "hand": 3,
      "serialized": "♣Q"
    }
  },
  {
    "model": "app.play",
    "pk": 108,
    "fields": {
      "created": "2025-07-22T21:50:23.519Z",
      "modified": "2025-07-22T21:50:23.519Z",
      "hand": 3,
      "serialized": "♣3"
    }
  },
  {
    "model": "app.play",
    "pk": 109,
    "fields": {
      "created": "2025-07-22T21:50:23.603Z",
      "modified": "2025-07-22T21:50:23.603Z",
      "hand": 3,
      "serialized": "♦2"
    }
  },
  {
    "model": "app.play",
    "pk": 110,
    "fields": {
      "created": "2025-07-22T21:50:23.694Z",
      "modified": "2025-07-22T21:50:23.694Z",
      "hand": 3,
      "serialized": "♦5"
    }
  },
  {
    "model": "app.play",
    "pk": 111,
    "fields": {
      "created": "2025-07-22T21:50:23.734Z",
      "modified": "2025-07-22T21:50:23.734Z",
      "hand": 4,
      "serialized": "♣2"
    }
  },
  {
    "model": "app.play",
    "pk": 112,
    "fields": {
      "created": "2025-07-22T21:50:23.768Z",
      "modified": "2025-07-22T21:50:23.768Z",
      "hand": 3,
      "serialized": "♦8"
    }
  },
  {
    "model": "app.play",
    "pk": 113,
    "fields": {
      "created": "2025-07-22T21:50:23.802Z",
      "modified": "2025-07-22T21:50:23.802Z",
      "hand": 4,
      "serialized": "♣Q"
    }
  },
  {
    "model": "app.play",
    "pk": 114,
    "fields": {
      "created": "2025-07-22T21:50:23.849Z",
      "modified": "2025-07-22T21:50:23.849Z",
      "hand": 3,
      "serialized": "♦9"
    }
  },
  {
    "model": "app.play",
    "pk": 115,
    "fields": {
      "created": "2025-07-22T21:50:23.902Z",
      "modified": "2025-07-22T21:50:23.902Z",
      "hand": 4,
      "serialized": "♣3"
    }
  },
  {
    "model": "app.play",
    "pk": 116,
    "fields": {
      "created": "2025-07-22T21:50:23.947Z",
      "modified": "2025-07-22T21:50:23.947Z",
      "hand": 3,
      "serialized": "♣2"
    }
  },
  {
    "model": "app.play",
    "pk": 117,
    "fields": {
      "created": "2025-07-22T21:50:23.984Z",
      "modified": "2025-07-22T21:50:23.984Z",
      "hand": 4,
      "serialized": "♣4"
    }
  },
  {
    "model": "app.play",
    "pk": 118,
    "fields": {
      "created": "2025-07-22T21:50:24.033Z",
      "modified": "2025-07-22T21:50:24.033Z",
      "hand": 3,
      "serialized": "♥6"
    }
  },
  {
    "model": "app.play",
    "pk": 119,
    "fields": {
      "created": "2025-07-22T21:50:24.080Z",
      "modified": "2025-07-22T21:50:24.080Z",
      "hand": 4,
      "serialized": "♦2"
    }
  },
  {
    "model": "app.play",
    "pk": 120,
    "fields": {
      "created": "2025-07-22T21:50:24.141Z",
      "modified": "2025-07-22T21:50:24.141Z",
      "hand": 3,
      "serialized": "♦7"
    }
  },
  {
    "model": "app.play",
    "pk": 121,
    "fields": {
      "created": "2025-07-22T21:50:24.195Z",
      "modified": "2025-07-22T21:50:24.195Z",
      "hand": 4,
      "serialized": "♦5"
    }
  },
  {
    "model": "app.play",
    "pk": 122,
    "fields": {
      "created": "2025-07-22T21:50:24.232Z",
      "modified": "2025-07-22T21:50:24.232Z",
      "hand": 3,
      "serialized": "♣6"
    }
  },
  {
    "model": "app.play",
    "pk": 123,
    "fields": {
      "created": "2025-07-22T21:50:24.269Z",
      "modified": "2025-07-22T21:50:24.269Z",
      "hand": 4,
      "serialized": "♦8"
    }
  },
  {
    "model": "app.play",
    "pk": 124,
    "fields": {
      "created": "2025-07-22T21:50:24.316Z",
      "modified": "2025-07-22T21:50:24.316Z",
      "hand": 3,
      "serialized": "♦3"
    }
  },
  {
    "model": "app.play",
    "pk": 125,
    "fields": {
      "created": "2025-07-22T21:50:24.361Z",
      "modified": "2025-07-22T21:50:24.361Z",
      "hand": 4,
      "serialized": "♦9"
    }
  },
  {
    "model": "app.play",
    "pk": 126,
    "fields": {
      "created": "2025-07-22T21:50:24.413Z",
      "modified": "2025-07-22T21:50:24.413Z",
      "hand": 3,
      "serialized": "♦K"
    }
  },
  {
    "model": "app.play",
    "pk": 127,
    "fields": {
      "created": "2025-07-22T21:50:24.460Z",
      "modified": "2025-07-22T21:50:24.460Z",
      "hand": 4,
      "serialized": "♣5"
    }
  },
  {
    "model": "app.play",
    "pk": 128,
    "fields": {
      "created": "2025-07-22T21:50:24.498Z",
      "modified": "2025-07-22T21:50:24.498Z",
      "hand": 3,
      "serialized": "♦J"
    }
  },
  {
    "model": "app.play",
    "pk": 129,
    "fields": {
      "created": "2025-07-22T21:50:24.542Z",
      "modified": "2025-07-22T21:50:24.542Z",
      "hand": 4,
      "serialized": "♦3"
    }
  },
  {
    "model": "app.play",
    "pk": 130,
    "fields": {
      "created": "2025-07-22T21:50:24.603Z",
      "modified": "2025-07-22T21:50:24.603Z",
      "hand": 3,
      "serialized": "♦T"
    }
  },
  {
    "model": "app.play",
    "pk": 131,
    "fields": {
      "created": "2025-07-22T21:50:24.666Z",
      "modified": "2025-07-22T21:50:24.666Z",
      "hand": 4,
      "serialized": "♦7"
    }
  },
  {
    "model": "app.play",
    "pk": 132,
    "fields": {
      "created": "2025-07-22T21:50:24.721Z",
      "modified": "2025-07-22T21:50:24.721Z",
      "hand": 3,
      "serialized": "♥3"
    }
  },
  {
    "model": "app.play",
    "pk": 133,
    "fields": {
      "created": "2025-07-22T21:50:24.758Z",
      "modified": "2025-07-22T21:50:24.758Z",
      "hand": 4,
      "serialized": "♣6"
    }
  },
  {
    "model": "app.play",
    "pk": 134,
    "fields": {
      "created": "2025-07-22T21:50:24.791Z",
      "modified": "2025-07-22T21:50:24.791Z",
      "hand": 3,
      "serialized": "♥7"
    }
  },
  {
    "model": "app.play",
    "pk": 135,
    "fields": {
      "created": "2025-07-22T21:50:24.825Z",
      "modified": "2025-07-22T21:50:24.825Z",
      "hand": 4,
      "serialized": "♣7"
    }
  },
  {
    "model": "app.play",
    "pk": 136,
    "fields": {
      "created": "2025-07-22T21:50:24.872Z",
      "modified": "2025-07-22T21:50:24.872Z",
      "hand": 3,
      "serialized": "♥5"
    }
  },
  {
    "model": "app.play",
    "pk": 137,
    "fields": {
      "created": "2025-07-22T21:50:24.915Z",
      "modified": "2025-07-22T21:50:24.915Z",
      "hand": 4,
      "serialized": "♣9"
    }
  },
  {
    "model": "app.play",
    "pk": 138,
    "fields": {
      "created": "2025-07-22T21:50:24.960Z",
      "modified": "2025-07-22T21:50:24.960Z",
      "hand": 3,
      "serialized": "♥8"
    }
  },
  {
    "model": "app.play",
    "pk": 139,
    "fields": {
      "created": "2025-07-22T21:50:24.997Z",
      "modified": "2025-07-22T21:50:24.997Z",
      "hand": 4,
      "serialized": "♦4"
    }
  },
  {
    "model": "app.play",
    "pk": 140,
    "fields": {
      "created": "2025-07-22T21:50:25.041Z",
      "modified": "2025-07-22T21:50:25.041Z",
      "hand": 3,
      "serialized": "♦4"
    }
  },
  {
    "model": "app.play",
    "pk": 141,
    "fields": {
      "created": "2025-07-22T21:50:25.093Z",
      "modified": "2025-07-22T21:50:25.093Z",
      "hand": 4,
      "serialized": "♦K"
    }
  },
  {
    "model": "app.play",
    "pk": 142,
    "fields": {
      "created": "2025-07-22T21:50:25.145Z",
      "modified": "2025-07-22T21:50:25.145Z",
      "hand": 3,
      "serialized": "♥4"
    }
  },
  {
    "model": "app.play",
    "pk": 143,
    "fields": {
      "created": "2025-07-22T21:50:25.198Z",
      "modified": "2025-07-22T21:50:25.198Z",
      "hand": 4,
      "serialized": "♣T"
    }
  },
  {
    "model": "app.play",
    "pk": 144,
    "fields": {
      "created": "2025-07-22T21:50:25.241Z",
      "modified": "2025-07-22T21:50:25.241Z",
      "hand": 3,
      "serialized": "♦Q"
    }
  },
  {
    "model": "app.play",
    "pk": 145,
    "fields": {
      "created": "2025-07-22T21:50:25.286Z",
      "modified": "2025-07-22T21:50:25.286Z",
      "hand": 4,
      "serialized": "♦6"
    }
  },
  {
    "model": "app.play",
    "pk": 146,
    "fields": {
      "created": "2025-07-22T21:50:25.345Z",
      "modified": "2025-07-22T21:50:25.345Z",
      "hand": 3,
      "serialized": "♣9"
    }
  },
  {
    "model": "app.play",
    "pk": 147,
    "fields": {
      "created": "2025-07-22T21:50:25.402Z",
      "modified": "2025-07-22T21:50:25.402Z",
      "hand": 4,
      "serialized": "♥3"
    }
  },
  {
    "model": "app.play",
    "pk": 148,
    "fields": {
      "created": "2025-07-22T21:50:25.455Z",
      "modified": "2025-07-22T21:50:25.455Z",
      "hand": 3,
      "serialized": "♥T"
    }
  },
  {
    "model": "app.play",
    "pk": 149,
    "fields": {
      "created": "2025-07-22T21:50:25.493Z",
      "modified": "2025-07-22T21:50:25.493Z",
      "hand": 4,
      "serialized": "♣8"
    }
  },
  {
    "model": "app.play",
    "pk": 150,
    "fields": {
      "created": "2025-07-22T21:50:25.527Z",
      "modified": "2025-07-22T21:50:25.527Z",
      "hand": 3,
      "serialized": "♥Q"
    }
  },
  {
    "model": "app.play",
    "pk": 151,
    "fields": {
      "created": "2025-07-22T21:50:25.574Z",
      "modified": "2025-07-22T21:50:25.574Z",
      "hand": 4,
      "serialized": "♣J"
    }
  },
  {
    "model": "app.play",
    "pk": 152,
    "fields": {
      "created": "2025-07-22T21:50:25.631Z",
      "modified": "2025-07-22T21:50:25.631Z",
      "hand": 3,
      "serialized": "♥9"
    }
  },
  {
    "model": "app.play",
    "pk": 153,
    "fields": {
      "created": "2025-07-22T21:50:25.672Z",
      "modified": "2025-07-22T21:50:25.672Z",
      "hand": 4,
      "serialized": "♥6"
    }
  },
  {
    "model": "app.play",
    "pk": 154,
    "fields": {
      "created": "2025-07-22T21:50:25.718Z",
      "modified": "2025-07-22T21:50:25.718Z",
      "hand": 3,
      "serialized": "♦6"
    }
  },
  {
    "model": "app.play",
    "pk": 155,
    "fields": {
      "created": "2025-07-22T21:50:25.765Z",
      "modified": "2025-07-22T21:50:25.765Z",
      "hand": 4,
      "serialized": "♥4"
    }
  },
  {
    "model": "app.play",
    "pk": 156,
    "fields": {
      "created": "2025-07-22T21:50:25.804Z",
      "modified": "2025-07-22T21:50:25.804Z",
      "hand": 3,
      "serialized": "♣7"
    }
  },
  {
    "model": "app.play",
    "pk": 157,
    "fields": {
      "created": "2025-07-22T21:50:25.847Z",
      "modified": "2025-07-22T21:50:25.847Z",
      "hand": 4,
      "serialized": "♣A"
    }
  },
  {
    "model": "app.play",
    "pk": 158,
    "fields": {
      "created": "2025-07-22T21:50:25.896Z",
      "modified": "2025-07-22T21:50:25.896Z",
      "hand": 3,
      "serialized": "♣T"
    }
  },
  {
    "model": "app.play",
    "pk": 159,
    "fields": {
      "created": "2025-07-22T21:50:25.935Z",
      "modified": "2025-07-22T21:50:25.935Z",
      "hand": 4,
      "serialized": "♦J"
    }
  },
  {
    "model": "app.play",
    "pk": 160,
    "fields": {
      "created": "2025-07-22T21:50:25.978Z",
      "modified": "2025-07-22T21:50:25.978Z",
      "hand": 3,
      "serialized": "♠2"
    }
  },
  {
    "model": "app.play",
    "pk": 161,
    "fields": {
      "created": "2025-07-22T21:50:26.026Z",
      "modified": "2025-07-22T21:50:26.026Z",
      "hand": 4,
      "serialized": "♦T"
    }
  },
  {
    "model": "app.play",
    "pk": 162,
    "fields": {
      "created": "2025-07-22T21:50:26.088Z",
      "modified": "2025-07-22T21:50:26.088Z",
      "hand": 3,
      "serialized": "♥J"
    }
  },
  {
    "model": "app.play",
    "pk": 163,
    "fields": {
      "created": "2025-07-22T21:50:26.135Z",
      "modified": "2025-07-22T21:50:26.135Z",
      "hand": 4,
      "serialized": "♥8"
    }
  },
  {
    "model": "app.play",
    "pk": 164,
    "fields": {
      "created": "2025-07-22T21:50:26.196Z",
      "modified": "2025-07-22T21:50:26.196Z",
      "hand": 3,
      "serialized": "♥K"
    }
  },
  {
    "model": "app.play",
    "pk": 165,
    "fields": {
      "created": "2025-07-22T21:50:26.252Z",
      "modified": "2025-07-22T21:50:26.252Z",
      "hand": 4,
      "serialized": "♥T"
    }
  },
  {
    "model": "app.play",
    "pk": 166,
    "fields": {
      "created": "2025-07-22T21:50:26.287Z",
      "modified": "2025-07-22T21:50:26.287Z",
      "hand": 3,
      "serialized": "♥2"
    }
  },
  {
    "model": "app.play",
    "pk": 167,
    "fields": {
      "created": "2025-07-22T21:50:26.330Z",
      "modified": "2025-07-22T21:50:26.330Z",
      "hand": 4,
      "serialized": "♦Q"
    }
  },
  {
    "model": "app.play",
    "pk": 168,
    "fields": {
      "created": "2025-07-22T21:50:26.385Z",
      "modified": "2025-07-22T21:50:26.385Z",
      "hand": 3,
      "serialized": "♣J"
    }
  },
  {
    "model": "app.play",
    "pk": 169,
    "fields": {
      "created": "2025-07-22T21:50:26.442Z",
      "modified": "2025-07-22T21:50:26.442Z",
      "hand": 4,
      "serialized": "♣K"
    }
  },
  {
    "model": "app.play",
    "pk": 170,
    "fields": {
      "created": "2025-07-22T21:50:26.494Z",
      "modified": "2025-07-22T21:50:26.494Z",
      "hand": 3,
      "serialized": "♠4"
    }
  },
  {
    "model": "app.play",
    "pk": 171,
    "fields": {
      "created": "2025-07-22T21:50:26.540Z",
      "modified": "2025-07-22T21:50:26.540Z",
      "hand": 4,
      "serialized": "♠2"
    }
  },
  {
    "model": "app.play",
    "pk": 172,
    "fields": {
      "created": "2025-07-22T21:50:26.602Z",
      "modified": "2025-07-22T21:50:26.602Z",
      "hand": 3,
      "serialized": "♥A"
    }
  },
  {
    "model": "app.play",
    "pk": 173,
    "fields": {
      "created": "2025-07-22T21:50:26.659Z",
      "modified": "2025-07-22T21:50:26.659Z",
      "hand": 4,
      "serialized": "♥J"
    }
  },
  {
    "model": "app.play",
    "pk": 174,
    "fields": {
      "created": "2025-07-22T21:50:26.702Z",
      "modified": "2025-07-22T21:50:26.702Z",
      "hand": 3,
      "serialized": "♣8"
    }
  },
  {
    "model": "app.play",
    "pk": 175,
    "fields": {
      "created": "2025-07-22T21:50:26.748Z",
      "modified": "2025-07-22T21:50:26.748Z",
      "hand": 4,
      "serialized": "♦A"
    }
  },
  {
    "model": "app.play",
    "pk": 176,
    "fields": {
      "created": "2025-07-22T21:50:26.806Z",
      "modified": "2025-07-22T21:50:26.806Z",
      "hand": 3,
      "serialized": "♣K"
    }
  },
  {
    "model": "app.play",
    "pk": 177,
    "fields": {
      "created": "2025-07-22T21:50:26.854Z",
      "modified": "2025-07-22T21:50:26.854Z",
      "hand": 4,
      "serialized": "♥5"
    }
  },
  {
    "model": "app.play",
    "pk": 178,
    "fields": {
      "created": "2025-07-22T21:50:26.904Z",
      "modified": "2025-07-22T21:50:26.904Z",
      "hand": 3,
      "serialized": "♠6"
    }
  },
  {
    "model": "app.play",
    "pk": 179,
    "fields": {
      "created": "2025-07-22T21:50:26.948Z",
      "modified": "2025-07-22T21:50:26.948Z",
      "hand": 4,
      "serialized": "♠4"
    }
  },
  {
    "model": "app.play",
    "pk": 180,
    "fields": {
      "created": "2025-07-22T21:50:27.008Z",
      "modified": "2025-07-22T21:50:27.008Z",
      "hand": 3,
      "serialized": "♠3"
    }
  },
  {
    "model": "app.play",
    "pk": 181,
    "fields": {
      "created": "2025-07-22T21:50:27.064Z",
      "modified": "2025-07-22T21:50:27.064Z",
      "hand": 4,
      "serialized": "♥K"
    }
  },
  {
    "model": "app.play",
    "pk": 182,
    "fields": {
      "created": "2025-07-22T21:50:27.111Z",
      "modified": "2025-07-22T21:50:27.111Z",
      "hand": 3,
      "serialized": "♠7"
    }
  },
  {
    "model": "app.play",
    "pk": 183,
    "fields": {
      "created": "2025-07-22T21:50:27.159Z",
      "modified": "2025-07-22T21:50:27.159Z",
      "hand": 4,
      "serialized": "♥2"
    }
  },
  {
    "model": "app.play",
    "pk": 184,
    "fields": {
      "created": "2025-07-22T21:50:27.213Z",
      "modified": "2025-07-22T21:50:27.213Z",
      "hand": 3,
      "serialized": "♠8"
    }
  },
  {
    "model": "app.play",
    "pk": 185,
    "fields": {
      "created": "2025-07-22T21:50:27.266Z",
      "modified": "2025-07-22T21:50:27.266Z",
      "hand": 4,
      "serialized": "♥9"
    }
  },
  {
    "model": "app.play",
    "pk": 186,
    "fields": {
      "created": "2025-07-22T21:50:27.318Z",
      "modified": "2025-07-22T21:50:27.318Z",
      "hand": 3,
      "serialized": "♠Q"
    }
  },
  {
    "model": "app.play",
    "pk": 187,
    "fields": {
      "created": "2025-07-22T21:50:27.362Z",
      "modified": "2025-07-22T21:50:27.362Z",
      "hand": 4,
      "serialized": "♠6"
    }
  },
  {
    "model": "app.play",
    "pk": 188,
    "fields": {
      "created": "2025-07-22T21:50:27.417Z",
      "modified": "2025-07-22T21:50:27.417Z",
      "hand": 3,
      "serialized": "♠K"
    }
  },
  {
    "model": "app.play",
    "pk": 189,
    "fields": {
      "created": "2025-07-22T21:50:27.478Z",
      "modified": "2025-07-22T21:50:27.478Z",
      "hand": 4,
      "serialized": "♥A"
    }
  },
  {
    "model": "app.play",
    "pk": 190,
    "fields": {
      "created": "2025-07-22T21:50:27.540Z",
      "modified": "2025-07-22T21:50:27.540Z",
      "hand": 3,
      "serialized": "♠5"
    }
  },
  {
    "model": "app.play",
    "pk": 191,
    "fields": {
      "created": "2025-07-22T21:50:27.598Z",
      "modified": "2025-07-22T21:50:27.598Z",
      "hand": 4,
      "serialized": "♠3"
    }
  },
  {
    "model": "app.play",
    "pk": 192,
    "fields": {
      "created": "2025-07-22T21:50:27.639Z",
      "modified": "2025-07-22T21:50:27.639Z",
      "hand": 3,
      "serialized": "♣A"
    }
  },
  {
    "model": "app.play",
    "pk": 193,
    "fields": {
      "created": "2025-07-22T21:50:27.683Z",
      "modified": "2025-07-22T21:50:27.683Z",
      "hand": 4,
      "serialized": "♠7"
    }
  },
  {
    "model": "app.play",
    "pk": 194,
    "fields": {
      "created": "2025-07-22T21:50:27.739Z",
      "modified": "2025-07-22T21:50:27.739Z",
      "hand": 3,
      "serialized": "♠9"
    }
  },
  {
    "model": "app.play",
    "pk": 195,
    "fields": {
      "created": "2025-07-22T21:50:27.784Z",
      "modified": "2025-07-22T21:50:27.784Z",
      "hand": 4,
      "serialized": "♠8"
    }
  },
  {
    "model": "app.play",
    "pk": 196,
    "fields": {
      "created": "2025-07-22T21:50:27.831Z",
      "modified": "2025-07-22T21:50:27.831Z",
      "hand": 3,
      "serialized": "♠A"
    }
  },
  {
    "model": "app.play",
    "pk": 197,
    "fields": {
      "created": "2025-07-22T21:50:27.870Z",
      "modified": "2025-07-22T21:50:27.870Z",
      "hand": 4,
      "serialized": "♠Q"
    }
  },
  {
    "model": "app.play",
    "pk": 198,
    "fields": {
      "created": "2025-07-22T21:50:27.921Z",
      "modified": "2025-07-22T21:50:27.921Z",
      "hand": 3,
      "serialized": "♠T"
    }
  },
  {
    "model": "app.play",
    "pk": 199,
    "fields": {
      "created": "2025-07-22T21:50:27.959Z",
      "modified": "2025-07-22T21:50:27.959Z",
      "hand": 4,
      "serialized": "♠K"
    }
  },
  {
    "model": "app.play",
    "pk": 200,
    "fields": {
      "created": "2025-07-22T21:50:27.998Z",
      "modified": "2025-07-22T21:50:27.998Z",
      "hand": 3,
      "serialized": "♦A"
    }
  },
  {
    "model": "app.play",
    "pk": 201,
    "fields": {
      "created": "2025-07-22T21:50:28.052Z",
      "modified": "2025-07-22T21:50:28.052Z",
      "hand": 4,
      "serialized": "♠5"
    }
  },
  {
    "model": "app.play",
    "pk": 202,
    "fields": {
      "created": "2025-07-22T21:50:28.103Z",
      "modified": "2025-07-22T21:50:28.103Z",
      "hand": 3,
      "serialized": "♠J"
    }
  },
  {
    "model": "app.play",
    "pk": 203,
    "fields": {
      "created": "2025-07-22T21:50:28.144Z",
      "modified": "2025-07-22T21:50:28.144Z",
      "hand": 4,
      "serialized": "♥7"
    }
  },
  {
    "model": "app.play",
    "pk": 204,
    "fields": {
      "created": "2025-07-22T21:50:28.190Z",
      "modified": "2025-07-22T21:50:28.190Z",
      "hand": 4,
      "serialized": "♠9"
    }
  },
  {
    "model": "app.play",
    "pk": 205,
    "fields": {
      "created": "2025-07-22T21:50:28.232Z",
      "modified": "2025-07-22T21:50:28.232Z",
      "hand": 4,
      "serialized": "♠A"
    }
  },
  {
    "model": "app.play",
    "pk": 206,
    "fields": {
      "created": "2025-07-22T21:50:28.292Z",
      "modified": "2025-07-22T21:50:28.292Z",
      "hand": 4,
      "serialized": "♠T"
    }
  },
  {
    "model": "app.play",
    "pk": 207,
    "fields": {
      "created": "2025-07-22T21:50:28.339Z",
      "modified": "2025-07-22T21:50:28.339Z",
      "hand": 4,
      "serialized": "♥Q"
    }
  },
  {
    "model": "app.play",
    "pk": 208,
    "fields": {
      "created": "2025-07-22T21:50:28.383Z",
      "modified": "2025-07-22T21:50:28.383Z",
      "hand": 4,
      "serialized": "♠J"
    }
  },
  {
    "model": "auth.permission",
    "pk": 1,
    "fields": {
      "name": "Can add event",
      "content_type": 1,
      "codename": "add_event"
    }
  },
  {
    "model": "auth.permission",
    "pk": 2,
    "fields": {
      "name": "Can change event",
      "content_type": 1,
      "codename": "change_event"
    }
  },
  {
    "model": "auth.permission",
    "pk": 3,
    "fields": {
      "name": "Can delete event",
      "content_type": 1,
      "codename": "delete_event"
    }
  },
  {
    "model": "auth.permission",
    "pk": 4,
    "fields": {
      "name": "Can view event",
      "content_type": 1,
      "codename": "view_event"
    }
  },
  {
    "model": "auth.permission",
    "pk": 5,
    "fields": {
      "name": "Can add event counter",
      "content_type": 2,
      "codename": "add_eventcounter"
    }
  },
  {
    "model": "auth.permission",
    "pk": 6,
    "fields": {
      "name": "Can change event counter",
      "content_type": 2,
      "codename": "change_eventcounter"
    }
  },
  {
    "model": "auth.permission",
    "pk": 7,
    "fields": {
      "name": "Can delete event counter",
      "content_type": 2,
      "codename": "delete_eventcounter"
    }
  },
  {
    "model": "auth.permission",
    "pk": 8,
    "fields": {
      "name": "Can view event counter",
      "content_type": 2,
      "codename": "view_eventcounter"
    }
  },
  {
    "model": "auth.permission",
    "pk": 9,
    "fields": {
      "name": "Can add log entry",
      "content_type": 3,
      "codename": "add_logentry"
    }
  },
  {
    "model": "auth.permission",
    "pk": 10,
    "fields": {
      "name": "Can change log entry",
      "content_type": 3,
      "codename": "change_logentry"
    }
  },
  {
    "model": "auth.permission",
    "pk": 11,
    "fields": {
      "name": "Can delete log entry",
      "content_type": 3,
      "codename": "delete_logentry"
    }
  },
  {
    "model": "auth.permission",
    "pk": 12,
    "fields": {
      "name": "Can view log entry",
      "content_type": 3,
      "codename": "view_logentry"
    }
  },
  {
    "model": "auth.permission",
    "pk": 13,
    "fields": {
      "name": "Can add permission",
      "content_type": 4,
      "codename": "add_permission"
    }
  },
  {
    "model": "auth.permission",
    "pk": 14,
    "fields": {
      "name": "Can change permission",
      "content_type": 4,
      "codename": "change_permission"
    }
  },
  {
    "model": "auth.permission",
    "pk": 15,
    "fields": {
      "name": "Can delete permission",
      "content_type": 4,
      "codename": "delete_permission"
    }
  },
  {
    "model": "auth.permission",
    "pk": 16,
    "fields": {
      "name": "Can view permission",
      "content_type": 4,
      "codename": "view_permission"
    }
  },
  {
    "model": "auth.permission",
    "pk": 17,
    "fields": {
      "name": "Can add group",
      "content_type": 5,
      "codename": "add_group"
    }
  },
  {
    "model": "auth.permission",
    "pk": 18,
    "fields": {
      "name": "Can change group",
      "content_type": 5,
      "codename": "change_group"
    }
  },
  {
    "model": "auth.permission",
    "pk": 19,
    "fields": {
      "name": "Can delete group",
      "content_type": 5,
      "codename": "delete_group"
    }
  },
  {
    "model": "auth.permission",
    "pk": 20,
    "fields": {
      "name": "Can view group",
      "content_type": 5,
      "codename": "view_group"
    }
  },
  {
    "model": "auth.permission",
    "pk": 21,
    "fields": {
      "name": "Can add user",
      "content_type": 6,
      "codename": "add_user"
    }
  },
  {
    "model": "auth.permission",
    "pk": 22,
    "fields": {
      "name": "Can change user",
      "content_type": 6,
      "codename": "change_user"
    }
  },
  {
    "model": "auth.permission",
    "pk": 23,
    "fields": {
      "name": "Can delete user",
      "content_type": 6,
      "codename": "delete_user"
    }
  },
  {
    "model": "auth.permission",
    "pk": 24,
    "fields": {
      "name": "Can view user",
      "content_type": 6,
      "codename": "view_user"
    }
  },
  {
    "model": "auth.permission",
    "pk": 25,
    "fields": {
      "name": "Can add content type",
      "content_type": 7,
      "codename": "add_contenttype"
    }
  },
  {
    "model": "auth.permission",
    "pk": 26,
    "fields": {
      "name": "Can change content type",
      "content_type": 7,
      "codename": "change_contenttype"
    }
  },
  {
    "model": "auth.permission",
    "pk": 27,
    "fields": {
      "name": "Can delete content type",
      "content_type": 7,
      "codename": "delete_contenttype"
    }
  },
  {
    "model": "auth.permission",
    "pk": 28,
    "fields": {
      "name": "Can view content type",
      "content_type": 7,
      "codename": "view_contenttype"
    }
  },
  {
    "model": "auth.permission",
    "pk": 29,
    "fields": {
      "name": "Can add session",
      "content_type": 8,
      "codename": "add_session"
    }
  },
  {
    "model": "auth.permission",
    "pk": 30,
    "fields": {
      "name": "Can change session",
      "content_type": 8,
      "codename": "change_session"
    }
  },
  {
    "model": "auth.permission",
    "pk": 31,
    "fields": {
      "name": "Can delete session",
      "content_type": 8,
      "codename": "delete_session"
    }
  },
  {
    "model": "auth.permission",
    "pk": 32,
    "fields": {
      "name": "Can view session",
      "content_type": 8,
      "codename": "view_session"
    }
  },
  {
    "model": "auth.permission",
    "pk": 33,
    "fields": {
      "name": "Can add player",
      "content_type": 9,
      "codename": "add_player"
    }
  },
  {
    "model": "auth.permission",
    "pk": 34,
    "fields": {
      "name": "Can change player",
      "content_type": 9,
      "codename": "change_player"
    }
  },
  {
    "model": "auth.permission",
    "pk": 35,
    "fields": {
      "name": "Can delete player",
      "content_type": 9,
      "codename": "delete_player"
    }
  },
  {
    "model": "auth.permission",
    "pk": 36,
    "fields": {
      "name": "Can view player",
      "content_type": 9,
      "codename": "view_player"
    }
  },
  {
    "model": "auth.permission",
    "pk": 37,
    "fields": {
      "name": "Can add message",
      "content_type": 10,
      "codename": "add_message"
    }
  },
  {
    "model": "auth.permission",
    "pk": 38,
    "fields": {
      "name": "Can change message",
      "content_type": 10,
      "codename": "change_message"
    }
  },
  {
    "model": "auth.permission",
    "pk": 39,
    "fields": {
      "name": "Can delete message",
      "content_type": 10,
      "codename": "delete_message"
    }
  },
  {
    "model": "auth.permission",
    "pk": 40,
    "fields": {
      "name": "Can view message",
      "content_type": 10,
      "codename": "view_message"
    }
  },
  {
    "model": "auth.permission",
    "pk": 41,
    "fields": {
      "name": "Can add lobby",
      "content_type": 11,
      "codename": "add_lobby"
    }
  },
  {
    "model": "auth.permission",
    "pk": 42,
    "fields": {
      "name": "Can change lobby",
      "content_type": 11,
      "codename": "change_lobby"
    }
  },
  {
    "model": "auth.permission",
    "pk": 43,
    "fields": {
      "name": "Can delete lobby",
      "content_type": 11,
      "codename": "delete_lobby"
    }
  },
  {
    "model": "auth.permission",
    "pk": 44,
    "fields": {
      "name": "Can view lobby",
      "content_type": 11,
      "codename": "view_lobby"
    }
  },
  {
    "model": "auth.permission",
    "pk": 45,
    "fields": {
      "name": "Can add board",
      "content_type": 12,
      "codename": "add_board"
    }
  },
  {
    "model": "auth.permission",
    "pk": 46,
    "fields": {
      "name": "Can change board",
      "content_type": 12,
      "codename": "change_board"
    }
  },
  {
    "model": "auth.permission",
    "pk": 47,
    "fields": {
      "name": "Can delete board",
      "content_type": 12,
      "codename": "delete_board"
    }
  },
  {
    "model": "auth.permission",
    "pk": 48,
    "fields": {
      "name": "Can view board",
      "content_type": 12,
      "codename": "view_board"
    }
  },
  {
    "model": "auth.permission",
    "pk": 49,
    "fields": {
      "name": "Can add call",
      "content_type": 13,
      "codename": "add_call"
    }
  },
  {
    "model": "auth.permission",
    "pk": 50,
    "fields": {
      "name": "Can change call",
      "content_type": 13,
      "codename": "change_call"
    }
  },
  {
    "model": "auth.permission",
    "pk": 51,
    "fields": {
      "name": "Can delete call",
      "content_type": 13,
      "codename": "delete_call"
    }
  },
  {
    "model": "auth.permission",
    "pk": 52,
    "fields": {
      "name": "Can view call",
      "content_type": 13,
      "codename": "view_call"
    }
  },
  {
    "model": "auth.permission",
    "pk": 53,
    "fields": {
      "name": "Can add play",
      "content_type": 14,
      "codename": "add_play"
    }
  },
  {
    "model": "auth.permission",
    "pk": 54,
    "fields": {
      "name": "Can change play",
      "content_type": 14,
      "codename": "change_play"
    }
  },
  {
    "model": "auth.permission",
    "pk": 55,
    "fields": {
      "name": "Can delete play",
      "content_type": 14,
      "codename": "delete_play"
    }
  },
  {
    "model": "auth.permission",
    "pk": 56,
    "fields": {
      "name": "Can view play",
      "content_type": 14,
      "codename": "view_play"
    }
  },
  {
    "model": "auth.permission",
    "pk": 57,
    "fields": {
      "name": "Can add user",
      "content_type": 15,
      "codename": "add_usermitplaya"
    }
  },
  {
    "model": "auth.permission",
    "pk": 58,
    "fields": {
      "name": "Can change user",
      "content_type": 15,
      "codename": "change_usermitplaya"
    }
  },
  {
    "model": "auth.permission",
    "pk": 59,
    "fields": {
      "name": "Can delete user",
      "content_type": 15,
      "codename": "delete_usermitplaya"
    }
  },
  {
    "model": "auth.permission",
    "pk": 60,
    "fields": {
      "name": "Can view user",
      "content_type": 15,
      "codename": "view_usermitplaya"
    }
  },
  {
    "model": "auth.permission",
    "pk": 61,
    "fields": {
      "name": "Can add hand",
      "content_type": 16,
      "codename": "add_hand"
    }
  },
  {
    "model": "auth.permission",
    "pk": 62,
    "fields": {
      "name": "Can change hand",
      "content_type": 16,
      "codename": "change_hand"
    }
  },
  {
    "model": "auth.permission",
    "pk": 63,
    "fields": {
      "name": "Can delete hand",
      "content_type": 16,
      "codename": "delete_hand"
    }
  },
  {
    "model": "auth.permission",
    "pk": 64,
    "fields": {
      "name": "Can view hand",
      "content_type": 16,
      "codename": "view_hand"
    }
  },
  {
    "model": "auth.permission",
    "pk": 65,
    "fields": {
      "name": "Can add tournament",
      "content_type": 17,
      "codename": "add_tournament"
    }
  },
  {
    "model": "auth.permission",
    "pk": 66,
    "fields": {
      "name": "Can change tournament",
      "content_type": 17,
      "codename": "change_tournament"
    }
  },
  {
    "model": "auth.permission",
    "pk": 67,
    "fields": {
      "name": "Can delete tournament",
      "content_type": 17,
      "codename": "delete_tournament"
    }
  },
  {
    "model": "auth.permission",
    "pk": 68,
    "fields": {
      "name": "Can view tournament",
      "content_type": 17,
      "codename": "view_tournament"
    }
  },
  {
    "model": "auth.permission",
    "pk": 69,
    "fields": {
      "name": "Can add tournament signup",
      "content_type": 18,
      "codename": "add_tournamentsignup"
    }
  },
  {
    "model": "auth.permission",
    "pk": 70,
    "fields": {
      "name": "Can change tournament signup",
      "content_type": 18,
      "codename": "change_tournamentsignup"
    }
  },
  {
    "model": "auth.permission",
    "pk": 71,
    "fields": {
      "name": "Can delete tournament signup",
      "content_type": 18,
      "codename": "delete_tournamentsignup"
    }
  },
  {
    "model": "auth.permission",
    "pk": 72,
    "fields": {
      "name": "Can view tournament signup",
      "content_type": 18,
      "codename": "view_tournamentsignup"
    }
  },
  {
    "model": "auth.user",
    "pk": 1,
    "fields": {
      "password": "pbkdf2_sha256$1000000$1nLUWlvQtlQSLfZPT94gse$ycR12pG/+TPHQo6DTIhQgmzxINHjaBQo4uYLOnMplbQ=",
      "last_login": null,
      "is_superuser": true,
      "username": "admin",
      "first_name": "",
      "last_name": "",
      "email": "admin@admin.com",
      "is_staff": true,
      "is_active": true,
      "date_joined": "2025-07-22T21:50:17.362Z",
      "groups": [],
      "user_permissions": []
    }
  },
  {
    "model": "auth.user",
    "pk": 2,
    "fields": {
      "password": "pbkdf2_sha256$1000000$vA5gziqgD1Mn8wpgEc28tI$Q2kPr3QQOJIma9+M+MVDtBG+uiwrlNUH11zmoDrz9w4=",
      "last_login": null,
      "is_superuser": false,
      "username": "bob",
      "first_name": "",
      "last_name": "",
      "email": "",
      "is_staff": false,
      "is_active": true,
      "date_joined": "2025-07-22T21:50:17.602Z",
      "groups": [],
      "user_permissions": []
    }
  },
  {
    "model": "auth.user",
    "pk": 3,
    "fields": {
      "password": "pbkdf2_sha256$870000$2hIscex1sYiQd86rzIuNEb$C1t3fgjQJ00VLQA6H7Hg25GGjkyLc9CBfkzNTSbqYTU=",
      "last_login": null,
      "is_superuser": false,
      "username": "_omar-mcnulty",
      "first_name": "",
      "last_name": "",
      "email": "",
      "is_staff": false,
      "is_active": true,
      "date_joined": "2025-07-22T21:50:17.609Z",
      "groups": [],
      "user_permissions": []
    }
  },
  {
    "model": "auth.user",
    "pk": 4,
    "fields": {
      "password": "pbkdf2_sha256$870000$2hIscex1sYiQd86rzIuNEb$C1t3fgjQJ00VLQA6H7Hg25GGjkyLc9CBfkzNTSbqYTU=",
      "last_login": null,
      "is_superuser": false,
      "username": "_bird-landsman",
      "first_name": "",
      "last_name": "",
      "email": "",
      "is_staff": false,
      "is_active": true,
      "date_joined": "2025-07-22T21:50:17.616Z",
      "groups": [],
      "user_permissions": []
    }
  },
  {
    "model": "auth.user",
    "pk": 5,
    "fields": {
      "password": "pbkdf2_sha256$870000$2hIscex1sYiQd86rzIuNEb$C1t3fgjQJ00VLQA6H7Hg25GGjkyLc9CBfkzNTSbqYTU=",
      "last_login": null,
      "is_superuser": false,
      "username": "_gus-prez",
      "first_name": "",
      "last_name": "",
      "email": "",
      "is_staff": false,
      "is_active": true,
      "date_joined": "2025-07-22T21:50:17.622Z",
      "groups": [],
      "user_permissions": []
    }
  },
  {
    "model": "auth.user",
    "pk": 6,
    "fields": {
      "password": "pbkdf2_sha256$870000$2hIscex1sYiQd86rzIuNEb$C1t3fgjQJ00VLQA6H7Hg25GGjkyLc9CBfkzNTSbqYTU=",
      "last_login": null,
      "is_superuser": false,
      "username": "_sen. davis-nick",
      "first_name": "",
      "last_name": "",
      "email": "",
      "is_staff": false,
      "is_active": true,
      "date_joined": "2025-07-22T21:50:17.630Z",
      "groups": [],
      "user_permissions": []
    }
  },
  {
    "model": "auth.user",
    "pk": 7,
    "fields": {
      "password": "pbkdf2_sha256$870000$2hIscex1sYiQd86rzIuNEb$C1t3fgjQJ00VLQA6H7Hg25GGjkyLc9CBfkzNTSbqYTU=",
      "last_login": null,
      "is_superuser": false,
      "username": "_rhonda-slim charles",
      "first_name": "",
      "last_name": "",
      "email": "",
      "is_staff": false,
      "is_active": true,
      "date_joined": "2025-07-22T21:50:17.638Z",
      "groups": [],
      "user_permissions": []
    }
  },
  {
    "model": "auth.user",
    "pk": 8,
    "fields": {
      "password": "pbkdf2_sha256$870000$2hIscex1sYiQd86rzIuNEb$C1t3fgjQJ00VLQA6H7Hg25GGjkyLc9CBfkzNTSbqYTU=",
      "last_login": null,
      "is_superuser": false,
      "username": "_nick-stringer",
      "first_name": "",
      "last_name": "",
      "email": "",
      "is_staff": false,
      "is_active": true,
      "date_joined": "2025-07-22T21:50:17.646Z",
      "groups": [],
      "user_permissions": []
    }
  },
  {
    "model": "auth.user",
    "pk": 9,
    "fields": {
      "password": "pbkdf2_sha256$870000$2hIscex1sYiQd86rzIuNEb$C1t3fgjQJ00VLQA6H7Hg25GGjkyLc9CBfkzNTSbqYTU=",
      "last_login": null,
      "is_superuser": false,
      "username": "_kima-michael",
      "first_name": "",
      "last_name": "",
      "email": "",
      "is_staff": false,
      "is_active": true,
      "date_joined": "2025-07-22T21:50:17.653Z",
      "groups": [],
      "user_permissions": []
    }
  }
]
