[
  {
    "fields": {
      "player": 1,
      "tournament": 1
    },
    "model": "app.tournamentsignup",
    "pk": 1
  },
  {
    "fields": {
      "player": 2,
      "tournament": 1
    },
    "model": "app.tournamentsignup",
    "pk": 2
  },
  {
    "fields": {
      "player": 3,
      "tournament": 1
    },
    "model": "app.tournamentsignup",
    "pk": 3
  },
  {
    "fields": {
      "player": 4,
      "tournament": 1
    },
    "model": "app.tournamentsignup",
    "pk": 4
  },
  {
    "fields": {
      "player": 5,
      "tournament": 1
    },
    "model": "app.tournamentsignup",
    "pk": 5
  },
  {
    "fields": {
      "player": 6,
      "tournament": 1
    },
    "model": "app.tournamentsignup",
    "pk": 6
  },
  {
    "fields": {
      "player": 7,
      "tournament": 1
    },
    "model": "app.tournamentsignup",
    "pk": 7
  },
  {
    "fields": {
      "player": 8,
      "tournament": 1
    },
    "model": "app.tournamentsignup",
    "pk": 8
  },
  {
    "fields": {
      "boards_per_round_per_table": 3,
      "display_number": 1,
      "is_complete": false,
      "play_completion_deadline": "2035-05-13T02:41:08.570Z",
      "signup_deadline": "2025-05-13T01:56:08.570Z"
    },
    "model": "app.tournament",
    "pk": 1
  },
  {
    "fields": {
      "dealer": "N",
      "display_number": 1,
      "east_cards": "♣3♣6♣7♣9♣Q♥4♥T♥Q♠4♠7♠9♠J♠A",
      "ew_vulnerable": false,
      "group": "A",
      "north_cards": "♣8♣J♦3♦6♦7♦T♦Q♥3♥7♥8♥9♥K♥A",
      "ns_vulnerable": false,
      "south_cards": "♣2♣4♣5♣T♦2♦8♦9♦A♥2♥J♠2♠8♠Q",
      "tournament": 1,
      "west_cards": "♣K♣A♦4♦5♦J♦K♥5♥6♠3♠5♠6♠T♠K"
    },
    "model": "app.board",
    "pk": 1
  },
  {
    "fields": {
      "dealer": "E",
      "display_number": 2,
      "east_cards": "♣2♣5♣9♣T♣J♣K♦9♦T♥5♥9♠8♠9♠J",
      "ew_vulnerable": false,
      "group": "A",
      "north_cards": "♣4♣6♣7♣8♣A♦8♦J♦Q♦A♥2♥7♥Q♠7",
      "ns_vulnerable": true,
      "south_cards": "♣Q♦2♦3♦4♦6♥6♥8♠2♠4♠6♠Q♠K♠A",
      "tournament": 1,
      "west_cards": "♣3♦5♦7♦K♥3♥4♥T♥J♥K♥A♠3♠5♠T"
    },
    "model": "app.board",
    "pk": 2
  },
  {
    "fields": {
      "dealer": "S",
      "display_number": 3,
      "east_cards": "♣9♣Q♦3♦4♦5♦K♥7♥A♠3♠6♠7♠9♠A",
      "ew_vulnerable": true,
      "group": "A",
      "north_cards": "♣2♣4♣7♣8♦7♦8♦Q♦A♥K♠4♠T♠J♠Q",
      "ns_vulnerable": false,
      "south_cards": "♣5♣J♣K♣A♦9♦J♥4♥6♥9♥T♥J♠8♠K",
      "tournament": 1,
      "west_cards": "♣3♣6♣T♦2♦6♦T♥2♥3♥5♥8♥Q♠2♠5"
    },
    "model": "app.board",
    "pk": 3
  },
  {
    "fields": {
      "dealer": "W",
      "display_number": 4,
      "east_cards": "♣2♣K♦2♦4♦5♦6♦7♦9♦J♥7♥J♠7♠J",
      "ew_vulnerable": true,
      "group": "B",
      "north_cards": "♣6♣7♣T♣J♥3♥9♥T♥Q♥A♠2♠4♠5♠8",
      "ns_vulnerable": true,
      "south_cards": "♣3♣4♣Q♣A♦T♦K♦A♥2♥8♠3♠6♠T♠Q",
      "tournament": 1,
      "west_cards": "♣5♣8♣9♦3♦8♦Q♥4♥5♥6♥K♠9♠K♠A"
    },
    "model": "app.board",
    "pk": 4
  },
  {
    "fields": {
      "dealer": "N",
      "display_number": 5,
      "east_cards": "♣5♣8♣T♣J♦5♦6♦7♦9♥J♠3♠5♠9♠Q",
      "ew_vulnerable": false,
      "group": "B",
      "north_cards": "♣4♣7♣Q♣A♥3♥5♥7♥9♥K♥A♠7♠8♠K",
      "ns_vulnerable": true,
      "south_cards": "♣2♣3♣9♦3♦4♦Q♦K♦A♥2♥6♥8♥Q♠4",
      "tournament": 1,
      "west_cards": "♣6♣K♦2♦8♦T♦J♥4♥T♠2♠6♠T♠J♠A"
    },
    "model": "app.board",
    "pk": 5
  },
  {
    "fields": {
      "dealer": "E",
      "display_number": 6,
      "east_cards": "♣2♣3♣8♣J♦3♦8♦T♥2♠2♠6♠9♠T♠K",
      "ew_vulnerable": true,
      "group": "B",
      "north_cards": "♣6♣7♣K♦4♦5♥7♥9♥Q♥K♥A♠4♠7♠J",
      "ns_vulnerable": false,
      "south_cards": "♣4♣5♣T♣A♦2♦7♦9♦Q♦A♥3♥6♠3♠A",
      "tournament": 1,
      "west_cards": "♣9♣Q♦6♦J♦K♥4♥5♥8♥T♥J♠5♠8♠Q"
    },
    "model": "app.board",
    "pk": 6
  },
  {
    "fields": {
      "dealer": "E",
      "display_number": 7,
      "east_cards": "C2C3C4C5C6C7C8C9CTCJCQCKCA",
      "ew_vulnerable": true,
      "group": "B",
      "north_cards": "H2H3H4H5H6H7H8H9HTHJHQHKHA",
      "ns_vulnerable": false,
      "south_cards": "S2S3S4S5S6S7S8S9STSJSQSKSA",
      "tournament": 1,
      "west_cards": "D2D3D4D5D6D7D8D9DTDJDQDKDA"
    },
    "model": "app.board",
    "pk": 7
  },
  {
    "fields": {},
    "model": "app.lobby",
    "pk": 1
  },
  {
    "fields": {
      "from_player": 3,
      "message": "Partnered with _bodie",
      "recipient_content_type": 11,
      "recipient_object_id": 1,
      "timestamp": "2025-05-13T01:56:08.480Z"
    },
    "model": "app.message",
    "pk": 1
  },
  {
    "fields": {
      "from_player": 5,
      "message": "Partnered with _tony gray",
      "recipient_content_type": 11,
      "recipient_object_id": 1,
      "timestamp": "2025-05-13T01:56:08.507Z"
    },
    "model": "app.message",
    "pk": 2
  },
  {
    "fields": {
      "from_player": 7,
      "message": "Partnered with _randy",
      "recipient_content_type": 11,
      "recipient_object_id": 1,
      "timestamp": "2025-05-13T01:56:08.520Z"
    },
    "model": "app.message",
    "pk": 3
  },
  {
    "fields": {
      "allow_bot_to_play_for_me": true,
      "created": "2025-05-13T01:55:22.251Z",
      "modified": "2025-05-21T18:00:15.670Z",
      "partner": 2,
      "synthetic": false,
      "user": 2
    },
    "model": "app.player",
    "pk": 1
  },
  {
    "fields": {
      "allow_bot_to_play_for_me": true,
      "created": "2025-05-13T01:55:27.816Z",
      "modified": "2025-05-13T01:55:27.820Z",
      "partner": 1,
      "synthetic": true,
      "user": 3
    },
    "model": "app.player",
    "pk": 2
  },
  {
    "fields": {
      "allow_bot_to_play_for_me": true,
      "created": "2025-05-13T01:56:08.361Z",
      "modified": "2025-05-13T01:56:08.473Z",
      "partner": 4,
      "synthetic": true,
      "user": 4
    },
    "model": "app.player",
    "pk": 3
  },
  {
    "fields": {
      "allow_bot_to_play_for_me": true,
      "created": "2025-05-13T01:56:08.398Z",
      "modified": "2025-05-13T01:56:08.475Z",
      "partner": 3,
      "synthetic": true,
      "user": 5
    },
    "model": "app.player",
    "pk": 4
  },
  {
    "fields": {
      "allow_bot_to_play_for_me": true,
      "created": "2025-05-13T01:56:08.419Z",
      "modified": "2025-05-13T01:56:08.505Z",
      "partner": 6,
      "synthetic": true,
      "user": 6
    },
    "model": "app.player",
    "pk": 5
  },
  {
    "fields": {
      "allow_bot_to_play_for_me": true,
      "created": "2025-05-13T01:56:08.436Z",
      "modified": "2025-05-13T01:56:08.507Z",
      "partner": 5,
      "synthetic": true,
      "user": 7
    },
    "model": "app.player",
    "pk": 6
  },
  {
    "fields": {
      "allow_bot_to_play_for_me": true,
      "created": "2025-05-13T01:56:08.453Z",
      "modified": "2025-05-13T01:56:08.518Z",
      "partner": 8,
      "synthetic": true,
      "user": 8
    },
    "model": "app.player",
    "pk": 7
  },
  {
    "fields": {
      "allow_bot_to_play_for_me": true,
      "created": "2025-05-13T01:56:08.470Z",
      "modified": "2025-05-13T01:56:08.519Z",
      "partner": 7,
      "synthetic": true,
      "user": 9
    },
    "model": "app.player",
    "pk": 8
  },
  {
    "fields": {
      "East": 5,
      "North": 1,
      "South": 2,
      "West": 6,
      "abandoned_because": null,
      "board": 1,
      "created": "2025-05-13T01:56:08.653Z",
      "modified": "2025-05-13T01:56:08.653Z",
      "open_access": false,
      "table_display_number": 1
    },
    "model": "app.hand",
    "pk": 1
  },
  {
    "fields": {
      "East": 7,
      "North": 3,
      "South": 4,
      "West": 8,
      "abandoned_because": null,
      "board": 1,
      "created": "2025-05-13T01:56:08.704Z",
      "modified": "2025-05-13T01:56:08.704Z",
      "open_access": false,
      "table_display_number": 2
    },
    "model": "app.hand",
    "pk": 2
  },
  {
    "fields": {
      "East": 7,
      "North": 3,
      "South": 4,
      "West": 8,
      "abandoned_because": null,
      "board": 2,
      "created": "2025-05-21T16:15:38.529Z",
      "modified": "2025-05-21T16:15:38.529Z",
      "open_access": false,
      "table_display_number": 2
    },
    "model": "app.hand",
    "pk": 3
  },
  {
    "fields": {
      "East": 7,
      "North": 3,
      "South": 4,
      "West": 8,
      "abandoned_because": null,
      "board": 3,
      "created": "2025-05-21T16:17:12.834Z",
      "modified": "2025-05-21T16:17:12.834Z",
      "open_access": false,
      "table_display_number": 2
    },
    "model": "app.hand",
    "pk": 4
  },
  {
    "fields": {
      "East": 5,
      "North": 1,
      "South": 2,
      "West": 6,
      "abandoned_because": null,
      "board": 2,
      "created": "2025-05-21T18:00:40.155Z",
      "modified": "2025-05-21T18:00:40.155Z",
      "open_access": false,
      "table_display_number": 1
    },
    "model": "app.hand",
    "pk": 5
  },
  {
    "fields": {
      "East": 5,
      "North": 1,
      "South": 2,
      "West": 6,
      "abandoned_because": null,
      "board": 3,
      "created": "2025-05-21T18:02:11.406Z",
      "modified": "2025-05-21T18:02:11.406Z",
      "open_access": false,
      "table_display_number": 1
    },
    "model": "app.hand",
    "pk": 6
  },
  {
    "fields": {
      "East": 7,
      "North": 1,
      "South": 2,
      "West": 8,
      "abandoned_because": null,
      "board": 4,
      "created": "2025-05-21T18:03:31.524Z",
      "modified": "2025-05-21T18:03:31.524Z",
      "open_access": false,
      "table_display_number": 1
    },
    "model": "app.hand",
    "pk": 7
  },
  {
    "fields": {
      "East": 5,
      "North": 3,
      "South": 4,
      "West": 6,
      "abandoned_because": null,
      "board": 4,
      "created": "2025-05-21T18:03:31.581Z",
      "modified": "2025-05-21T18:03:31.581Z",
      "open_access": false,
      "table_display_number": 2
    },
    "model": "app.hand",
    "pk": 8
  },
  {
    "fields": {
      "East": 7,
      "North": 1,
      "South": 2,
      "West": 8,
      "abandoned_because": null,
      "board": 5,
      "created": "2025-05-21T18:05:16.597Z",
      "modified": "2025-05-21T18:05:16.597Z",
      "open_access": false,
      "table_display_number": 1
    },
    "model": "app.hand",
    "pk": 9
  },
  {
    "fields": {
      "East": 5,
      "North": 3,
      "South": 4,
      "West": 6,
      "abandoned_because": null,
      "board": 5,
      "created": "2025-05-21T18:05:32.114Z",
      "modified": "2025-05-21T18:05:32.114Z",
      "open_access": false,
      "table_display_number": 2
    },
    "model": "app.hand",
    "pk": 10
  },
  {
    "fields": {
      "East": 7,
      "North": 1,
      "South": 2,
      "West": 8,
      "abandoned_because": null,
      "board": 6,
      "created": "2025-05-21T18:07:06.553Z",
      "modified": "2025-05-21T18:07:06.553Z",
      "open_access": false,
      "table_display_number": 1
    },
    "model": "app.hand",
    "pk": 11
  },
  {
    "fields": {
      "East": 7,
      "North": 1,
      "South": 2,
      "West": 8,
      "abandoned_because": "the test wanted us to abandon this hand",
      "board": 7,
      "created": "2025-05-21T18:07:06.553Z",
      "modified": "2025-05-21T18:07:06.553Z",
      "open_access": false,
      "table_display_number": 10
    },
    "model": "app.hand",
    "pk": 12
  },
  {
    "fields": {
      "created": "2025-05-19T20:05:12.838Z",
      "hand": 1,
      "modified": "2025-05-19T20:05:12.838Z",
      "serialized": "1♥"
    },
    "model": "app.call",
    "pk": 1
  },
  {
    "fields": {
      "created": "2025-05-19T20:05:15.382Z",
      "hand": 1,
      "modified": "2025-05-19T20:05:15.382Z",
      "serialized": "Pass"
    },
    "model": "app.call",
    "pk": 2
  },
  {
    "fields": {
      "created": "2025-05-19T20:05:17.852Z",
      "hand": 1,
      "modified": "2025-05-19T20:05:17.852Z",
      "serialized": "Pass"
    },
    "model": "app.call",
    "pk": 3
  },
  {
    "fields": {
      "created": "2025-05-19T20:05:20.160Z",
      "hand": 1,
      "modified": "2025-05-19T20:05:20.160Z",
      "serialized": "Pass"
    },
    "model": "app.call",
    "pk": 4
  },
  {
    "fields": {
      "created": "2025-05-21T16:14:10.513Z",
      "hand": 2,
      "modified": "2025-05-21T16:14:10.513Z",
      "serialized": "Pass"
    },
    "model": "app.call",
    "pk": 5
  },
  {
    "fields": {
      "created": "2025-05-21T16:14:11.743Z",
      "hand": 2,
      "modified": "2025-05-21T16:14:11.743Z",
      "serialized": "1♦"
    },
    "model": "app.call",
    "pk": 6
  },
  {
    "fields": {
      "created": "2025-05-21T16:14:13.110Z",
      "hand": 2,
      "modified": "2025-05-21T16:14:13.110Z",
      "serialized": "Pass"
    },
    "model": "app.call",
    "pk": 7
  },
  {
    "fields": {
      "created": "2025-05-21T16:14:14.556Z",
      "hand": 2,
      "modified": "2025-05-21T16:14:14.556Z",
      "serialized": "1♠"
    },
    "model": "app.call",
    "pk": 8
  },
  {
    "fields": {
      "created": "2025-05-21T16:14:15.966Z",
      "hand": 2,
      "modified": "2025-05-21T16:14:15.966Z",
      "serialized": "2♣"
    },
    "model": "app.call",
    "pk": 9
  },
  {
    "fields": {
      "created": "2025-05-21T16:14:17.368Z",
      "hand": 2,
      "modified": "2025-05-21T16:14:17.368Z",
      "serialized": "Pass"
    },
    "model": "app.call",
    "pk": 10
  },
  {
    "fields": {
      "created": "2025-05-21T16:14:18.803Z",
      "hand": 2,
      "modified": "2025-05-21T16:14:18.803Z",
      "serialized": "Pass"
    },
    "model": "app.call",
    "pk": 11
  },
  {
    "fields": {
      "created": "2025-05-21T16:14:20.948Z",
      "hand": 2,
      "modified": "2025-05-21T16:14:20.948Z",
      "serialized": "2♦"
    },
    "model": "app.call",
    "pk": 12
  },
  {
    "fields": {
      "created": "2025-05-21T16:14:22.280Z",
      "hand": 2,
      "modified": "2025-05-21T16:14:22.280Z",
      "serialized": "Pass"
    },
    "model": "app.call",
    "pk": 13
  },
  {
    "fields": {
      "created": "2025-05-21T16:14:23.685Z",
      "hand": 2,
      "modified": "2025-05-21T16:14:23.685Z",
      "serialized": "Pass"
    },
    "model": "app.call",
    "pk": 14
  },
  {
    "fields": {
      "created": "2025-05-21T16:14:25.025Z",
      "hand": 2,
      "modified": "2025-05-21T16:14:25.025Z",
      "serialized": "Pass"
    },
    "model": "app.call",
    "pk": 15
  },
  {
    "fields": {
      "created": "2025-05-21T16:15:39.165Z",
      "hand": 3,
      "modified": "2025-05-21T16:15:39.165Z",
      "serialized": "1♠"
    },
    "model": "app.call",
    "pk": 16
  },
  {
    "fields": {
      "created": "2025-05-21T16:15:48.224Z",
      "hand": 3,
      "modified": "2025-05-21T16:15:48.224Z",
      "serialized": "Pass"
    },
    "model": "app.call",
    "pk": 17
  },
  {
    "fields": {
      "created": "2025-05-21T16:15:49.536Z",
      "hand": 3,
      "modified": "2025-05-21T16:15:49.536Z",
      "serialized": "Pass"
    },
    "model": "app.call",
    "pk": 18
  },
  {
    "fields": {
      "created": "2025-05-21T16:15:50.913Z",
      "hand": 3,
      "modified": "2025-05-21T16:15:50.913Z",
      "serialized": "Pass"
    },
    "model": "app.call",
    "pk": 19
  },
  {
    "fields": {
      "created": "2025-05-21T16:17:13.461Z",
      "hand": 4,
      "modified": "2025-05-21T16:17:13.461Z",
      "serialized": "Pass"
    },
    "model": "app.call",
    "pk": 20
  },
  {
    "fields": {
      "created": "2025-05-21T16:17:14.734Z",
      "hand": 4,
      "modified": "2025-05-21T16:17:14.734Z",
      "serialized": "1♦"
    },
    "model": "app.call",
    "pk": 21
  },
  {
    "fields": {
      "created": "2025-05-21T16:17:16.120Z",
      "hand": 4,
      "modified": "2025-05-21T16:17:16.120Z",
      "serialized": "1♠"
    },
    "model": "app.call",
    "pk": 22
  },
  {
    "fields": {
      "created": "2025-05-21T16:17:17.460Z",
      "hand": 4,
      "modified": "2025-05-21T16:17:17.460Z",
      "serialized": "Pass"
    },
    "model": "app.call",
    "pk": 23
  },
  {
    "fields": {
      "created": "2025-05-21T16:17:18.953Z",
      "hand": 4,
      "modified": "2025-05-21T16:17:18.953Z",
      "serialized": "Pass"
    },
    "model": "app.call",
    "pk": 24
  },
  {
    "fields": {
      "created": "2025-05-21T16:17:20.370Z",
      "hand": 4,
      "modified": "2025-05-21T16:17:20.370Z",
      "serialized": "Pass"
    },
    "model": "app.call",
    "pk": 25
  },
  {
    "fields": {
      "created": "2025-05-21T18:00:40.772Z",
      "hand": 5,
      "modified": "2025-05-21T18:00:40.772Z",
      "serialized": "Pass"
    },
    "model": "app.call",
    "pk": 26
  },
  {
    "fields": {
      "created": "2025-05-21T18:00:42.026Z",
      "hand": 5,
      "modified": "2025-05-21T18:00:42.026Z",
      "serialized": "Pass"
    },
    "model": "app.call",
    "pk": 27
  },
  {
    "fields": {
      "created": "2025-05-21T18:00:43.518Z",
      "hand": 5,
      "modified": "2025-05-21T18:00:43.518Z",
      "serialized": "1♣"
    },
    "model": "app.call",
    "pk": 28
  },
  {
    "fields": {
      "created": "2025-05-21T18:00:44.868Z",
      "hand": 5,
      "modified": "2025-05-21T18:00:44.868Z",
      "serialized": "1♦"
    },
    "model": "app.call",
    "pk": 29
  },
  {
    "fields": {
      "created": "2025-05-21T18:00:46.215Z",
      "hand": 5,
      "modified": "2025-05-21T18:00:46.215Z",
      "serialized": "2♣"
    },
    "model": "app.call",
    "pk": 30
  },
  {
    "fields": {
      "created": "2025-05-21T18:00:47.544Z",
      "hand": 5,
      "modified": "2025-05-21T18:00:47.544Z",
      "serialized": "2♥"
    },
    "model": "app.call",
    "pk": 31
  },
  {
    "fields": {
      "created": "2025-05-21T18:00:48.870Z",
      "hand": 5,
      "modified": "2025-05-21T18:00:48.870Z",
      "serialized": "Pass"
    },
    "model": "app.call",
    "pk": 32
  },
  {
    "fields": {
      "created": "2025-05-21T18:00:50.225Z",
      "hand": 5,
      "modified": "2025-05-21T18:00:50.225Z",
      "serialized": "Pass"
    },
    "model": "app.call",
    "pk": 33
  },
  {
    "fields": {
      "created": "2025-05-21T18:00:51.618Z",
      "hand": 5,
      "modified": "2025-05-21T18:00:51.618Z",
      "serialized": "3♣"
    },
    "model": "app.call",
    "pk": 34
  },
  {
    "fields": {
      "created": "2025-05-21T18:00:53.150Z",
      "hand": 5,
      "modified": "2025-05-21T18:00:53.150Z",
      "serialized": "Pass"
    },
    "model": "app.call",
    "pk": 35
  },
  {
    "fields": {
      "created": "2025-05-21T18:00:54.487Z",
      "hand": 5,
      "modified": "2025-05-21T18:00:54.487Z",
      "serialized": "Pass"
    },
    "model": "app.call",
    "pk": 36
  },
  {
    "fields": {
      "created": "2025-05-21T18:00:55.993Z",
      "hand": 5,
      "modified": "2025-05-21T18:00:55.993Z",
      "serialized": "Pass"
    },
    "model": "app.call",
    "pk": 37
  },
  {
    "fields": {
      "created": "2025-05-21T18:02:12.058Z",
      "hand": 6,
      "modified": "2025-05-21T18:02:12.058Z",
      "serialized": "1♦"
    },
    "model": "app.call",
    "pk": 38
  },
  {
    "fields": {
      "created": "2025-05-21T18:02:13.386Z",
      "hand": 6,
      "modified": "2025-05-21T18:02:13.386Z",
      "serialized": "Pass"
    },
    "model": "app.call",
    "pk": 39
  },
  {
    "fields": {
      "created": "2025-05-21T18:02:14.740Z",
      "hand": 6,
      "modified": "2025-05-21T18:02:14.740Z",
      "serialized": "Pass"
    },
    "model": "app.call",
    "pk": 40
  },
  {
    "fields": {
      "created": "2025-05-21T18:02:16.192Z",
      "hand": 6,
      "modified": "2025-05-21T18:02:16.192Z",
      "serialized": "Pass"
    },
    "model": "app.call",
    "pk": 41
  },
  {
    "fields": {
      "created": "2025-05-21T18:03:32.224Z",
      "hand": 8,
      "modified": "2025-05-21T18:03:32.224Z",
      "serialized": "Pass"
    },
    "model": "app.call",
    "pk": 42
  },
  {
    "fields": {
      "created": "2025-05-21T18:03:33.513Z",
      "hand": 8,
      "modified": "2025-05-21T18:03:33.513Z",
      "serialized": "1♦"
    },
    "model": "app.call",
    "pk": 43
  },
  {
    "fields": {
      "created": "2025-05-21T18:03:33.538Z",
      "hand": 7,
      "modified": "2025-05-21T18:03:33.538Z",
      "serialized": "1♥"
    },
    "model": "app.call",
    "pk": 44
  },
  {
    "fields": {
      "created": "2025-05-21T18:03:35.147Z",
      "hand": 8,
      "modified": "2025-05-21T18:03:35.147Z",
      "serialized": "Pass"
    },
    "model": "app.call",
    "pk": 45
  },
  {
    "fields": {
      "created": "2025-05-21T18:03:35.157Z",
      "hand": 7,
      "modified": "2025-05-21T18:03:35.157Z",
      "serialized": "1♠"
    },
    "model": "app.call",
    "pk": 46
  },
  {
    "fields": {
      "created": "2025-05-21T18:03:37.338Z",
      "hand": 7,
      "modified": "2025-05-21T18:03:37.338Z",
      "serialized": "2♦"
    },
    "model": "app.call",
    "pk": 47
  },
  {
    "fields": {
      "created": "2025-05-21T18:03:37.940Z",
      "hand": 8,
      "modified": "2025-05-21T18:03:37.940Z",
      "serialized": "1♥"
    },
    "model": "app.call",
    "pk": 48
  },
  {
    "fields": {
      "created": "2025-05-21T18:03:39.097Z",
      "hand": 7,
      "modified": "2025-05-21T18:03:39.097Z",
      "serialized": "Pass"
    },
    "model": "app.call",
    "pk": 49
  },
  {
    "fields": {
      "created": "2025-05-21T18:03:39.977Z",
      "hand": 8,
      "modified": "2025-05-21T18:03:39.977Z",
      "serialized": "Pass"
    },
    "model": "app.call",
    "pk": 50
  },
  {
    "fields": {
      "created": "2025-05-21T18:03:40.652Z",
      "hand": 7,
      "modified": "2025-05-21T18:03:40.652Z",
      "serialized": "2♥"
    },
    "model": "app.call",
    "pk": 51
  },
  {
    "fields": {
      "created": "2025-05-21T18:03:41.320Z",
      "hand": 8,
      "modified": "2025-05-21T18:03:41.320Z",
      "serialized": "2♦"
    },
    "model": "app.call",
    "pk": 52
  },
  {
    "fields": {
      "created": "2025-05-21T18:03:41.986Z",
      "hand": 7,
      "modified": "2025-05-21T18:03:41.986Z",
      "serialized": "Pass"
    },
    "model": "app.call",
    "pk": 53
  },
  {
    "fields": {
      "created": "2025-05-21T18:03:42.761Z",
      "hand": 8,
      "modified": "2025-05-21T18:03:42.761Z",
      "serialized": "2♥"
    },
    "model": "app.call",
    "pk": 54
  },
  {
    "fields": {
      "created": "2025-05-21T18:03:43.333Z",
      "hand": 7,
      "modified": "2025-05-21T18:03:43.333Z",
      "serialized": "3♠"
    },
    "model": "app.call",
    "pk": 55
  },
  {
    "fields": {
      "created": "2025-05-21T18:03:44.247Z",
      "hand": 8,
      "modified": "2025-05-21T18:03:44.247Z",
      "serialized": "Pass"
    },
    "model": "app.call",
    "pk": 56
  },
  {
    "fields": {
      "created": "2025-05-21T18:03:44.821Z",
      "hand": 7,
      "modified": "2025-05-21T18:03:44.821Z",
      "serialized": "Pass"
    },
    "model": "app.call",
    "pk": 57
  },
  {
    "fields": {
      "created": "2025-05-21T18:03:45.602Z",
      "hand": 8,
      "modified": "2025-05-21T18:03:45.602Z",
      "serialized": "2N"
    },
    "model": "app.call",
    "pk": 58
  },
  {
    "fields": {
      "created": "2025-05-21T18:03:46.191Z",
      "hand": 7,
      "modified": "2025-05-21T18:03:46.191Z",
      "serialized": "Pass"
    },
    "model": "app.call",
    "pk": 59
  },
  {
    "fields": {
      "created": "2025-05-21T18:03:46.987Z",
      "hand": 8,
      "modified": "2025-05-21T18:03:46.987Z",
      "serialized": "Pass"
    },
    "model": "app.call",
    "pk": 60
  },
  {
    "fields": {
      "created": "2025-05-21T18:03:47.589Z",
      "hand": 7,
      "modified": "2025-05-21T18:03:47.589Z",
      "serialized": "3N"
    },
    "model": "app.call",
    "pk": 61
  },
  {
    "fields": {
      "created": "2025-05-21T18:03:48.356Z",
      "hand": 8,
      "modified": "2025-05-21T18:03:48.356Z",
      "serialized": "3♦"
    },
    "model": "app.call",
    "pk": 62
  },
  {
    "fields": {
      "created": "2025-05-21T18:03:48.977Z",
      "hand": 7,
      "modified": "2025-05-21T18:03:48.977Z",
      "serialized": "4♦"
    },
    "model": "app.call",
    "pk": 63
  },
  {
    "fields": {
      "created": "2025-05-21T18:03:49.820Z",
      "hand": 8,
      "modified": "2025-05-21T18:03:49.820Z",
      "serialized": "Pass"
    },
    "model": "app.call",
    "pk": 64
  },
  {
    "fields": {
      "created": "2025-05-21T18:03:50.415Z",
      "hand": 7,
      "modified": "2025-05-21T18:03:50.415Z",
      "serialized": "4♠"
    },
    "model": "app.call",
    "pk": 65
  },
  {
    "fields": {
      "created": "2025-05-21T18:03:51.167Z",
      "hand": 8,
      "modified": "2025-05-21T18:03:51.167Z",
      "serialized": "3N"
    },
    "model": "app.call",
    "pk": 66
  },
  {
    "fields": {
      "created": "2025-05-21T18:03:51.731Z",
      "hand": 7,
      "modified": "2025-05-21T18:03:51.731Z",
      "serialized": "Pass"
    },
    "model": "app.call",
    "pk": 67
  },
  {
    "fields": {
      "created": "2025-05-21T18:03:52.622Z",
      "hand": 8,
      "modified": "2025-05-21T18:03:52.622Z",
      "serialized": "4♣"
    },
    "model": "app.call",
    "pk": 68
  },
  {
    "fields": {
      "created": "2025-05-21T18:03:53.209Z",
      "hand": 7,
      "modified": "2025-05-21T18:03:53.209Z",
      "serialized": "Pass"
    },
    "model": "app.call",
    "pk": 69
  },
  {
    "fields": {
      "created": "2025-05-21T18:03:54.082Z",
      "hand": 8,
      "modified": "2025-05-21T18:03:54.082Z",
      "serialized": "4N"
    },
    "model": "app.call",
    "pk": 70
  },
  {
    "fields": {
      "created": "2025-05-21T18:03:54.646Z",
      "hand": 7,
      "modified": "2025-05-21T18:03:54.646Z",
      "serialized": "Pass"
    },
    "model": "app.call",
    "pk": 71
  },
  {
    "fields": {
      "created": "2025-05-21T18:03:55.835Z",
      "hand": 8,
      "modified": "2025-05-21T18:03:55.835Z",
      "serialized": "Pass"
    },
    "model": "app.call",
    "pk": 72
  },
  {
    "fields": {
      "created": "2025-05-21T18:03:57.374Z",
      "hand": 8,
      "modified": "2025-05-21T18:03:57.374Z",
      "serialized": "5♥"
    },
    "model": "app.call",
    "pk": 73
  },
  {
    "fields": {
      "created": "2025-05-21T18:03:58.855Z",
      "hand": 8,
      "modified": "2025-05-21T18:03:58.855Z",
      "serialized": "5♠"
    },
    "model": "app.call",
    "pk": 74
  },
  {
    "fields": {
      "created": "2025-05-21T18:04:00.233Z",
      "hand": 8,
      "modified": "2025-05-21T18:04:00.233Z",
      "serialized": "Pass"
    },
    "model": "app.call",
    "pk": 75
  },
  {
    "fields": {
      "created": "2025-05-21T18:04:02.051Z",
      "hand": 8,
      "modified": "2025-05-21T18:04:02.051Z",
      "serialized": "6♥"
    },
    "model": "app.call",
    "pk": 76
  },
  {
    "fields": {
      "created": "2025-05-21T18:04:03.439Z",
      "hand": 8,
      "modified": "2025-05-21T18:04:03.439Z",
      "serialized": "Pass"
    },
    "model": "app.call",
    "pk": 77
  },
  {
    "fields": {
      "created": "2025-05-21T18:04:04.831Z",
      "hand": 8,
      "modified": "2025-05-21T18:04:04.831Z",
      "serialized": "6♠"
    },
    "model": "app.call",
    "pk": 78
  },
  {
    "fields": {
      "created": "2025-05-21T18:04:06.218Z",
      "hand": 8,
      "modified": "2025-05-21T18:04:06.218Z",
      "serialized": "Pass"
    },
    "model": "app.call",
    "pk": 79
  },
  {
    "fields": {
      "created": "2025-05-21T18:04:07.636Z",
      "hand": 8,
      "modified": "2025-05-21T18:04:07.636Z",
      "serialized": "Pass"
    },
    "model": "app.call",
    "pk": 80
  },
  {
    "fields": {
      "created": "2025-05-21T18:04:09.233Z",
      "hand": 8,
      "modified": "2025-05-21T18:04:09.233Z",
      "serialized": "Pass"
    },
    "model": "app.call",
    "pk": 81
  },
  {
    "fields": {
      "created": "2025-05-21T18:05:17.998Z",
      "hand": 9,
      "modified": "2025-05-21T18:05:17.998Z",
      "serialized": "Pass"
    },
    "model": "app.call",
    "pk": 82
  },
  {
    "fields": {
      "created": "2025-05-21T18:05:19.813Z",
      "hand": 9,
      "modified": "2025-05-21T18:05:19.813Z",
      "serialized": "1♣"
    },
    "model": "app.call",
    "pk": 83
  },
  {
    "fields": {
      "created": "2025-05-21T18:05:21.193Z",
      "hand": 9,
      "modified": "2025-05-21T18:05:21.193Z",
      "serialized": "Pass"
    },
    "model": "app.call",
    "pk": 84
  },
  {
    "fields": {
      "created": "2025-05-21T18:05:22.877Z",
      "hand": 9,
      "modified": "2025-05-21T18:05:22.877Z",
      "serialized": "1♦"
    },
    "model": "app.call",
    "pk": 85
  },
  {
    "fields": {
      "created": "2025-05-21T18:05:24.628Z",
      "hand": 9,
      "modified": "2025-05-21T18:05:24.628Z",
      "serialized": "1♠"
    },
    "model": "app.call",
    "pk": 86
  },
  {
    "fields": {
      "created": "2025-05-21T18:05:26.301Z",
      "hand": 9,
      "modified": "2025-05-21T18:05:26.301Z",
      "serialized": "2♣"
    },
    "model": "app.call",
    "pk": 87
  },
  {
    "fields": {
      "created": "2025-05-21T18:05:28.149Z",
      "hand": 9,
      "modified": "2025-05-21T18:05:28.149Z",
      "serialized": "Pass"
    },
    "model": "app.call",
    "pk": 88
  },
  {
    "fields": {
      "created": "2025-05-21T18:05:29.900Z",
      "hand": 9,
      "modified": "2025-05-21T18:05:29.900Z",
      "serialized": "2♦"
    },
    "model": "app.call",
    "pk": 89
  },
  {
    "fields": {
      "created": "2025-05-21T18:05:31.375Z",
      "hand": 9,
      "modified": "2025-05-21T18:05:31.375Z",
      "serialized": "Pass"
    },
    "model": "app.call",
    "pk": 90
  },
  {
    "fields": {
      "created": "2025-05-21T18:05:33.271Z",
      "hand": 10,
      "modified": "2025-05-21T18:05:33.271Z",
      "serialized": "1♦"
    },
    "model": "app.call",
    "pk": 91
  },
  {
    "fields": {
      "created": "2025-05-21T18:05:33.489Z",
      "hand": 9,
      "modified": "2025-05-21T18:05:33.489Z",
      "serialized": "2♥"
    },
    "model": "app.call",
    "pk": 92
  },
  {
    "fields": {
      "created": "2025-05-21T18:05:34.924Z",
      "hand": 9,
      "modified": "2025-05-21T18:05:34.924Z",
      "serialized": "2N"
    },
    "model": "app.call",
    "pk": 93
  },
  {
    "fields": {
      "created": "2025-05-21T18:05:36.266Z",
      "hand": 9,
      "modified": "2025-05-21T18:05:36.266Z",
      "serialized": "Pass"
    },
    "model": "app.call",
    "pk": 94
  },
  {
    "fields": {
      "created": "2025-05-21T18:05:37.653Z",
      "hand": 9,
      "modified": "2025-05-21T18:05:37.653Z",
      "serialized": "3♥"
    },
    "model": "app.call",
    "pk": 95
  },
  {
    "fields": {
      "created": "2025-05-21T18:05:39.001Z",
      "hand": 9,
      "modified": "2025-05-21T18:05:39.001Z",
      "serialized": "3♠"
    },
    "model": "app.call",
    "pk": 96
  },
  {
    "fields": {
      "created": "2025-05-21T18:05:40.459Z",
      "hand": 9,
      "modified": "2025-05-21T18:05:40.459Z",
      "serialized": "3N"
    },
    "model": "app.call",
    "pk": 97
  },
  {
    "fields": {
      "created": "2025-05-21T18:05:41.797Z",
      "hand": 9,
      "modified": "2025-05-21T18:05:41.797Z",
      "serialized": "Pass"
    },
    "model": "app.call",
    "pk": 98
  },
  {
    "fields": {
      "created": "2025-05-21T18:05:43.207Z",
      "hand": 9,
      "modified": "2025-05-21T18:05:43.207Z",
      "serialized": "4♠"
    },
    "model": "app.call",
    "pk": 99
  },
  {
    "fields": {
      "created": "2025-05-21T18:05:44.544Z",
      "hand": 9,
      "modified": "2025-05-21T18:05:44.544Z",
      "serialized": "4N"
    },
    "model": "app.call",
    "pk": 100
  },
  {
    "fields": {
      "created": "2025-05-21T18:05:45.902Z",
      "hand": 9,
      "modified": "2025-05-21T18:05:45.902Z",
      "serialized": "Pass"
    },
    "model": "app.call",
    "pk": 101
  },
  {
    "fields": {
      "created": "2025-05-21T18:05:47.282Z",
      "hand": 9,
      "modified": "2025-05-21T18:05:47.282Z",
      "serialized": "5♦"
    },
    "model": "app.call",
    "pk": 102
  },
  {
    "fields": {
      "created": "2025-05-21T18:05:48.629Z",
      "hand": 9,
      "modified": "2025-05-21T18:05:48.629Z",
      "serialized": "Pass"
    },
    "model": "app.call",
    "pk": 103
  },
  {
    "fields": {
      "created": "2025-05-21T18:05:50.032Z",
      "hand": 9,
      "modified": "2025-05-21T18:05:50.032Z",
      "serialized": "Pass"
    },
    "model": "app.call",
    "pk": 104
  },
  {
    "fields": {
      "created": "2025-05-21T18:05:51.382Z",
      "hand": 9,
      "modified": "2025-05-21T18:05:51.382Z",
      "serialized": "Pass"
    },
    "model": "app.call",
    "pk": 105
  },
  {
    "fields": {
      "created": "2025-05-21T18:07:07.304Z",
      "hand": 11,
      "modified": "2025-05-21T18:07:07.304Z",
      "serialized": "2♦"
    },
    "model": "app.call",
    "pk": 106
  },
  {
    "fields": {
      "created": "2025-05-21T18:07:08.610Z",
      "hand": 11,
      "modified": "2025-05-21T18:07:08.610Z",
      "serialized": "Pass"
    },
    "model": "app.call",
    "pk": 107
  },
  {
    "fields": {
      "created": "2025-05-21T18:07:10.024Z",
      "hand": 11,
      "modified": "2025-05-21T18:07:10.024Z",
      "serialized": "2♥"
    },
    "model": "app.call",
    "pk": 108
  },
  {
    "fields": {
      "created": "2025-05-21T18:07:11.415Z",
      "hand": 11,
      "modified": "2025-05-21T18:07:11.415Z",
      "serialized": "Pass"
    },
    "model": "app.call",
    "pk": 109
  },
  {
    "fields": {
      "created": "2025-05-21T18:07:12.754Z",
      "hand": 11,
      "modified": "2025-05-21T18:07:12.754Z",
      "serialized": "Pass"
    },
    "model": "app.call",
    "pk": 110
  },
  {
    "fields": {
      "created": "2025-05-21T18:07:14.100Z",
      "hand": 11,
      "modified": "2025-05-21T18:07:14.100Z",
      "serialized": "Pass"
    },
    "model": "app.call",
    "pk": 111
  },
  {
    "fields": {
      "created": "2025-05-21T16:14:10.508Z",
      "hand": 1,
      "modified": "2025-05-21T16:14:10.508Z",
      "serialized": "♣3"
    },
    "model": "app.play",
    "pk": 1
  },
  {
    "fields": {
      "created": "2025-05-21T16:14:26.444Z",
      "hand": 2,
      "modified": "2025-05-21T16:14:26.444Z",
      "serialized": "♣2"
    },
    "model": "app.play",
    "pk": 2
  },
  {
    "fields": {
      "created": "2025-05-21T16:14:27.881Z",
      "hand": 2,
      "modified": "2025-05-21T16:14:27.881Z",
      "serialized": "♣K"
    },
    "model": "app.play",
    "pk": 3
  },
  {
    "fields": {
      "created": "2025-05-21T16:14:29.248Z",
      "hand": 2,
      "modified": "2025-05-21T16:14:29.248Z",
      "serialized": "♣8"
    },
    "model": "app.play",
    "pk": 4
  },
  {
    "fields": {
      "created": "2025-05-21T16:14:30.713Z",
      "hand": 2,
      "modified": "2025-05-21T16:14:30.713Z",
      "serialized": "♣3"
    },
    "model": "app.play",
    "pk": 5
  },
  {
    "fields": {
      "created": "2025-05-21T16:14:32.116Z",
      "hand": 2,
      "modified": "2025-05-21T16:14:32.116Z",
      "serialized": "♣A"
    },
    "model": "app.play",
    "pk": 6
  },
  {
    "fields": {
      "created": "2025-05-21T16:14:32.530Z",
      "hand": 1,
      "modified": "2025-05-21T16:14:32.530Z",
      "serialized": "♣2"
    },
    "model": "app.play",
    "pk": 7
  },
  {
    "fields": {
      "created": "2025-05-21T16:14:33.603Z",
      "hand": 2,
      "modified": "2025-05-21T16:14:33.603Z",
      "serialized": "♣J"
    },
    "model": "app.play",
    "pk": 8
  },
  {
    "fields": {
      "created": "2025-05-21T16:14:34.092Z",
      "hand": 1,
      "modified": "2025-05-21T16:14:34.092Z",
      "serialized": "♣K"
    },
    "model": "app.play",
    "pk": 9
  },
  {
    "fields": {
      "created": "2025-05-21T16:14:35.056Z",
      "hand": 2,
      "modified": "2025-05-21T16:14:35.056Z",
      "serialized": "♣6"
    },
    "model": "app.play",
    "pk": 10
  },
  {
    "fields": {
      "created": "2025-05-21T16:14:36.422Z",
      "hand": 2,
      "modified": "2025-05-21T16:14:36.422Z",
      "serialized": "♣4"
    },
    "model": "app.play",
    "pk": 11
  },
  {
    "fields": {
      "created": "2025-05-21T16:14:37.794Z",
      "hand": 2,
      "modified": "2025-05-21T16:14:37.794Z",
      "serialized": "♦4"
    },
    "model": "app.play",
    "pk": 12
  },
  {
    "fields": {
      "created": "2025-05-21T16:14:39.161Z",
      "hand": 2,
      "modified": "2025-05-21T16:14:39.161Z",
      "serialized": "♦6"
    },
    "model": "app.play",
    "pk": 13
  },
  {
    "fields": {
      "created": "2025-05-21T16:14:40.519Z",
      "hand": 2,
      "modified": "2025-05-21T16:14:40.519Z",
      "serialized": "♣7"
    },
    "model": "app.play",
    "pk": 14
  },
  {
    "fields": {
      "created": "2025-05-21T16:14:41.880Z",
      "hand": 2,
      "modified": "2025-05-21T16:14:41.880Z",
      "serialized": "♦2"
    },
    "model": "app.play",
    "pk": 15
  },
  {
    "fields": {
      "created": "2025-05-21T16:14:43.315Z",
      "hand": 2,
      "modified": "2025-05-21T16:14:43.315Z",
      "serialized": "♦3"
    },
    "model": "app.play",
    "pk": 16
  },
  {
    "fields": {
      "created": "2025-05-21T16:14:44.762Z",
      "hand": 2,
      "modified": "2025-05-21T16:14:44.762Z",
      "serialized": "♣9"
    },
    "model": "app.play",
    "pk": 17
  },
  {
    "fields": {
      "created": "2025-05-21T16:14:46.132Z",
      "hand": 2,
      "modified": "2025-05-21T16:14:46.132Z",
      "serialized": "♦8"
    },
    "model": "app.play",
    "pk": 18
  },
  {
    "fields": {
      "created": "2025-05-21T16:14:47.503Z",
      "hand": 2,
      "modified": "2025-05-21T16:14:47.503Z",
      "serialized": "♦J"
    },
    "model": "app.play",
    "pk": 19
  },
  {
    "fields": {
      "created": "2025-05-21T16:14:48.879Z",
      "hand": 2,
      "modified": "2025-05-21T16:14:48.879Z",
      "serialized": "♦5"
    },
    "model": "app.play",
    "pk": 20
  },
  {
    "fields": {
      "created": "2025-05-21T16:14:50.283Z",
      "hand": 2,
      "modified": "2025-05-21T16:14:50.283Z",
      "serialized": "♦7"
    },
    "model": "app.play",
    "pk": 21
  },
  {
    "fields": {
      "created": "2025-05-21T16:14:51.648Z",
      "hand": 2,
      "modified": "2025-05-21T16:14:51.648Z",
      "serialized": "♣Q"
    },
    "model": "app.play",
    "pk": 22
  },
  {
    "fields": {
      "created": "2025-05-21T16:14:53.019Z",
      "hand": 2,
      "modified": "2025-05-21T16:14:53.019Z",
      "serialized": "♦9"
    },
    "model": "app.play",
    "pk": 23
  },
  {
    "fields": {
      "created": "2025-05-21T16:14:54.394Z",
      "hand": 2,
      "modified": "2025-05-21T16:14:54.394Z",
      "serialized": "♣5"
    },
    "model": "app.play",
    "pk": 24
  },
  {
    "fields": {
      "created": "2025-05-21T16:14:55.878Z",
      "hand": 2,
      "modified": "2025-05-21T16:14:55.878Z",
      "serialized": "♦K"
    },
    "model": "app.play",
    "pk": 25
  },
  {
    "fields": {
      "created": "2025-05-21T16:14:57.317Z",
      "hand": 2,
      "modified": "2025-05-21T16:14:57.317Z",
      "serialized": "♦T"
    },
    "model": "app.play",
    "pk": 26
  },
  {
    "fields": {
      "created": "2025-05-21T16:14:58.754Z",
      "hand": 2,
      "modified": "2025-05-21T16:14:58.754Z",
      "serialized": "♥4"
    },
    "model": "app.play",
    "pk": 27
  },
  {
    "fields": {
      "created": "2025-05-21T16:15:00.190Z",
      "hand": 2,
      "modified": "2025-05-21T16:15:00.190Z",
      "serialized": "♥5"
    },
    "model": "app.play",
    "pk": 28
  },
  {
    "fields": {
      "created": "2025-05-21T16:15:01.661Z",
      "hand": 2,
      "modified": "2025-05-21T16:15:01.661Z",
      "serialized": "♥7"
    },
    "model": "app.play",
    "pk": 29
  },
  {
    "fields": {
      "created": "2025-05-21T16:15:03.025Z",
      "hand": 2,
      "modified": "2025-05-21T16:15:03.025Z",
      "serialized": "♥T"
    },
    "model": "app.play",
    "pk": 30
  },
  {
    "fields": {
      "created": "2025-05-21T16:15:04.392Z",
      "hand": 2,
      "modified": "2025-05-21T16:15:04.392Z",
      "serialized": "♥J"
    },
    "model": "app.play",
    "pk": 31
  },
  {
    "fields": {
      "created": "2025-05-21T16:15:05.897Z",
      "hand": 2,
      "modified": "2025-05-21T16:15:05.897Z",
      "serialized": "♣T"
    },
    "model": "app.play",
    "pk": 32
  },
  {
    "fields": {
      "created": "2025-05-21T16:15:07.294Z",
      "hand": 2,
      "modified": "2025-05-21T16:15:07.294Z",
      "serialized": "♥6"
    },
    "model": "app.play",
    "pk": 33
  },
  {
    "fields": {
      "created": "2025-05-21T16:15:08.802Z",
      "hand": 2,
      "modified": "2025-05-21T16:15:08.802Z",
      "serialized": "♦Q"
    },
    "model": "app.play",
    "pk": 34
  },
  {
    "fields": {
      "created": "2025-05-21T16:15:10.185Z",
      "hand": 2,
      "modified": "2025-05-21T16:15:10.185Z",
      "serialized": "♥Q"
    },
    "model": "app.play",
    "pk": 35
  },
  {
    "fields": {
      "created": "2025-05-21T16:15:11.553Z",
      "hand": 2,
      "modified": "2025-05-21T16:15:11.553Z",
      "serialized": "♥3"
    },
    "model": "app.play",
    "pk": 36
  },
  {
    "fields": {
      "created": "2025-05-21T16:15:12.927Z",
      "hand": 2,
      "modified": "2025-05-21T16:15:12.927Z",
      "serialized": "♠4"
    },
    "model": "app.play",
    "pk": 37
  },
  {
    "fields": {
      "created": "2025-05-21T16:15:14.283Z",
      "hand": 2,
      "modified": "2025-05-21T16:15:14.283Z",
      "serialized": "♥2"
    },
    "model": "app.play",
    "pk": 38
  },
  {
    "fields": {
      "created": "2025-05-21T16:15:15.654Z",
      "hand": 2,
      "modified": "2025-05-21T16:15:15.654Z",
      "serialized": "♠3"
    },
    "model": "app.play",
    "pk": 39
  },
  {
    "fields": {
      "created": "2025-05-21T16:15:17.019Z",
      "hand": 2,
      "modified": "2025-05-21T16:15:17.019Z",
      "serialized": "♥8"
    },
    "model": "app.play",
    "pk": 40
  },
  {
    "fields": {
      "created": "2025-05-21T16:15:18.393Z",
      "hand": 2,
      "modified": "2025-05-21T16:15:18.393Z",
      "serialized": "♠7"
    },
    "model": "app.play",
    "pk": 41
  },
  {
    "fields": {
      "created": "2025-05-21T16:15:19.830Z",
      "hand": 2,
      "modified": "2025-05-21T16:15:19.830Z",
      "serialized": "♦A"
    },
    "model": "app.play",
    "pk": 42
  },
  {
    "fields": {
      "created": "2025-05-21T16:15:21.299Z",
      "hand": 2,
      "modified": "2025-05-21T16:15:21.299Z",
      "serialized": "♠5"
    },
    "model": "app.play",
    "pk": 43
  },
  {
    "fields": {
      "created": "2025-05-21T16:15:22.692Z",
      "hand": 2,
      "modified": "2025-05-21T16:15:22.692Z",
      "serialized": "♠2"
    },
    "model": "app.play",
    "pk": 44
  },
  {
    "fields": {
      "created": "2025-05-21T16:15:24.192Z",
      "hand": 2,
      "modified": "2025-05-21T16:15:24.192Z",
      "serialized": "♠6"
    },
    "model": "app.play",
    "pk": 45
  },
  {
    "fields": {
      "created": "2025-05-21T16:15:25.551Z",
      "hand": 2,
      "modified": "2025-05-21T16:15:25.551Z",
      "serialized": "♥9"
    },
    "model": "app.play",
    "pk": 46
  },
  {
    "fields": {
      "created": "2025-05-21T16:15:26.910Z",
      "hand": 2,
      "modified": "2025-05-21T16:15:26.910Z",
      "serialized": "♠9"
    },
    "model": "app.play",
    "pk": 47
  },
  {
    "fields": {
      "created": "2025-05-21T16:15:28.387Z",
      "hand": 2,
      "modified": "2025-05-21T16:15:28.387Z",
      "serialized": "♠J"
    },
    "model": "app.play",
    "pk": 48
  },
  {
    "fields": {
      "created": "2025-05-21T16:15:29.757Z",
      "hand": 2,
      "modified": "2025-05-21T16:15:29.757Z",
      "serialized": "♠Q"
    },
    "model": "app.play",
    "pk": 49
  },
  {
    "fields": {
      "created": "2025-05-21T16:15:31.209Z",
      "hand": 2,
      "modified": "2025-05-21T16:15:31.209Z",
      "serialized": "♠T"
    },
    "model": "app.play",
    "pk": 50
  },
  {
    "fields": {
      "created": "2025-05-21T16:15:32.647Z",
      "hand": 2,
      "modified": "2025-05-21T16:15:32.647Z",
      "serialized": "♥K"
    },
    "model": "app.play",
    "pk": 51
  },
  {
    "fields": {
      "created": "2025-05-21T16:15:34.054Z",
      "hand": 2,
      "modified": "2025-05-21T16:15:34.054Z",
      "serialized": "♠8"
    },
    "model": "app.play",
    "pk": 52
  },
  {
    "fields": {
      "created": "2025-05-21T16:15:35.525Z",
      "hand": 2,
      "modified": "2025-05-21T16:15:35.525Z",
      "serialized": "♠K"
    },
    "model": "app.play",
    "pk": 53
  },
  {
    "fields": {
      "created": "2025-05-21T16:15:37.016Z",
      "hand": 2,
      "modified": "2025-05-21T16:15:37.016Z",
      "serialized": "♥A"
    },
    "model": "app.play",
    "pk": 54
  },
  {
    "fields": {
      "created": "2025-05-21T16:15:38.438Z",
      "hand": 2,
      "modified": "2025-05-21T16:15:38.438Z",
      "serialized": "♠A"
    },
    "model": "app.play",
    "pk": 55
  },
  {
    "fields": {
      "created": "2025-05-21T16:15:52.390Z",
      "hand": 3,
      "modified": "2025-05-21T16:15:52.390Z",
      "serialized": "♣Q"
    },
    "model": "app.play",
    "pk": 56
  },
  {
    "fields": {
      "created": "2025-05-21T16:15:53.800Z",
      "hand": 3,
      "modified": "2025-05-21T16:15:53.800Z",
      "serialized": "♣3"
    },
    "model": "app.play",
    "pk": 57
  },
  {
    "fields": {
      "created": "2025-05-21T16:15:54.355Z",
      "hand": 1,
      "modified": "2025-05-21T16:15:54.355Z",
      "serialized": "♣8"
    },
    "model": "app.play",
    "pk": 58
  },
  {
    "fields": {
      "created": "2025-05-21T16:15:55.190Z",
      "hand": 3,
      "modified": "2025-05-21T16:15:55.190Z",
      "serialized": "♣4"
    },
    "model": "app.play",
    "pk": 59
  },
  {
    "fields": {
      "created": "2025-05-21T16:15:55.696Z",
      "hand": 1,
      "modified": "2025-05-21T16:15:55.696Z",
      "serialized": "♣A"
    },
    "model": "app.play",
    "pk": 60
  },
  {
    "fields": {
      "created": "2025-05-21T16:15:56.582Z",
      "hand": 3,
      "modified": "2025-05-21T16:15:56.582Z",
      "serialized": "♣K"
    },
    "model": "app.play",
    "pk": 61
  },
  {
    "fields": {
      "created": "2025-05-21T16:15:58.019Z",
      "hand": 3,
      "modified": "2025-05-21T16:15:58.019Z",
      "serialized": "♣2"
    },
    "model": "app.play",
    "pk": 62
  },
  {
    "fields": {
      "created": "2025-05-21T16:15:59.509Z",
      "hand": 3,
      "modified": "2025-05-21T16:15:59.509Z",
      "serialized": "♠2"
    },
    "model": "app.play",
    "pk": 63
  },
  {
    "fields": {
      "created": "2025-05-21T16:16:01.043Z",
      "hand": 3,
      "modified": "2025-05-21T16:16:01.043Z",
      "serialized": "♦5"
    },
    "model": "app.play",
    "pk": 64
  },
  {
    "fields": {
      "created": "2025-05-21T16:16:02.480Z",
      "hand": 3,
      "modified": "2025-05-21T16:16:02.480Z",
      "serialized": "♣6"
    },
    "model": "app.play",
    "pk": 65
  },
  {
    "fields": {
      "created": "2025-05-21T16:16:03.854Z",
      "hand": 3,
      "modified": "2025-05-21T16:16:03.854Z",
      "serialized": "♦2"
    },
    "model": "app.play",
    "pk": 66
  },
  {
    "fields": {
      "created": "2025-05-21T16:16:05.276Z",
      "hand": 3,
      "modified": "2025-05-21T16:16:05.276Z",
      "serialized": "♦7"
    },
    "model": "app.play",
    "pk": 67
  },
  {
    "fields": {
      "created": "2025-05-21T16:16:10.077Z",
      "hand": 1,
      "modified": "2025-05-21T16:16:10.077Z",
      "serialized": "♣J"
    },
    "model": "app.play",
    "pk": 68
  },
  {
    "fields": {
      "created": "2025-05-21T16:16:10.306Z",
      "hand": 3,
      "modified": "2025-05-21T16:16:10.306Z",
      "serialized": "♦8"
    },
    "model": "app.play",
    "pk": 69
  },
  {
    "fields": {
      "created": "2025-05-21T16:16:12.026Z",
      "hand": 3,
      "modified": "2025-05-21T16:16:12.026Z",
      "serialized": "♦9"
    },
    "model": "app.play",
    "pk": 70
  },
  {
    "fields": {
      "created": "2025-05-21T16:16:13.451Z",
      "hand": 3,
      "modified": "2025-05-21T16:16:13.451Z",
      "serialized": "♣5"
    },
    "model": "app.play",
    "pk": 71
  },
  {
    "fields": {
      "created": "2025-05-21T16:16:14.828Z",
      "hand": 3,
      "modified": "2025-05-21T16:16:14.828Z",
      "serialized": "♠4"
    },
    "model": "app.play",
    "pk": 72
  },
  {
    "fields": {
      "created": "2025-05-21T16:16:16.217Z",
      "hand": 3,
      "modified": "2025-05-21T16:16:16.217Z",
      "serialized": "♦K"
    },
    "model": "app.play",
    "pk": 73
  },
  {
    "fields": {
      "created": "2025-05-21T16:16:17.616Z",
      "hand": 3,
      "modified": "2025-05-21T16:16:17.616Z",
      "serialized": "♣7"
    },
    "model": "app.play",
    "pk": 74
  },
  {
    "fields": {
      "created": "2025-05-21T16:16:18.976Z",
      "hand": 3,
      "modified": "2025-05-21T16:16:18.976Z",
      "serialized": "♦3"
    },
    "model": "app.play",
    "pk": 75
  },
  {
    "fields": {
      "created": "2025-05-21T16:16:20.346Z",
      "hand": 3,
      "modified": "2025-05-21T16:16:20.346Z",
      "serialized": "♠3"
    },
    "model": "app.play",
    "pk": 76
  },
  {
    "fields": {
      "created": "2025-05-21T16:16:21.721Z",
      "hand": 3,
      "modified": "2025-05-21T16:16:21.721Z",
      "serialized": "♦J"
    },
    "model": "app.play",
    "pk": 77
  },
  {
    "fields": {
      "created": "2025-05-21T16:16:23.209Z",
      "hand": 3,
      "modified": "2025-05-21T16:16:23.209Z",
      "serialized": "♦T"
    },
    "model": "app.play",
    "pk": 78
  },
  {
    "fields": {
      "created": "2025-05-21T16:16:24.582Z",
      "hand": 3,
      "modified": "2025-05-21T16:16:24.582Z",
      "serialized": "♥3"
    },
    "model": "app.play",
    "pk": 79
  },
  {
    "fields": {
      "created": "2025-05-21T16:16:26.008Z",
      "hand": 3,
      "modified": "2025-05-21T16:16:26.008Z",
      "serialized": "♥7"
    },
    "model": "app.play",
    "pk": 80
  },
  {
    "fields": {
      "created": "2025-05-21T16:16:27.365Z",
      "hand": 3,
      "modified": "2025-05-21T16:16:27.365Z",
      "serialized": "♥5"
    },
    "model": "app.play",
    "pk": 81
  },
  {
    "fields": {
      "created": "2025-05-21T16:16:28.731Z",
      "hand": 3,
      "modified": "2025-05-21T16:16:28.731Z",
      "serialized": "♥6"
    },
    "model": "app.play",
    "pk": 82
  },
  {
    "fields": {
      "created": "2025-05-21T16:16:30.106Z",
      "hand": 3,
      "modified": "2025-05-21T16:16:30.106Z",
      "serialized": "♣8"
    },
    "model": "app.play",
    "pk": 83
  },
  {
    "fields": {
      "created": "2025-05-21T16:16:31.588Z",
      "hand": 3,
      "modified": "2025-05-21T16:16:31.588Z",
      "serialized": "♣9"
    },
    "model": "app.play",
    "pk": 84
  },
  {
    "fields": {
      "created": "2025-05-21T16:16:32.959Z",
      "hand": 3,
      "modified": "2025-05-21T16:16:32.959Z",
      "serialized": "♦4"
    },
    "model": "app.play",
    "pk": 85
  },
  {
    "fields": {
      "created": "2025-05-21T16:16:34.348Z",
      "hand": 3,
      "modified": "2025-05-21T16:16:34.348Z",
      "serialized": "♠5"
    },
    "model": "app.play",
    "pk": 86
  },
  {
    "fields": {
      "created": "2025-05-21T16:16:35.723Z",
      "hand": 3,
      "modified": "2025-05-21T16:16:35.723Z",
      "serialized": "♥4"
    },
    "model": "app.play",
    "pk": 87
  },
  {
    "fields": {
      "created": "2025-05-21T16:16:37.145Z",
      "hand": 3,
      "modified": "2025-05-21T16:16:37.145Z",
      "serialized": "♥Q"
    },
    "model": "app.play",
    "pk": 88
  },
  {
    "fields": {
      "created": "2025-05-21T16:16:38.497Z",
      "hand": 3,
      "modified": "2025-05-21T16:16:38.497Z",
      "serialized": "♥9"
    },
    "model": "app.play",
    "pk": 89
  },
  {
    "fields": {
      "created": "2025-05-21T16:16:39.862Z",
      "hand": 3,
      "modified": "2025-05-21T16:16:39.862Z",
      "serialized": "♥8"
    },
    "model": "app.play",
    "pk": 90
  },
  {
    "fields": {
      "created": "2025-05-21T16:16:41.253Z",
      "hand": 3,
      "modified": "2025-05-21T16:16:41.253Z",
      "serialized": "♣A"
    },
    "model": "app.play",
    "pk": 91
  },
  {
    "fields": {
      "created": "2025-05-21T16:16:42.624Z",
      "hand": 3,
      "modified": "2025-05-21T16:16:42.624Z",
      "serialized": "♣T"
    },
    "model": "app.play",
    "pk": 92
  },
  {
    "fields": {
      "created": "2025-05-21T16:16:44.032Z",
      "hand": 3,
      "modified": "2025-05-21T16:16:44.032Z",
      "serialized": "♦6"
    },
    "model": "app.play",
    "pk": 93
  },
  {
    "fields": {
      "created": "2025-05-21T16:16:45.404Z",
      "hand": 3,
      "modified": "2025-05-21T16:16:45.404Z",
      "serialized": "♠T"
    },
    "model": "app.play",
    "pk": 94
  },
  {
    "fields": {
      "created": "2025-05-21T16:16:46.815Z",
      "hand": 3,
      "modified": "2025-05-21T16:16:46.815Z",
      "serialized": "♥T"
    },
    "model": "app.play",
    "pk": 95
  },
  {
    "fields": {
      "created": "2025-05-21T16:16:48.184Z",
      "hand": 3,
      "modified": "2025-05-21T16:16:48.184Z",
      "serialized": "♥2"
    },
    "model": "app.play",
    "pk": 96
  },
  {
    "fields": {
      "created": "2025-05-21T16:16:49.691Z",
      "hand": 3,
      "modified": "2025-05-21T16:16:49.691Z",
      "serialized": "♣J"
    },
    "model": "app.play",
    "pk": 97
  },
  {
    "fields": {
      "created": "2025-05-21T16:16:51.063Z",
      "hand": 3,
      "modified": "2025-05-21T16:16:51.063Z",
      "serialized": "♠6"
    },
    "model": "app.play",
    "pk": 98
  },
  {
    "fields": {
      "created": "2025-05-21T16:16:52.493Z",
      "hand": 3,
      "modified": "2025-05-21T16:16:52.493Z",
      "serialized": "♠Q"
    },
    "model": "app.play",
    "pk": 99
  },
  {
    "fields": {
      "created": "2025-05-21T16:16:53.936Z",
      "hand": 3,
      "modified": "2025-05-21T16:16:53.936Z",
      "serialized": "♥J"
    },
    "model": "app.play",
    "pk": 100
  },
  {
    "fields": {
      "created": "2025-05-21T16:16:55.289Z",
      "hand": 3,
      "modified": "2025-05-21T16:16:55.289Z",
      "serialized": "♠7"
    },
    "model": "app.play",
    "pk": 101
  },
  {
    "fields": {
      "created": "2025-05-21T16:16:56.708Z",
      "hand": 3,
      "modified": "2025-05-21T16:16:56.708Z",
      "serialized": "♠8"
    },
    "model": "app.play",
    "pk": 102
  },
  {
    "fields": {
      "created": "2025-05-21T16:17:00.899Z",
      "hand": 1,
      "modified": "2025-05-21T16:17:00.899Z",
      "serialized": "♣6"
    },
    "model": "app.play",
    "pk": 103
  },
  {
    "fields": {
      "created": "2025-05-21T16:17:00.900Z",
      "hand": 3,
      "modified": "2025-05-21T16:17:00.900Z",
      "serialized": "♠K"
    },
    "model": "app.play",
    "pk": 104
  },
  {
    "fields": {
      "created": "2025-05-21T16:17:02.776Z",
      "hand": 3,
      "modified": "2025-05-21T16:17:02.776Z",
      "serialized": "♥K"
    },
    "model": "app.play",
    "pk": 105
  },
  {
    "fields": {
      "created": "2025-05-21T16:17:04.139Z",
      "hand": 3,
      "modified": "2025-05-21T16:17:04.139Z",
      "serialized": "♦Q"
    },
    "model": "app.play",
    "pk": 106
  },
  {
    "fields": {
      "created": "2025-05-21T16:17:05.595Z",
      "hand": 1,
      "modified": "2025-05-21T16:17:05.595Z",
      "serialized": "♣4"
    },
    "model": "app.play",
    "pk": 107
  },
  {
    "fields": {
      "created": "2025-05-21T16:17:05.596Z",
      "hand": 3,
      "modified": "2025-05-21T16:17:05.596Z",
      "serialized": "♠9"
    },
    "model": "app.play",
    "pk": 108
  },
  {
    "fields": {
      "created": "2025-05-21T16:17:07.497Z",
      "hand": 3,
      "modified": "2025-05-21T16:17:07.497Z",
      "serialized": "♠A"
    },
    "model": "app.play",
    "pk": 109
  },
  {
    "fields": {
      "created": "2025-05-21T16:17:07.500Z",
      "hand": 1,
      "modified": "2025-05-21T16:17:07.500Z",
      "serialized": "♦4"
    },
    "model": "app.play",
    "pk": 110
  },
  {
    "fields": {
      "created": "2025-05-21T16:17:09.860Z",
      "hand": 3,
      "modified": "2025-05-21T16:17:09.860Z",
      "serialized": "♥A"
    },
    "model": "app.play",
    "pk": 111
  },
  {
    "fields": {
      "created": "2025-05-21T16:17:11.250Z",
      "hand": 3,
      "modified": "2025-05-21T16:17:11.250Z",
      "serialized": "♦A"
    },
    "model": "app.play",
    "pk": 112
  },
  {
    "fields": {
      "created": "2025-05-21T16:17:12.746Z",
      "hand": 3,
      "modified": "2025-05-21T16:17:12.746Z",
      "serialized": "♠J"
    },
    "model": "app.play",
    "pk": 113
  },
  {
    "fields": {
      "created": "2025-05-21T16:17:21.721Z",
      "hand": 4,
      "modified": "2025-05-21T16:17:21.721Z",
      "serialized": "♣9"
    },
    "model": "app.play",
    "pk": 114
  },
  {
    "fields": {
      "created": "2025-05-21T16:17:23.099Z",
      "hand": 4,
      "modified": "2025-05-21T16:17:23.100Z",
      "serialized": "♣J"
    },
    "model": "app.play",
    "pk": 115
  },
  {
    "fields": {
      "created": "2025-05-21T16:17:27.992Z",
      "hand": 4,
      "modified": "2025-05-21T16:17:27.992Z",
      "serialized": "♣3"
    },
    "model": "app.play",
    "pk": 116
  },
  {
    "fields": {
      "created": "2025-05-21T16:17:28.832Z",
      "hand": 1,
      "modified": "2025-05-21T16:17:28.832Z",
      "serialized": "♦3"
    },
    "model": "app.play",
    "pk": 117
  },
  {
    "fields": {
      "created": "2025-05-21T16:17:29.427Z",
      "hand": 4,
      "modified": "2025-05-21T16:17:29.427Z",
      "serialized": "♣2"
    },
    "model": "app.play",
    "pk": 118
  },
  {
    "fields": {
      "created": "2025-05-21T16:17:30.163Z",
      "hand": 1,
      "modified": "2025-05-21T16:17:30.163Z",
      "serialized": "♣7"
    },
    "model": "app.play",
    "pk": 119
  },
  {
    "fields": {
      "created": "2025-05-21T16:17:30.921Z",
      "hand": 4,
      "modified": "2025-05-21T16:17:30.921Z",
      "serialized": "♣5"
    },
    "model": "app.play",
    "pk": 120
  },
  {
    "fields": {
      "created": "2025-05-21T16:17:32.627Z",
      "hand": 4,
      "modified": "2025-05-21T16:17:32.627Z",
      "serialized": "♣6"
    },
    "model": "app.play",
    "pk": 121
  },
  {
    "fields": {
      "created": "2025-05-21T16:17:34.199Z",
      "hand": 4,
      "modified": "2025-05-21T16:17:34.199Z",
      "serialized": "♣4"
    },
    "model": "app.play",
    "pk": 122
  },
  {
    "fields": {
      "created": "2025-05-21T16:17:35.702Z",
      "hand": 4,
      "modified": "2025-05-21T16:17:35.702Z",
      "serialized": "♣Q"
    },
    "model": "app.play",
    "pk": 123
  },
  {
    "fields": {
      "created": "2025-05-21T16:17:35.705Z",
      "hand": 1,
      "modified": "2025-05-21T16:17:35.705Z",
      "serialized": "♦2"
    },
    "model": "app.play",
    "pk": 124
  },
  {
    "fields": {
      "created": "2025-05-21T16:17:37.557Z",
      "hand": 4,
      "modified": "2025-05-21T16:17:37.557Z",
      "serialized": "♦3"
    },
    "model": "app.play",
    "pk": 125
  },
  {
    "fields": {
      "created": "2025-05-21T16:17:37.640Z",
      "hand": 1,
      "modified": "2025-05-21T16:17:37.640Z",
      "serialized": "♦5"
    },
    "model": "app.play",
    "pk": 126
  },
  {
    "fields": {
      "created": "2025-05-21T16:17:39.503Z",
      "hand": 4,
      "modified": "2025-05-21T16:17:39.503Z",
      "serialized": "♦9"
    },
    "model": "app.play",
    "pk": 127
  },
  {
    "fields": {
      "created": "2025-05-21T16:17:40.953Z",
      "hand": 4,
      "modified": "2025-05-21T16:17:40.953Z",
      "serialized": "♦2"
    },
    "model": "app.play",
    "pk": 128
  },
  {
    "fields": {
      "created": "2025-05-21T16:17:42.397Z",
      "hand": 4,
      "modified": "2025-05-21T16:17:42.397Z",
      "serialized": "♦7"
    },
    "model": "app.play",
    "pk": 129
  },
  {
    "fields": {
      "created": "2025-05-21T16:17:43.851Z",
      "hand": 4,
      "modified": "2025-05-21T16:17:43.851Z",
      "serialized": "♣K"
    },
    "model": "app.play",
    "pk": 130
  },
  {
    "fields": {
      "created": "2025-05-21T16:17:45.259Z",
      "hand": 4,
      "modified": "2025-05-21T16:17:45.259Z",
      "serialized": "♣T"
    },
    "model": "app.play",
    "pk": 131
  },
  {
    "fields": {
      "created": "2025-05-21T16:17:46.631Z",
      "hand": 4,
      "modified": "2025-05-21T16:17:46.631Z",
      "serialized": "♣7"
    },
    "model": "app.play",
    "pk": 132
  },
  {
    "fields": {
      "created": "2025-05-21T16:17:48.169Z",
      "hand": 4,
      "modified": "2025-05-21T16:17:48.169Z",
      "serialized": "♠3"
    },
    "model": "app.play",
    "pk": 133
  },
  {
    "fields": {
      "created": "2025-05-21T16:17:49.532Z",
      "hand": 4,
      "modified": "2025-05-21T16:17:49.532Z",
      "serialized": "♦4"
    },
    "model": "app.play",
    "pk": 134
  },
  {
    "fields": {
      "created": "2025-05-21T16:17:50.902Z",
      "hand": 4,
      "modified": "2025-05-21T16:17:50.902Z",
      "serialized": "♦J"
    },
    "model": "app.play",
    "pk": 135
  },
  {
    "fields": {
      "created": "2025-05-21T16:17:52.349Z",
      "hand": 4,
      "modified": "2025-05-21T16:17:52.349Z",
      "serialized": "♦6"
    },
    "model": "app.play",
    "pk": 136
  },
  {
    "fields": {
      "created": "2025-05-21T16:17:53.836Z",
      "hand": 4,
      "modified": "2025-05-21T16:17:53.836Z",
      "serialized": "♦8"
    },
    "model": "app.play",
    "pk": 137
  },
  {
    "fields": {
      "created": "2025-05-21T16:17:55.204Z",
      "hand": 4,
      "modified": "2025-05-21T16:17:55.204Z",
      "serialized": "♣A"
    },
    "model": "app.play",
    "pk": 138
  },
  {
    "fields": {
      "created": "2025-05-21T16:17:56.689Z",
      "hand": 4,
      "modified": "2025-05-21T16:17:56.689Z",
      "serialized": "♠2"
    },
    "model": "app.play",
    "pk": 139
  },
  {
    "fields": {
      "created": "2025-05-21T16:17:58.055Z",
      "hand": 4,
      "modified": "2025-05-21T16:17:58.055Z",
      "serialized": "♣8"
    },
    "model": "app.play",
    "pk": 140
  },
  {
    "fields": {
      "created": "2025-05-21T16:18:03.589Z",
      "hand": 4,
      "modified": "2025-05-21T16:18:03.589Z",
      "serialized": "♦5"
    },
    "model": "app.play",
    "pk": 141
  },
  {
    "fields": {
      "created": "2025-05-21T16:18:05.041Z",
      "hand": 4,
      "modified": "2025-05-21T16:18:05.041Z",
      "serialized": "♦T"
    },
    "model": "app.play",
    "pk": 142
  },
  {
    "fields": {
      "created": "2025-05-21T16:18:06.435Z",
      "hand": 4,
      "modified": "2025-05-21T16:18:06.435Z",
      "serialized": "♦Q"
    },
    "model": "app.play",
    "pk": 143
  },
  {
    "fields": {
      "created": "2025-05-21T16:18:06.661Z",
      "hand": 1,
      "modified": "2025-05-21T16:18:06.661Z",
      "serialized": "♦6"
    },
    "model": "app.play",
    "pk": 144
  },
  {
    "fields": {
      "created": "2025-05-21T16:18:07.985Z",
      "hand": 4,
      "modified": "2025-05-21T16:18:07.985Z",
      "serialized": "♦K"
    },
    "model": "app.play",
    "pk": 145
  },
  {
    "fields": {
      "created": "2025-05-21T16:18:08.205Z",
      "hand": 1,
      "modified": "2025-05-21T16:18:08.205Z",
      "serialized": "♣9"
    },
    "model": "app.play",
    "pk": 146
  },
  {
    "fields": {
      "created": "2025-05-21T16:18:09.675Z",
      "hand": 4,
      "modified": "2025-05-21T16:18:09.675Z",
      "serialized": "♠8"
    },
    "model": "app.play",
    "pk": 147
  },
  {
    "fields": {
      "created": "2025-05-21T16:18:11.766Z",
      "hand": 4,
      "modified": "2025-05-21T16:18:11.766Z",
      "serialized": "♥4"
    },
    "model": "app.play",
    "pk": 148
  },
  {
    "fields": {
      "created": "2025-05-21T16:18:13.273Z",
      "hand": 4,
      "modified": "2025-05-21T16:18:13.273Z",
      "serialized": "♥5"
    },
    "model": "app.play",
    "pk": 149
  },
  {
    "fields": {
      "created": "2025-05-21T16:18:14.046Z",
      "hand": 1,
      "modified": "2025-05-21T16:18:14.046Z",
      "serialized": "♦8"
    },
    "model": "app.play",
    "pk": 150
  },
  {
    "fields": {
      "created": "2025-05-21T16:18:14.715Z",
      "hand": 4,
      "modified": "2025-05-21T16:18:14.715Z",
      "serialized": "♥K"
    },
    "model": "app.play",
    "pk": 151
  },
  {
    "fields": {
      "created": "2025-05-21T16:18:16.211Z",
      "hand": 4,
      "modified": "2025-05-21T16:18:16.211Z",
      "serialized": "♥A"
    },
    "model": "app.play",
    "pk": 152
  },
  {
    "fields": {
      "created": "2025-05-21T16:18:17.703Z",
      "hand": 4,
      "modified": "2025-05-21T16:18:17.703Z",
      "serialized": "♥7"
    },
    "model": "app.play",
    "pk": 153
  },
  {
    "fields": {
      "created": "2025-05-21T16:18:19.134Z",
      "hand": 4,
      "modified": "2025-05-21T16:18:19.134Z",
      "serialized": "♥9"
    },
    "model": "app.play",
    "pk": 154
  },
  {
    "fields": {
      "created": "2025-05-21T16:18:20.502Z",
      "hand": 4,
      "modified": "2025-05-21T16:18:20.502Z",
      "serialized": "♥2"
    },
    "model": "app.play",
    "pk": 155
  },
  {
    "fields": {
      "created": "2025-05-21T16:18:21.873Z",
      "hand": 4,
      "modified": "2025-05-21T16:18:21.873Z",
      "serialized": "♦A"
    },
    "model": "app.play",
    "pk": 156
  },
  {
    "fields": {
      "created": "2025-05-21T16:18:23.241Z",
      "hand": 4,
      "modified": "2025-05-21T16:18:23.241Z",
      "serialized": "♥6"
    },
    "model": "app.play",
    "pk": 157
  },
  {
    "fields": {
      "created": "2025-05-21T16:18:24.651Z",
      "hand": 4,
      "modified": "2025-05-21T16:18:24.651Z",
      "serialized": "♥8"
    },
    "model": "app.play",
    "pk": 158
  },
  {
    "fields": {
      "created": "2025-05-21T16:18:26.248Z",
      "hand": 4,
      "modified": "2025-05-21T16:18:26.248Z",
      "serialized": "♠4"
    },
    "model": "app.play",
    "pk": 159
  },
  {
    "fields": {
      "created": "2025-05-21T16:18:27.758Z",
      "hand": 4,
      "modified": "2025-05-21T16:18:27.758Z",
      "serialized": "♠6"
    },
    "model": "app.play",
    "pk": 160
  },
  {
    "fields": {
      "created": "2025-05-21T16:18:29.158Z",
      "hand": 4,
      "modified": "2025-05-21T16:18:29.158Z",
      "serialized": "♠7"
    },
    "model": "app.play",
    "pk": 161
  },
  {
    "fields": {
      "created": "2025-05-21T16:18:30.536Z",
      "hand": 4,
      "modified": "2025-05-21T16:18:30.536Z",
      "serialized": "♠K"
    },
    "model": "app.play",
    "pk": 162
  },
  {
    "fields": {
      "created": "2025-05-21T16:18:31.982Z",
      "hand": 4,
      "modified": "2025-05-21T16:18:31.982Z",
      "serialized": "♠5"
    },
    "model": "app.play",
    "pk": 163
  },
  {
    "fields": {
      "created": "2025-05-21T16:18:33.494Z",
      "hand": 4,
      "modified": "2025-05-21T16:18:33.494Z",
      "serialized": "♠T"
    },
    "model": "app.play",
    "pk": 164
  },
  {
    "fields": {
      "created": "2025-05-21T16:18:34.883Z",
      "hand": 4,
      "modified": "2025-05-21T16:18:34.883Z",
      "serialized": "♥T"
    },
    "model": "app.play",
    "pk": 165
  },
  {
    "fields": {
      "created": "2025-05-21T16:18:36.276Z",
      "hand": 4,
      "modified": "2025-05-21T16:18:36.276Z",
      "serialized": "♥Q"
    },
    "model": "app.play",
    "pk": 166
  },
  {
    "fields": {
      "created": "2025-05-21T16:18:37.735Z",
      "hand": 4,
      "modified": "2025-05-21T16:18:37.735Z",
      "serialized": "♠J"
    },
    "model": "app.play",
    "pk": 167
  },
  {
    "fields": {
      "created": "2025-05-21T16:18:39.100Z",
      "hand": 4,
      "modified": "2025-05-21T16:18:39.100Z",
      "serialized": "♠A"
    },
    "model": "app.play",
    "pk": 168
  },
  {
    "fields": {
      "created": "2025-05-21T16:18:40.589Z",
      "hand": 4,
      "modified": "2025-05-21T16:18:40.589Z",
      "serialized": "♠9"
    },
    "model": "app.play",
    "pk": 169
  },
  {
    "fields": {
      "created": "2025-05-21T16:18:41.981Z",
      "hand": 4,
      "modified": "2025-05-21T16:18:41.981Z",
      "serialized": "♥J"
    },
    "model": "app.play",
    "pk": 170
  },
  {
    "fields": {
      "created": "2025-05-21T16:18:43.348Z",
      "hand": 4,
      "modified": "2025-05-21T16:18:43.348Z",
      "serialized": "♥3"
    },
    "model": "app.play",
    "pk": 171
  },
  {
    "fields": {
      "created": "2025-05-21T16:18:44.856Z",
      "hand": 4,
      "modified": "2025-05-21T16:18:44.856Z",
      "serialized": "♠Q"
    },
    "model": "app.play",
    "pk": 172
  },
  {
    "fields": {
      "created": "2025-05-21T16:21:55.487Z",
      "hand": 1,
      "modified": "2025-05-21T16:21:55.487Z",
      "serialized": "♠2"
    },
    "model": "app.play",
    "pk": 173
  },
  {
    "fields": {
      "created": "2025-05-21T16:21:56.915Z",
      "hand": 1,
      "modified": "2025-05-21T16:21:56.915Z",
      "serialized": "♠3"
    },
    "model": "app.play",
    "pk": 174
  },
  {
    "fields": {
      "created": "2025-05-21T16:22:06.110Z",
      "hand": 1,
      "modified": "2025-05-21T16:22:06.110Z",
      "serialized": "♥3"
    },
    "model": "app.play",
    "pk": 175
  },
  {
    "fields": {
      "created": "2025-05-21T16:22:07.450Z",
      "hand": 1,
      "modified": "2025-05-21T16:22:07.450Z",
      "serialized": "♠4"
    },
    "model": "app.play",
    "pk": 176
  },
  {
    "fields": {
      "created": "2025-05-21T16:22:10.767Z",
      "hand": 1,
      "modified": "2025-05-21T16:22:10.767Z",
      "serialized": "♥7"
    },
    "model": "app.play",
    "pk": 177
  },
  {
    "fields": {
      "created": "2025-05-21T16:22:12.089Z",
      "hand": 1,
      "modified": "2025-05-21T16:22:12.089Z",
      "serialized": "♥T"
    },
    "model": "app.play",
    "pk": 178
  },
  {
    "fields": {
      "created": "2025-05-21T16:22:16.107Z",
      "hand": 1,
      "modified": "2025-05-21T16:22:16.107Z",
      "serialized": "♥2"
    },
    "model": "app.play",
    "pk": 179
  },
  {
    "fields": {
      "created": "2025-05-21T16:22:17.419Z",
      "hand": 1,
      "modified": "2025-05-21T16:22:17.419Z",
      "serialized": "♥5"
    },
    "model": "app.play",
    "pk": 180
  },
  {
    "fields": {
      "created": "2025-05-21T16:22:18.718Z",
      "hand": 1,
      "modified": "2025-05-21T16:22:18.718Z",
      "serialized": "♣Q"
    },
    "model": "app.play",
    "pk": 181
  },
  {
    "fields": {
      "created": "2025-05-21T16:32:51.470Z",
      "hand": 1,
      "modified": "2025-05-21T16:32:51.470Z",
      "serialized": "♣5"
    },
    "model": "app.play",
    "pk": 182
  },
  {
    "fields": {
      "created": "2025-05-21T16:32:52.871Z",
      "hand": 1,
      "modified": "2025-05-21T16:32:52.871Z",
      "serialized": "♦J"
    },
    "model": "app.play",
    "pk": 183
  },
  {
    "fields": {
      "created": "2025-05-21T16:32:57.739Z",
      "hand": 1,
      "modified": "2025-05-21T16:32:57.739Z",
      "serialized": "♦7"
    },
    "model": "app.play",
    "pk": 184
  },
  {
    "fields": {
      "created": "2025-05-21T16:32:59.044Z",
      "hand": 1,
      "modified": "2025-05-21T16:32:59.044Z",
      "serialized": "♥4"
    },
    "model": "app.play",
    "pk": 185
  },
  {
    "fields": {
      "created": "2025-05-21T16:34:15.623Z",
      "hand": 1,
      "modified": "2025-05-21T16:34:15.623Z",
      "serialized": "♥J"
    },
    "model": "app.play",
    "pk": 186
  },
  {
    "fields": {
      "created": "2025-05-21T16:34:17.002Z",
      "hand": 1,
      "modified": "2025-05-21T16:34:17.002Z",
      "serialized": "♥6"
    },
    "model": "app.play",
    "pk": 187
  },
  {
    "fields": {
      "created": "2025-05-21T16:34:19.577Z",
      "hand": 1,
      "modified": "2025-05-21T16:34:19.577Z",
      "serialized": "♥8"
    },
    "model": "app.play",
    "pk": 188
  },
  {
    "fields": {
      "created": "2025-05-21T16:34:38.529Z",
      "hand": 1,
      "modified": "2025-05-21T16:34:38.529Z",
      "serialized": "♠8"
    },
    "model": "app.play",
    "pk": 189
  },
  {
    "fields": {
      "created": "2025-05-21T16:34:39.855Z",
      "hand": 1,
      "modified": "2025-05-21T16:34:39.855Z",
      "serialized": "♠T"
    },
    "model": "app.play",
    "pk": 190
  },
  {
    "fields": {
      "created": "2025-05-21T16:34:42.605Z",
      "hand": 1,
      "modified": "2025-05-21T16:34:42.605Z",
      "serialized": "♥9"
    },
    "model": "app.play",
    "pk": 191
  },
  {
    "fields": {
      "created": "2025-05-21T16:34:43.960Z",
      "hand": 1,
      "modified": "2025-05-21T16:34:43.960Z",
      "serialized": "♠7"
    },
    "model": "app.play",
    "pk": 192
  },
  {
    "fields": {
      "created": "2025-05-21T18:00:17.969Z",
      "hand": 1,
      "modified": "2025-05-21T18:00:17.969Z",
      "serialized": "♦T"
    },
    "model": "app.play",
    "pk": 193
  },
  {
    "fields": {
      "created": "2025-05-21T18:00:19.406Z",
      "hand": 1,
      "modified": "2025-05-21T18:00:19.406Z",
      "serialized": "♥Q"
    },
    "model": "app.play",
    "pk": 194
  },
  {
    "fields": {
      "created": "2025-05-21T18:00:20.869Z",
      "hand": 1,
      "modified": "2025-05-21T18:00:20.869Z",
      "serialized": "♦9"
    },
    "model": "app.play",
    "pk": 195
  },
  {
    "fields": {
      "created": "2025-05-21T18:00:22.233Z",
      "hand": 1,
      "modified": "2025-05-21T18:00:22.233Z",
      "serialized": "♦K"
    },
    "model": "app.play",
    "pk": 196
  },
  {
    "fields": {
      "created": "2025-05-21T18:00:23.701Z",
      "hand": 1,
      "modified": "2025-05-21T18:00:23.701Z",
      "serialized": "♠9"
    },
    "model": "app.play",
    "pk": 197
  },
  {
    "fields": {
      "created": "2025-05-21T18:00:25.187Z",
      "hand": 1,
      "modified": "2025-05-21T18:00:25.187Z",
      "serialized": "♠Q"
    },
    "model": "app.play",
    "pk": 198
  },
  {
    "fields": {
      "created": "2025-05-21T18:00:26.618Z",
      "hand": 1,
      "modified": "2025-05-21T18:00:26.618Z",
      "serialized": "♠5"
    },
    "model": "app.play",
    "pk": 199
  },
  {
    "fields": {
      "created": "2025-05-21T18:00:28.079Z",
      "hand": 1,
      "modified": "2025-05-21T18:00:28.079Z",
      "serialized": "♦Q"
    },
    "model": "app.play",
    "pk": 200
  },
  {
    "fields": {
      "created": "2025-05-21T18:00:29.531Z",
      "hand": 1,
      "modified": "2025-05-21T18:00:29.531Z",
      "serialized": "♣T"
    },
    "model": "app.play",
    "pk": 201
  },
  {
    "fields": {
      "created": "2025-05-21T18:00:30.989Z",
      "hand": 1,
      "modified": "2025-05-21T18:00:30.989Z",
      "serialized": "♠6"
    },
    "model": "app.play",
    "pk": 202
  },
  {
    "fields": {
      "created": "2025-05-21T18:00:32.393Z",
      "hand": 1,
      "modified": "2025-05-21T18:00:32.393Z",
      "serialized": "♥K"
    },
    "model": "app.play",
    "pk": 203
  },
  {
    "fields": {
      "created": "2025-05-21T18:00:33.910Z",
      "hand": 1,
      "modified": "2025-05-21T18:00:33.910Z",
      "serialized": "♠J"
    },
    "model": "app.play",
    "pk": 204
  },
  {
    "fields": {
      "created": "2025-05-21T18:00:35.618Z",
      "hand": 1,
      "modified": "2025-05-21T18:00:35.618Z",
      "serialized": "♥A"
    },
    "model": "app.play",
    "pk": 205
  },
  {
    "fields": {
      "created": "2025-05-21T18:00:37.181Z",
      "hand": 1,
      "modified": "2025-05-21T18:00:37.181Z",
      "serialized": "♠A"
    },
    "model": "app.play",
    "pk": 206
  },
  {
    "fields": {
      "created": "2025-05-21T18:00:38.622Z",
      "hand": 1,
      "modified": "2025-05-21T18:00:38.622Z",
      "serialized": "♦A"
    },
    "model": "app.play",
    "pk": 207
  },
  {
    "fields": {
      "created": "2025-05-21T18:00:40.056Z",
      "hand": 1,
      "modified": "2025-05-21T18:00:40.056Z",
      "serialized": "♠K"
    },
    "model": "app.play",
    "pk": 208
  },
  {
    "fields": {
      "created": "2025-05-21T18:00:57.362Z",
      "hand": 5,
      "modified": "2025-05-21T18:00:57.362Z",
      "serialized": "♣4"
    },
    "model": "app.play",
    "pk": 209
  },
  {
    "fields": {
      "created": "2025-05-21T18:00:58.867Z",
      "hand": 5,
      "modified": "2025-05-21T18:00:58.867Z",
      "serialized": "♣5"
    },
    "model": "app.play",
    "pk": 210
  },
  {
    "fields": {
      "created": "2025-05-21T18:01:00.237Z",
      "hand": 5,
      "modified": "2025-05-21T18:01:00.237Z",
      "serialized": "♣Q"
    },
    "model": "app.play",
    "pk": 211
  },
  {
    "fields": {
      "created": "2025-05-21T18:01:01.680Z",
      "hand": 5,
      "modified": "2025-05-21T18:01:01.680Z",
      "serialized": "♣3"
    },
    "model": "app.play",
    "pk": 212
  },
  {
    "fields": {
      "created": "2025-05-21T18:01:03.241Z",
      "hand": 5,
      "modified": "2025-05-21T18:01:03.241Z",
      "serialized": "♦2"
    },
    "model": "app.play",
    "pk": 213
  },
  {
    "fields": {
      "created": "2025-05-21T18:01:04.680Z",
      "hand": 5,
      "modified": "2025-05-21T18:01:04.680Z",
      "serialized": "♦5"
    },
    "model": "app.play",
    "pk": 214
  },
  {
    "fields": {
      "created": "2025-05-21T18:01:06.223Z",
      "hand": 5,
      "modified": "2025-05-21T18:01:06.223Z",
      "serialized": "♦8"
    },
    "model": "app.play",
    "pk": 215
  },
  {
    "fields": {
      "created": "2025-05-21T18:01:07.614Z",
      "hand": 5,
      "modified": "2025-05-21T18:01:07.614Z",
      "serialized": "♦9"
    },
    "model": "app.play",
    "pk": 216
  },
  {
    "fields": {
      "created": "2025-05-21T18:01:08.984Z",
      "hand": 5,
      "modified": "2025-05-21T18:01:08.984Z",
      "serialized": "♣2"
    },
    "model": "app.play",
    "pk": 217
  },
  {
    "fields": {
      "created": "2025-05-21T18:01:10.460Z",
      "hand": 5,
      "modified": "2025-05-21T18:01:10.460Z",
      "serialized": "♦3"
    },
    "model": "app.play",
    "pk": 218
  },
  {
    "fields": {
      "created": "2025-05-21T18:01:11.838Z",
      "hand": 5,
      "modified": "2025-05-21T18:01:11.838Z",
      "serialized": "♦7"
    },
    "model": "app.play",
    "pk": 219
  },
  {
    "fields": {
      "created": "2025-05-21T18:01:13.335Z",
      "hand": 5,
      "modified": "2025-05-21T18:01:13.335Z",
      "serialized": "♣6"
    },
    "model": "app.play",
    "pk": 220
  },
  {
    "fields": {
      "created": "2025-05-21T18:01:14.692Z",
      "hand": 5,
      "modified": "2025-05-21T18:01:14.692Z",
      "serialized": "♣7"
    },
    "model": "app.play",
    "pk": 221
  },
  {
    "fields": {
      "created": "2025-05-21T18:01:16.074Z",
      "hand": 5,
      "modified": "2025-05-21T18:01:16.074Z",
      "serialized": "♣9"
    },
    "model": "app.play",
    "pk": 222
  },
  {
    "fields": {
      "created": "2025-05-21T18:01:17.545Z",
      "hand": 5,
      "modified": "2025-05-21T18:01:17.545Z",
      "serialized": "♦4"
    },
    "model": "app.play",
    "pk": 223
  },
  {
    "fields": {
      "created": "2025-05-21T18:01:19.010Z",
      "hand": 5,
      "modified": "2025-05-21T18:01:19.010Z",
      "serialized": "♦K"
    },
    "model": "app.play",
    "pk": 224
  },
  {
    "fields": {
      "created": "2025-05-21T18:01:20.486Z",
      "hand": 5,
      "modified": "2025-05-21T18:01:20.486Z",
      "serialized": "♣T"
    },
    "model": "app.play",
    "pk": 225
  },
  {
    "fields": {
      "created": "2025-05-21T18:01:21.854Z",
      "hand": 5,
      "modified": "2025-05-21T18:01:21.854Z",
      "serialized": "♦6"
    },
    "model": "app.play",
    "pk": 226
  },
  {
    "fields": {
      "created": "2025-05-21T18:01:23.326Z",
      "hand": 5,
      "modified": "2025-05-21T18:01:23.326Z",
      "serialized": "♥3"
    },
    "model": "app.play",
    "pk": 227
  },
  {
    "fields": {
      "created": "2025-05-21T18:01:24.767Z",
      "hand": 5,
      "modified": "2025-05-21T18:01:24.767Z",
      "serialized": "♣A"
    },
    "model": "app.play",
    "pk": 228
  },
  {
    "fields": {
      "created": "2025-05-21T18:01:26.278Z",
      "hand": 5,
      "modified": "2025-05-21T18:01:26.278Z",
      "serialized": "♣8"
    },
    "model": "app.play",
    "pk": 229
  },
  {
    "fields": {
      "created": "2025-05-21T18:01:27.709Z",
      "hand": 5,
      "modified": "2025-05-21T18:01:27.709Z",
      "serialized": "♣J"
    },
    "model": "app.play",
    "pk": 230
  },
  {
    "fields": {
      "created": "2025-05-21T18:01:29.145Z",
      "hand": 5,
      "modified": "2025-05-21T18:01:29.145Z",
      "serialized": "♥6"
    },
    "model": "app.play",
    "pk": 231
  },
  {
    "fields": {
      "created": "2025-05-21T18:01:30.588Z",
      "hand": 5,
      "modified": "2025-05-21T18:01:30.588Z",
      "serialized": "♥4"
    },
    "model": "app.play",
    "pk": 232
  },
  {
    "fields": {
      "created": "2025-05-21T18:01:32.053Z",
      "hand": 5,
      "modified": "2025-05-21T18:01:32.053Z",
      "serialized": "♣K"
    },
    "model": "app.play",
    "pk": 233
  },
  {
    "fields": {
      "created": "2025-05-21T18:01:33.489Z",
      "hand": 5,
      "modified": "2025-05-21T18:01:33.489Z",
      "serialized": "♥8"
    },
    "model": "app.play",
    "pk": 234
  },
  {
    "fields": {
      "created": "2025-05-21T18:01:34.951Z",
      "hand": 5,
      "modified": "2025-05-21T18:01:34.951Z",
      "serialized": "♥T"
    },
    "model": "app.play",
    "pk": 235
  },
  {
    "fields": {
      "created": "2025-05-21T18:01:36.416Z",
      "hand": 5,
      "modified": "2025-05-21T18:01:36.416Z",
      "serialized": "♦J"
    },
    "model": "app.play",
    "pk": 236
  },
  {
    "fields": {
      "created": "2025-05-21T18:01:37.920Z",
      "hand": 5,
      "modified": "2025-05-21T18:01:37.920Z",
      "serialized": "♦T"
    },
    "model": "app.play",
    "pk": 237
  },
  {
    "fields": {
      "created": "2025-05-21T18:01:39.360Z",
      "hand": 5,
      "modified": "2025-05-21T18:01:39.360Z",
      "serialized": "♠2"
    },
    "model": "app.play",
    "pk": 238
  },
  {
    "fields": {
      "created": "2025-05-21T18:01:40.912Z",
      "hand": 5,
      "modified": "2025-05-21T18:01:40.912Z",
      "serialized": "♥J"
    },
    "model": "app.play",
    "pk": 239
  },
  {
    "fields": {
      "created": "2025-05-21T18:01:42.358Z",
      "hand": 5,
      "modified": "2025-05-21T18:01:42.358Z",
      "serialized": "♦Q"
    },
    "model": "app.play",
    "pk": 240
  },
  {
    "fields": {
      "created": "2025-05-21T18:01:43.834Z",
      "hand": 5,
      "modified": "2025-05-21T18:01:43.834Z",
      "serialized": "♦A"
    },
    "model": "app.play",
    "pk": 241
  },
  {
    "fields": {
      "created": "2025-05-21T18:01:45.312Z",
      "hand": 5,
      "modified": "2025-05-21T18:01:45.312Z",
      "serialized": "♥5"
    },
    "model": "app.play",
    "pk": 242
  },
  {
    "fields": {
      "created": "2025-05-21T18:01:46.732Z",
      "hand": 5,
      "modified": "2025-05-21T18:01:46.732Z",
      "serialized": "♠4"
    },
    "model": "app.play",
    "pk": 243
  },
  {
    "fields": {
      "created": "2025-05-21T18:01:48.141Z",
      "hand": 5,
      "modified": "2025-05-21T18:01:48.141Z",
      "serialized": "♥K"
    },
    "model": "app.play",
    "pk": 244
  },
  {
    "fields": {
      "created": "2025-05-21T18:01:49.583Z",
      "hand": 5,
      "modified": "2025-05-21T18:01:49.583Z",
      "serialized": "♥2"
    },
    "model": "app.play",
    "pk": 245
  },
  {
    "fields": {
      "created": "2025-05-21T18:01:50.949Z",
      "hand": 5,
      "modified": "2025-05-21T18:01:50.949Z",
      "serialized": "♥9"
    },
    "model": "app.play",
    "pk": 246
  },
  {
    "fields": {
      "created": "2025-05-21T18:01:52.421Z",
      "hand": 5,
      "modified": "2025-05-21T18:01:52.421Z",
      "serialized": "♠6"
    },
    "model": "app.play",
    "pk": 247
  },
  {
    "fields": {
      "created": "2025-05-21T18:01:53.800Z",
      "hand": 5,
      "modified": "2025-05-21T18:01:53.800Z",
      "serialized": "♥A"
    },
    "model": "app.play",
    "pk": 248
  },
  {
    "fields": {
      "created": "2025-05-21T18:01:55.360Z",
      "hand": 5,
      "modified": "2025-05-21T18:01:55.360Z",
      "serialized": "♠3"
    },
    "model": "app.play",
    "pk": 249
  },
  {
    "fields": {
      "created": "2025-05-21T18:01:56.811Z",
      "hand": 5,
      "modified": "2025-05-21T18:01:56.811Z",
      "serialized": "♠7"
    },
    "model": "app.play",
    "pk": 250
  },
  {
    "fields": {
      "created": "2025-05-21T18:01:58.192Z",
      "hand": 5,
      "modified": "2025-05-21T18:01:58.192Z",
      "serialized": "♠8"
    },
    "model": "app.play",
    "pk": 251
  },
  {
    "fields": {
      "created": "2025-05-21T18:01:59.589Z",
      "hand": 5,
      "modified": "2025-05-21T18:01:59.589Z",
      "serialized": "♠Q"
    },
    "model": "app.play",
    "pk": 252
  },
  {
    "fields": {
      "created": "2025-05-21T18:02:01.014Z",
      "hand": 5,
      "modified": "2025-05-21T18:02:01.014Z",
      "serialized": "♠K"
    },
    "model": "app.play",
    "pk": 253
  },
  {
    "fields": {
      "created": "2025-05-21T18:02:02.455Z",
      "hand": 5,
      "modified": "2025-05-21T18:02:02.455Z",
      "serialized": "♠5"
    },
    "model": "app.play",
    "pk": 254
  },
  {
    "fields": {
      "created": "2025-05-21T18:02:03.935Z",
      "hand": 5,
      "modified": "2025-05-21T18:02:03.935Z",
      "serialized": "♥7"
    },
    "model": "app.play",
    "pk": 255
  },
  {
    "fields": {
      "created": "2025-05-21T18:02:05.490Z",
      "hand": 5,
      "modified": "2025-05-21T18:02:05.490Z",
      "serialized": "♠9"
    },
    "model": "app.play",
    "pk": 256
  },
  {
    "fields": {
      "created": "2025-05-21T18:02:06.922Z",
      "hand": 5,
      "modified": "2025-05-21T18:02:06.922Z",
      "serialized": "♠A"
    },
    "model": "app.play",
    "pk": 257
  },
  {
    "fields": {
      "created": "2025-05-21T18:02:08.416Z",
      "hand": 5,
      "modified": "2025-05-21T18:02:08.416Z",
      "serialized": "♠T"
    },
    "model": "app.play",
    "pk": 258
  },
  {
    "fields": {
      "created": "2025-05-21T18:02:09.834Z",
      "hand": 5,
      "modified": "2025-05-21T18:02:09.834Z",
      "serialized": "♥Q"
    },
    "model": "app.play",
    "pk": 259
  },
  {
    "fields": {
      "created": "2025-05-21T18:02:11.324Z",
      "hand": 5,
      "modified": "2025-05-21T18:02:11.324Z",
      "serialized": "♠J"
    },
    "model": "app.play",
    "pk": 260
  },
  {
    "fields": {
      "created": "2025-05-21T18:02:17.649Z",
      "hand": 6,
      "modified": "2025-05-21T18:02:17.649Z",
      "serialized": "♣3"
    },
    "model": "app.play",
    "pk": 261
  },
  {
    "fields": {
      "created": "2025-05-21T18:02:19.080Z",
      "hand": 6,
      "modified": "2025-05-21T18:02:19.080Z",
      "serialized": "♣4"
    },
    "model": "app.play",
    "pk": 262
  },
  {
    "fields": {
      "created": "2025-05-21T18:02:20.440Z",
      "hand": 6,
      "modified": "2025-05-21T18:02:20.440Z",
      "serialized": "♣9"
    },
    "model": "app.play",
    "pk": 263
  },
  {
    "fields": {
      "created": "2025-05-21T18:02:21.889Z",
      "hand": 6,
      "modified": "2025-05-21T18:02:21.889Z",
      "serialized": "♣J"
    },
    "model": "app.play",
    "pk": 264
  },
  {
    "fields": {
      "created": "2025-05-21T18:02:23.289Z",
      "hand": 6,
      "modified": "2025-05-21T18:02:23.289Z",
      "serialized": "♣5"
    },
    "model": "app.play",
    "pk": 265
  },
  {
    "fields": {
      "created": "2025-05-21T18:02:24.803Z",
      "hand": 6,
      "modified": "2025-05-21T18:02:24.803Z",
      "serialized": "♣6"
    },
    "model": "app.play",
    "pk": 266
  },
  {
    "fields": {
      "created": "2025-05-21T18:02:26.245Z",
      "hand": 6,
      "modified": "2025-05-21T18:02:26.245Z",
      "serialized": "♣2"
    },
    "model": "app.play",
    "pk": 267
  },
  {
    "fields": {
      "created": "2025-05-21T18:02:27.662Z",
      "hand": 6,
      "modified": "2025-05-21T18:02:27.662Z",
      "serialized": "♣Q"
    },
    "model": "app.play",
    "pk": 268
  },
  {
    "fields": {
      "created": "2025-05-21T18:02:29.132Z",
      "hand": 6,
      "modified": "2025-05-21T18:02:29.132Z",
      "serialized": "♦3"
    },
    "model": "app.play",
    "pk": 269
  },
  {
    "fields": {
      "created": "2025-05-21T18:02:30.630Z",
      "hand": 6,
      "modified": "2025-05-21T18:02:30.630Z",
      "serialized": "♦9"
    },
    "model": "app.play",
    "pk": 270
  },
  {
    "fields": {
      "created": "2025-05-21T18:02:32.063Z",
      "hand": 6,
      "modified": "2025-05-21T18:02:32.063Z",
      "serialized": "♦2"
    },
    "model": "app.play",
    "pk": 271
  },
  {
    "fields": {
      "created": "2025-05-21T18:02:33.439Z",
      "hand": 6,
      "modified": "2025-05-21T18:02:33.439Z",
      "serialized": "♦7"
    },
    "model": "app.play",
    "pk": 272
  },
  {
    "fields": {
      "created": "2025-05-21T18:02:34.887Z",
      "hand": 6,
      "modified": "2025-05-21T18:02:34.887Z",
      "serialized": "♣K"
    },
    "model": "app.play",
    "pk": 273
  },
  {
    "fields": {
      "created": "2025-05-21T18:02:36.328Z",
      "hand": 6,
      "modified": "2025-05-21T18:02:36.328Z",
      "serialized": "♣T"
    },
    "model": "app.play",
    "pk": 274
  },
  {
    "fields": {
      "created": "2025-05-21T18:02:37.800Z",
      "hand": 6,
      "modified": "2025-05-21T18:02:37.800Z",
      "serialized": "♣7"
    },
    "model": "app.play",
    "pk": 275
  },
  {
    "fields": {
      "created": "2025-05-21T18:02:39.340Z",
      "hand": 6,
      "modified": "2025-05-21T18:02:39.340Z",
      "serialized": "♦4"
    },
    "model": "app.play",
    "pk": 276
  },
  {
    "fields": {
      "created": "2025-05-21T18:02:40.785Z",
      "hand": 6,
      "modified": "2025-05-21T18:02:40.785Z",
      "serialized": "♦5"
    },
    "model": "app.play",
    "pk": 277
  },
  {
    "fields": {
      "created": "2025-05-21T18:02:42.151Z",
      "hand": 6,
      "modified": "2025-05-21T18:02:42.151Z",
      "serialized": "♦J"
    },
    "model": "app.play",
    "pk": 278
  },
  {
    "fields": {
      "created": "2025-05-21T18:02:43.649Z",
      "hand": 6,
      "modified": "2025-05-21T18:02:43.649Z",
      "serialized": "♦6"
    },
    "model": "app.play",
    "pk": 279
  },
  {
    "fields": {
      "created": "2025-05-21T18:02:45.131Z",
      "hand": 6,
      "modified": "2025-05-21T18:02:45.131Z",
      "serialized": "♦8"
    },
    "model": "app.play",
    "pk": 280
  },
  {
    "fields": {
      "created": "2025-05-21T18:02:46.595Z",
      "hand": 6,
      "modified": "2025-05-21T18:02:46.595Z",
      "serialized": "♣A"
    },
    "model": "app.play",
    "pk": 281
  },
  {
    "fields": {
      "created": "2025-05-21T18:02:48.006Z",
      "hand": 6,
      "modified": "2025-05-21T18:02:48.006Z",
      "serialized": "♦T"
    },
    "model": "app.play",
    "pk": 282
  },
  {
    "fields": {
      "created": "2025-05-21T18:02:49.485Z",
      "hand": 6,
      "modified": "2025-05-21T18:02:49.485Z",
      "serialized": "♣8"
    },
    "model": "app.play",
    "pk": 283
  },
  {
    "fields": {
      "created": "2025-05-21T18:02:50.923Z",
      "hand": 6,
      "modified": "2025-05-21T18:02:50.923Z",
      "serialized": "♦K"
    },
    "model": "app.play",
    "pk": 284
  },
  {
    "fields": {
      "created": "2025-05-21T18:02:52.356Z",
      "hand": 6,
      "modified": "2025-05-21T18:02:52.356Z",
      "serialized": "♥7"
    },
    "model": "app.play",
    "pk": 285
  },
  {
    "fields": {
      "created": "2025-05-21T18:02:53.738Z",
      "hand": 6,
      "modified": "2025-05-21T18:02:53.738Z",
      "serialized": "♥9"
    },
    "model": "app.play",
    "pk": 286
  },
  {
    "fields": {
      "created": "2025-05-21T18:02:55.140Z",
      "hand": 6,
      "modified": "2025-05-21T18:02:55.140Z",
      "serialized": "♥2"
    },
    "model": "app.play",
    "pk": 287
  },
  {
    "fields": {
      "created": "2025-05-21T18:02:56.628Z",
      "hand": 6,
      "modified": "2025-05-21T18:02:56.628Z",
      "serialized": "♥K"
    },
    "model": "app.play",
    "pk": 288
  },
  {
    "fields": {
      "created": "2025-05-21T18:02:58.088Z",
      "hand": 6,
      "modified": "2025-05-21T18:02:58.088Z",
      "serialized": "♦Q"
    },
    "model": "app.play",
    "pk": 289
  },
  {
    "fields": {
      "created": "2025-05-21T18:02:59.526Z",
      "hand": 6,
      "modified": "2025-05-21T18:02:59.526Z",
      "serialized": "♥A"
    },
    "model": "app.play",
    "pk": 290
  },
  {
    "fields": {
      "created": "2025-05-21T18:03:00.970Z",
      "hand": 6,
      "modified": "2025-05-21T18:03:00.970Z",
      "serialized": "♥4"
    },
    "model": "app.play",
    "pk": 291
  },
  {
    "fields": {
      "created": "2025-05-21T18:03:02.453Z",
      "hand": 6,
      "modified": "2025-05-21T18:03:02.453Z",
      "serialized": "♥3"
    },
    "model": "app.play",
    "pk": 292
  },
  {
    "fields": {
      "created": "2025-05-21T18:03:03.843Z",
      "hand": 6,
      "modified": "2025-05-21T18:03:03.843Z",
      "serialized": "♦A"
    },
    "model": "app.play",
    "pk": 293
  },
  {
    "fields": {
      "created": "2025-05-21T18:03:05.331Z",
      "hand": 6,
      "modified": "2025-05-21T18:03:05.331Z",
      "serialized": "♠3"
    },
    "model": "app.play",
    "pk": 294
  },
  {
    "fields": {
      "created": "2025-05-21T18:03:06.706Z",
      "hand": 6,
      "modified": "2025-05-21T18:03:06.706Z",
      "serialized": "♥6"
    },
    "model": "app.play",
    "pk": 295
  },
  {
    "fields": {
      "created": "2025-05-21T18:03:08.105Z",
      "hand": 6,
      "modified": "2025-05-21T18:03:08.105Z",
      "serialized": "♥5"
    },
    "model": "app.play",
    "pk": 296
  },
  {
    "fields": {
      "created": "2025-05-21T18:03:09.546Z",
      "hand": 6,
      "modified": "2025-05-21T18:03:09.546Z",
      "serialized": "♠4"
    },
    "model": "app.play",
    "pk": 297
  },
  {
    "fields": {
      "created": "2025-05-21T18:03:11.010Z",
      "hand": 6,
      "modified": "2025-05-21T18:03:11.010Z",
      "serialized": "♠6"
    },
    "model": "app.play",
    "pk": 298
  },
  {
    "fields": {
      "created": "2025-05-21T18:03:12.527Z",
      "hand": 6,
      "modified": "2025-05-21T18:03:12.527Z",
      "serialized": "♠8"
    },
    "model": "app.play",
    "pk": 299
  },
  {
    "fields": {
      "created": "2025-05-21T18:03:13.969Z",
      "hand": 6,
      "modified": "2025-05-21T18:03:13.969Z",
      "serialized": "♠2"
    },
    "model": "app.play",
    "pk": 300
  },
  {
    "fields": {
      "created": "2025-05-21T18:03:15.414Z",
      "hand": 6,
      "modified": "2025-05-21T18:03:15.414Z",
      "serialized": "♥T"
    },
    "model": "app.play",
    "pk": 301
  },
  {
    "fields": {
      "created": "2025-05-21T18:03:16.798Z",
      "hand": 6,
      "modified": "2025-05-21T18:03:16.798Z",
      "serialized": "♥Q"
    },
    "model": "app.play",
    "pk": 302
  },
  {
    "fields": {
      "created": "2025-05-21T18:03:18.247Z",
      "hand": 6,
      "modified": "2025-05-21T18:03:18.247Z",
      "serialized": "♠T"
    },
    "model": "app.play",
    "pk": 303
  },
  {
    "fields": {
      "created": "2025-05-21T18:03:19.674Z",
      "hand": 6,
      "modified": "2025-05-21T18:03:19.674Z",
      "serialized": "♠7"
    },
    "model": "app.play",
    "pk": 304
  },
  {
    "fields": {
      "created": "2025-05-21T18:03:21.116Z",
      "hand": 6,
      "modified": "2025-05-21T18:03:21.116Z",
      "serialized": "♥8"
    },
    "model": "app.play",
    "pk": 305
  },
  {
    "fields": {
      "created": "2025-05-21T18:03:22.573Z",
      "hand": 6,
      "modified": "2025-05-21T18:03:22.573Z",
      "serialized": "♠J"
    },
    "model": "app.play",
    "pk": 306
  },
  {
    "fields": {
      "created": "2025-05-21T18:03:24.057Z",
      "hand": 6,
      "modified": "2025-05-21T18:03:24.057Z",
      "serialized": "♠9"
    },
    "model": "app.play",
    "pk": 307
  },
  {
    "fields": {
      "created": "2025-05-21T18:03:25.551Z",
      "hand": 6,
      "modified": "2025-05-21T18:03:25.551Z",
      "serialized": "♥J"
    },
    "model": "app.play",
    "pk": 308
  },
  {
    "fields": {
      "created": "2025-05-21T18:03:26.984Z",
      "hand": 6,
      "modified": "2025-05-21T18:03:26.984Z",
      "serialized": "♠K"
    },
    "model": "app.play",
    "pk": 309
  },
  {
    "fields": {
      "created": "2025-05-21T18:03:28.502Z",
      "hand": 6,
      "modified": "2025-05-21T18:03:28.502Z",
      "serialized": "♠5"
    },
    "model": "app.play",
    "pk": 310
  },
  {
    "fields": {
      "created": "2025-05-21T18:03:29.984Z",
      "hand": 6,
      "modified": "2025-05-21T18:03:29.984Z",
      "serialized": "♠Q"
    },
    "model": "app.play",
    "pk": 311
  },
  {
    "fields": {
      "created": "2025-05-21T18:03:31.431Z",
      "hand": 6,
      "modified": "2025-05-21T18:03:31.431Z",
      "serialized": "♠A"
    },
    "model": "app.play",
    "pk": 312
  },
  {
    "fields": {
      "created": "2025-05-21T18:03:56.769Z",
      "hand": 7,
      "modified": "2025-05-21T18:03:56.769Z",
      "serialized": "♣2"
    },
    "model": "app.play",
    "pk": 313
  },
  {
    "fields": {
      "created": "2025-05-21T18:03:58.256Z",
      "hand": 7,
      "modified": "2025-05-21T18:03:58.256Z",
      "serialized": "♣3"
    },
    "model": "app.play",
    "pk": 314
  },
  {
    "fields": {
      "created": "2025-05-21T18:03:59.651Z",
      "hand": 7,
      "modified": "2025-05-21T18:03:59.651Z",
      "serialized": "♣5"
    },
    "model": "app.play",
    "pk": 315
  },
  {
    "fields": {
      "created": "2025-05-21T18:04:01.211Z",
      "hand": 7,
      "modified": "2025-05-21T18:04:01.211Z",
      "serialized": "♣6"
    },
    "model": "app.play",
    "pk": 316
  },
  {
    "fields": {
      "created": "2025-05-21T18:04:02.710Z",
      "hand": 7,
      "modified": "2025-05-21T18:04:02.710Z",
      "serialized": "♣7"
    },
    "model": "app.play",
    "pk": 317
  },
  {
    "fields": {
      "created": "2025-05-21T18:04:04.182Z",
      "hand": 7,
      "modified": "2025-05-21T18:04:04.182Z",
      "serialized": "♣K"
    },
    "model": "app.play",
    "pk": 318
  },
  {
    "fields": {
      "created": "2025-05-21T18:04:05.603Z",
      "hand": 7,
      "modified": "2025-05-21T18:04:05.603Z",
      "serialized": "♣4"
    },
    "model": "app.play",
    "pk": 319
  },
  {
    "fields": {
      "created": "2025-05-21T18:04:07.012Z",
      "hand": 7,
      "modified": "2025-05-21T18:04:07.012Z",
      "serialized": "♣8"
    },
    "model": "app.play",
    "pk": 320
  },
  {
    "fields": {
      "created": "2025-05-21T18:04:09.143Z",
      "hand": 7,
      "modified": "2025-05-21T18:04:09.143Z",
      "serialized": "♦2"
    },
    "model": "app.play",
    "pk": 321
  },
  {
    "fields": {
      "created": "2025-05-21T18:04:11.388Z",
      "hand": 8,
      "modified": "2025-05-21T18:04:11.388Z",
      "serialized": "♣2"
    },
    "model": "app.play",
    "pk": 322
  },
  {
    "fields": {
      "created": "2025-05-21T18:04:11.390Z",
      "hand": 7,
      "modified": "2025-05-21T18:04:11.390Z",
      "serialized": "♦T"
    },
    "model": "app.play",
    "pk": 323
  },
  {
    "fields": {
      "created": "2025-05-21T18:04:13.372Z",
      "hand": 8,
      "modified": "2025-05-21T18:04:13.372Z",
      "serialized": "♣3"
    },
    "model": "app.play",
    "pk": 324
  },
  {
    "fields": {
      "created": "2025-05-21T18:04:13.841Z",
      "hand": 7,
      "modified": "2025-05-21T18:04:13.841Z",
      "serialized": "♦3"
    },
    "model": "app.play",
    "pk": 325
  },
  {
    "fields": {
      "created": "2025-05-21T18:04:14.796Z",
      "hand": 8,
      "modified": "2025-05-21T18:04:14.796Z",
      "serialized": "♣5"
    },
    "model": "app.play",
    "pk": 326
  },
  {
    "fields": {
      "created": "2025-05-21T18:04:15.329Z",
      "hand": 7,
      "modified": "2025-05-21T18:04:15.329Z",
      "serialized": "♣T"
    },
    "model": "app.play",
    "pk": 327
  },
  {
    "fields": {
      "created": "2025-05-21T18:04:16.254Z",
      "hand": 8,
      "modified": "2025-05-21T18:04:16.254Z",
      "serialized": "♣6"
    },
    "model": "app.play",
    "pk": 328
  },
  {
    "fields": {
      "created": "2025-05-21T18:04:16.768Z",
      "hand": 7,
      "modified": "2025-05-21T18:04:16.768Z",
      "serialized": "♣Q"
    },
    "model": "app.play",
    "pk": 329
  },
  {
    "fields": {
      "created": "2025-05-21T18:04:17.766Z",
      "hand": 8,
      "modified": "2025-05-21T18:04:17.766Z",
      "serialized": "♣7"
    },
    "model": "app.play",
    "pk": 330
  },
  {
    "fields": {
      "created": "2025-05-21T18:04:18.661Z",
      "hand": 7,
      "modified": "2025-05-21T18:04:18.661Z",
      "serialized": "♣9"
    },
    "model": "app.play",
    "pk": 331
  },
  {
    "fields": {
      "created": "2025-05-21T18:04:19.291Z",
      "hand": 8,
      "modified": "2025-05-21T18:04:19.291Z",
      "serialized": "♣K"
    },
    "model": "app.play",
    "pk": 332
  },
  {
    "fields": {
      "created": "2025-05-21T18:04:20.478Z",
      "hand": 7,
      "modified": "2025-05-21T18:04:20.478Z",
      "serialized": "♣J"
    },
    "model": "app.play",
    "pk": 333
  },
  {
    "fields": {
      "created": "2025-05-21T18:04:20.949Z",
      "hand": 8,
      "modified": "2025-05-21T18:04:20.949Z",
      "serialized": "♣4"
    },
    "model": "app.play",
    "pk": 334
  },
  {
    "fields": {
      "created": "2025-05-21T18:04:22.616Z",
      "hand": 7,
      "modified": "2025-05-21T18:04:22.616Z",
      "serialized": "♠7"
    },
    "model": "app.play",
    "pk": 335
  },
  {
    "fields": {
      "created": "2025-05-21T18:04:23.009Z",
      "hand": 8,
      "modified": "2025-05-21T18:04:23.009Z",
      "serialized": "♣8"
    },
    "model": "app.play",
    "pk": 336
  },
  {
    "fields": {
      "created": "2025-05-21T18:04:24.719Z",
      "hand": 7,
      "modified": "2025-05-21T18:04:24.719Z",
      "serialized": "♦4"
    },
    "model": "app.play",
    "pk": 337
  },
  {
    "fields": {
      "created": "2025-05-21T18:04:25.359Z",
      "hand": 8,
      "modified": "2025-05-21T18:04:25.359Z",
      "serialized": "♦2"
    },
    "model": "app.play",
    "pk": 338
  },
  {
    "fields": {
      "created": "2025-05-21T18:04:26.205Z",
      "hand": 7,
      "modified": "2025-05-21T18:04:26.205Z",
      "serialized": "♦K"
    },
    "model": "app.play",
    "pk": 339
  },
  {
    "fields": {
      "created": "2025-05-21T18:04:26.880Z",
      "hand": 8,
      "modified": "2025-05-21T18:04:26.880Z",
      "serialized": "♦T"
    },
    "model": "app.play",
    "pk": 340
  },
  {
    "fields": {
      "created": "2025-05-21T18:04:27.766Z",
      "hand": 7,
      "modified": "2025-05-21T18:04:27.766Z",
      "serialized": "♦8"
    },
    "model": "app.play",
    "pk": 341
  },
  {
    "fields": {
      "created": "2025-05-21T18:04:28.408Z",
      "hand": 8,
      "modified": "2025-05-21T18:04:28.408Z",
      "serialized": "♦3"
    },
    "model": "app.play",
    "pk": 342
  },
  {
    "fields": {
      "created": "2025-05-21T18:04:29.236Z",
      "hand": 7,
      "modified": "2025-05-21T18:04:29.236Z",
      "serialized": "♥3"
    },
    "model": "app.play",
    "pk": 343
  },
  {
    "fields": {
      "created": "2025-05-21T18:04:29.847Z",
      "hand": 8,
      "modified": "2025-05-21T18:04:29.847Z",
      "serialized": "♣T"
    },
    "model": "app.play",
    "pk": 344
  },
  {
    "fields": {
      "created": "2025-05-21T18:04:30.725Z",
      "hand": 7,
      "modified": "2025-05-21T18:04:30.725Z",
      "serialized": "♣A"
    },
    "model": "app.play",
    "pk": 345
  },
  {
    "fields": {
      "created": "2025-05-21T18:04:31.410Z",
      "hand": 8,
      "modified": "2025-05-21T18:04:31.410Z",
      "serialized": "♣Q"
    },
    "model": "app.play",
    "pk": 346
  },
  {
    "fields": {
      "created": "2025-05-21T18:04:32.140Z",
      "hand": 7,
      "modified": "2025-05-21T18:04:32.140Z",
      "serialized": "♠9"
    },
    "model": "app.play",
    "pk": 347
  },
  {
    "fields": {
      "created": "2025-05-21T18:04:32.860Z",
      "hand": 8,
      "modified": "2025-05-21T18:04:32.860Z",
      "serialized": "♣9"
    },
    "model": "app.play",
    "pk": 348
  },
  {
    "fields": {
      "created": "2025-05-21T18:04:33.620Z",
      "hand": 7,
      "modified": "2025-05-21T18:04:33.620Z",
      "serialized": "♥9"
    },
    "model": "app.play",
    "pk": 349
  },
  {
    "fields": {
      "created": "2025-05-21T18:04:34.299Z",
      "hand": 8,
      "modified": "2025-05-21T18:04:34.299Z",
      "serialized": "♣J"
    },
    "model": "app.play",
    "pk": 350
  },
  {
    "fields": {
      "created": "2025-05-21T18:04:35.121Z",
      "hand": 7,
      "modified": "2025-05-21T18:04:35.121Z",
      "serialized": "♦5"
    },
    "model": "app.play",
    "pk": 351
  },
  {
    "fields": {
      "created": "2025-05-21T18:04:35.783Z",
      "hand": 8,
      "modified": "2025-05-21T18:04:35.783Z",
      "serialized": "♠7"
    },
    "model": "app.play",
    "pk": 352
  },
  {
    "fields": {
      "created": "2025-05-21T18:04:36.610Z",
      "hand": 7,
      "modified": "2025-05-21T18:04:36.610Z",
      "serialized": "♦Q"
    },
    "model": "app.play",
    "pk": 353
  },
  {
    "fields": {
      "created": "2025-05-21T18:04:37.164Z",
      "hand": 8,
      "modified": "2025-05-21T18:04:37.164Z",
      "serialized": "♦4"
    },
    "model": "app.play",
    "pk": 354
  },
  {
    "fields": {
      "created": "2025-05-21T18:04:38.088Z",
      "hand": 7,
      "modified": "2025-05-21T18:04:38.088Z",
      "serialized": "♠2"
    },
    "model": "app.play",
    "pk": 355
  },
  {
    "fields": {
      "created": "2025-05-21T18:04:38.635Z",
      "hand": 8,
      "modified": "2025-05-21T18:04:38.635Z",
      "serialized": "♦K"
    },
    "model": "app.play",
    "pk": 356
  },
  {
    "fields": {
      "created": "2025-05-21T18:04:39.628Z",
      "hand": 7,
      "modified": "2025-05-21T18:04:39.628Z",
      "serialized": "♦6"
    },
    "model": "app.play",
    "pk": 357
  },
  {
    "fields": {
      "created": "2025-05-21T18:04:40.593Z",
      "hand": 8,
      "modified": "2025-05-21T18:04:40.593Z",
      "serialized": "♦8"
    },
    "model": "app.play",
    "pk": 358
  },
  {
    "fields": {
      "created": "2025-05-21T18:04:41.255Z",
      "hand": 7,
      "modified": "2025-05-21T18:04:41.255Z",
      "serialized": "♦A"
    },
    "model": "app.play",
    "pk": 359
  },
  {
    "fields": {
      "created": "2025-05-21T18:04:41.975Z",
      "hand": 8,
      "modified": "2025-05-21T18:04:41.975Z",
      "serialized": "♥3"
    },
    "model": "app.play",
    "pk": 360
  },
  {
    "fields": {
      "created": "2025-05-21T18:04:42.704Z",
      "hand": 7,
      "modified": "2025-05-21T18:04:42.704Z",
      "serialized": "♥T"
    },
    "model": "app.play",
    "pk": 361
  },
  {
    "fields": {
      "created": "2025-05-21T18:04:43.483Z",
      "hand": 8,
      "modified": "2025-05-21T18:04:43.483Z",
      "serialized": "♣A"
    },
    "model": "app.play",
    "pk": 362
  },
  {
    "fields": {
      "created": "2025-05-21T18:04:44.128Z",
      "hand": 7,
      "modified": "2025-05-21T18:04:44.128Z",
      "serialized": "♥J"
    },
    "model": "app.play",
    "pk": 363
  },
  {
    "fields": {
      "created": "2025-05-21T18:04:44.963Z",
      "hand": 8,
      "modified": "2025-05-21T18:04:44.963Z",
      "serialized": "♠9"
    },
    "model": "app.play",
    "pk": 364
  },
  {
    "fields": {
      "created": "2025-05-21T18:04:45.641Z",
      "hand": 7,
      "modified": "2025-05-21T18:04:45.641Z",
      "serialized": "♥2"
    },
    "model": "app.play",
    "pk": 365
  },
  {
    "fields": {
      "created": "2025-05-21T18:04:46.442Z",
      "hand": 8,
      "modified": "2025-05-21T18:04:46.442Z",
      "serialized": "♥9"
    },
    "model": "app.play",
    "pk": 366
  },
  {
    "fields": {
      "created": "2025-05-21T18:04:47.065Z",
      "hand": 7,
      "modified": "2025-05-21T18:04:47.065Z",
      "serialized": "♥4"
    },
    "model": "app.play",
    "pk": 367
  },
  {
    "fields": {
      "created": "2025-05-21T18:04:47.863Z",
      "hand": 8,
      "modified": "2025-05-21T18:04:47.863Z",
      "serialized": "♦5"
    },
    "model": "app.play",
    "pk": 368
  },
  {
    "fields": {
      "created": "2025-05-21T18:04:48.578Z",
      "hand": 7,
      "modified": "2025-05-21T18:04:48.578Z",
      "serialized": "♦7"
    },
    "model": "app.play",
    "pk": 369
  },
  {
    "fields": {
      "created": "2025-05-21T18:04:49.344Z",
      "hand": 8,
      "modified": "2025-05-21T18:04:49.344Z",
      "serialized": "♦Q"
    },
    "model": "app.play",
    "pk": 370
  },
  {
    "fields": {
      "created": "2025-05-21T18:04:50.010Z",
      "hand": 7,
      "modified": "2025-05-21T18:04:50.010Z",
      "serialized": "♠3"
    },
    "model": "app.play",
    "pk": 371
  },
  {
    "fields": {
      "created": "2025-05-21T18:04:50.824Z",
      "hand": 8,
      "modified": "2025-05-21T18:04:50.824Z",
      "serialized": "♠2"
    },
    "model": "app.play",
    "pk": 372
  },
  {
    "fields": {
      "created": "2025-05-21T18:04:51.487Z",
      "hand": 7,
      "modified": "2025-05-21T18:04:51.487Z",
      "serialized": "♥5"
    },
    "model": "app.play",
    "pk": 373
  },
  {
    "fields": {
      "created": "2025-05-21T18:04:52.210Z",
      "hand": 8,
      "modified": "2025-05-21T18:04:52.210Z",
      "serialized": "♦6"
    },
    "model": "app.play",
    "pk": 374
  },
  {
    "fields": {
      "created": "2025-05-21T18:04:53.003Z",
      "hand": 7,
      "modified": "2025-05-21T18:04:53.003Z",
      "serialized": "♥Q"
    },
    "model": "app.play",
    "pk": 375
  },
  {
    "fields": {
      "created": "2025-05-21T18:04:53.630Z",
      "hand": 8,
      "modified": "2025-05-21T18:04:53.630Z",
      "serialized": "♦A"
    },
    "model": "app.play",
    "pk": 376
  },
  {
    "fields": {
      "created": "2025-05-21T18:04:54.468Z",
      "hand": 7,
      "modified": "2025-05-21T18:04:54.468Z",
      "serialized": "♥8"
    },
    "model": "app.play",
    "pk": 377
  },
  {
    "fields": {
      "created": "2025-05-21T18:04:55.126Z",
      "hand": 8,
      "modified": "2025-05-21T18:04:55.126Z",
      "serialized": "♥T"
    },
    "model": "app.play",
    "pk": 378
  },
  {
    "fields": {
      "created": "2025-05-21T18:04:55.916Z",
      "hand": 7,
      "modified": "2025-05-21T18:04:55.916Z",
      "serialized": "♥K"
    },
    "model": "app.play",
    "pk": 379
  },
  {
    "fields": {
      "created": "2025-05-21T18:04:56.572Z",
      "hand": 8,
      "modified": "2025-05-21T18:04:56.572Z",
      "serialized": "♥J"
    },
    "model": "app.play",
    "pk": 380
  },
  {
    "fields": {
      "created": "2025-05-21T18:04:57.394Z",
      "hand": 7,
      "modified": "2025-05-21T18:04:57.394Z",
      "serialized": "♥A"
    },
    "model": "app.play",
    "pk": 381
  },
  {
    "fields": {
      "created": "2025-05-21T18:04:58.063Z",
      "hand": 8,
      "modified": "2025-05-21T18:04:58.063Z",
      "serialized": "♥2"
    },
    "model": "app.play",
    "pk": 382
  },
  {
    "fields": {
      "created": "2025-05-21T18:04:58.875Z",
      "hand": 7,
      "modified": "2025-05-21T18:04:58.875Z",
      "serialized": "♥7"
    },
    "model": "app.play",
    "pk": 383
  },
  {
    "fields": {
      "created": "2025-05-21T18:04:59.506Z",
      "hand": 8,
      "modified": "2025-05-21T18:04:59.506Z",
      "serialized": "♥4"
    },
    "model": "app.play",
    "pk": 384
  },
  {
    "fields": {
      "created": "2025-05-21T18:05:00.345Z",
      "hand": 7,
      "modified": "2025-05-21T18:05:00.345Z",
      "serialized": "♠4"
    },
    "model": "app.play",
    "pk": 385
  },
  {
    "fields": {
      "created": "2025-05-21T18:05:00.936Z",
      "hand": 8,
      "modified": "2025-05-21T18:05:00.936Z",
      "serialized": "♦7"
    },
    "model": "app.play",
    "pk": 386
  },
  {
    "fields": {
      "created": "2025-05-21T18:05:01.898Z",
      "hand": 7,
      "modified": "2025-05-21T18:05:01.898Z",
      "serialized": "♠J"
    },
    "model": "app.play",
    "pk": 387
  },
  {
    "fields": {
      "created": "2025-05-21T18:05:02.536Z",
      "hand": 8,
      "modified": "2025-05-21T18:05:02.536Z",
      "serialized": "♠3"
    },
    "model": "app.play",
    "pk": 388
  },
  {
    "fields": {
      "created": "2025-05-21T18:05:03.340Z",
      "hand": 7,
      "modified": "2025-05-21T18:05:03.340Z",
      "serialized": "♠6"
    },
    "model": "app.play",
    "pk": 389
  },
  {
    "fields": {
      "created": "2025-05-21T18:05:04.027Z",
      "hand": 8,
      "modified": "2025-05-21T18:05:04.027Z",
      "serialized": "♥5"
    },
    "model": "app.play",
    "pk": 390
  },
  {
    "fields": {
      "created": "2025-05-21T18:05:04.798Z",
      "hand": 7,
      "modified": "2025-05-21T18:05:04.798Z",
      "serialized": "♠K"
    },
    "model": "app.play",
    "pk": 391
  },
  {
    "fields": {
      "created": "2025-05-21T18:05:05.508Z",
      "hand": 8,
      "modified": "2025-05-21T18:05:05.508Z",
      "serialized": "♥Q"
    },
    "model": "app.play",
    "pk": 392
  },
  {
    "fields": {
      "created": "2025-05-21T18:05:06.258Z",
      "hand": 7,
      "modified": "2025-05-21T18:05:06.258Z",
      "serialized": "♥6"
    },
    "model": "app.play",
    "pk": 393
  },
  {
    "fields": {
      "created": "2025-05-21T18:05:06.939Z",
      "hand": 8,
      "modified": "2025-05-21T18:05:06.939Z",
      "serialized": "♥8"
    },
    "model": "app.play",
    "pk": 394
  },
  {
    "fields": {
      "created": "2025-05-21T18:05:07.638Z",
      "hand": 7,
      "modified": "2025-05-21T18:05:07.638Z",
      "serialized": "♠5"
    },
    "model": "app.play",
    "pk": 395
  },
  {
    "fields": {
      "created": "2025-05-21T18:05:08.396Z",
      "hand": 8,
      "modified": "2025-05-21T18:05:08.396Z",
      "serialized": "♥K"
    },
    "model": "app.play",
    "pk": 396
  },
  {
    "fields": {
      "created": "2025-05-21T18:05:09.116Z",
      "hand": 7,
      "modified": "2025-05-21T18:05:09.116Z",
      "serialized": "♦9"
    },
    "model": "app.play",
    "pk": 397
  },
  {
    "fields": {
      "created": "2025-05-21T18:05:09.799Z",
      "hand": 8,
      "modified": "2025-05-21T18:05:09.799Z",
      "serialized": "♥A"
    },
    "model": "app.play",
    "pk": 398
  },
  {
    "fields": {
      "created": "2025-05-21T18:05:10.568Z",
      "hand": 7,
      "modified": "2025-05-21T18:05:10.568Z",
      "serialized": "♠T"
    },
    "model": "app.play",
    "pk": 399
  },
  {
    "fields": {
      "created": "2025-05-21T18:05:11.356Z",
      "hand": 8,
      "modified": "2025-05-21T18:05:11.356Z",
      "serialized": "♥7"
    },
    "model": "app.play",
    "pk": 400
  },
  {
    "fields": {
      "created": "2025-05-21T18:05:11.976Z",
      "hand": 7,
      "modified": "2025-05-21T18:05:11.976Z",
      "serialized": "♠Q"
    },
    "model": "app.play",
    "pk": 401
  },
  {
    "fields": {
      "created": "2025-05-21T18:05:12.849Z",
      "hand": 8,
      "modified": "2025-05-21T18:05:12.849Z",
      "serialized": "♠4"
    },
    "model": "app.play",
    "pk": 402
  },
  {
    "fields": {
      "created": "2025-05-21T18:05:13.480Z",
      "hand": 7,
      "modified": "2025-05-21T18:05:13.480Z",
      "serialized": "♠A"
    },
    "model": "app.play",
    "pk": 403
  },
  {
    "fields": {
      "created": "2025-05-21T18:05:14.254Z",
      "hand": 8,
      "modified": "2025-05-21T18:05:14.254Z",
      "serialized": "♠J"
    },
    "model": "app.play",
    "pk": 404
  },
  {
    "fields": {
      "created": "2025-05-21T18:05:14.906Z",
      "hand": 7,
      "modified": "2025-05-21T18:05:14.906Z",
      "serialized": "♠8"
    },
    "model": "app.play",
    "pk": 405
  },
  {
    "fields": {
      "created": "2025-05-21T18:05:15.753Z",
      "hand": 8,
      "modified": "2025-05-21T18:05:15.753Z",
      "serialized": "♠6"
    },
    "model": "app.play",
    "pk": 406
  },
  {
    "fields": {
      "created": "2025-05-21T18:05:16.429Z",
      "hand": 7,
      "modified": "2025-05-21T18:05:16.429Z",
      "serialized": "♦J"
    },
    "model": "app.play",
    "pk": 407
  },
  {
    "fields": {
      "created": "2025-05-21T18:05:18.013Z",
      "hand": 8,
      "modified": "2025-05-21T18:05:18.013Z",
      "serialized": "♠K"
    },
    "model": "app.play",
    "pk": 408
  },
  {
    "fields": {
      "created": "2025-05-21T18:05:20.525Z",
      "hand": 8,
      "modified": "2025-05-21T18:05:20.525Z",
      "serialized": "♥6"
    },
    "model": "app.play",
    "pk": 409
  },
  {
    "fields": {
      "created": "2025-05-21T18:05:22.102Z",
      "hand": 8,
      "modified": "2025-05-21T18:05:22.102Z",
      "serialized": "♠5"
    },
    "model": "app.play",
    "pk": 410
  },
  {
    "fields": {
      "created": "2025-05-21T18:05:23.773Z",
      "hand": 8,
      "modified": "2025-05-21T18:05:23.773Z",
      "serialized": "♦9"
    },
    "model": "app.play",
    "pk": 411
  },
  {
    "fields": {
      "created": "2025-05-21T18:05:25.646Z",
      "hand": 8,
      "modified": "2025-05-21T18:05:25.646Z",
      "serialized": "♠T"
    },
    "model": "app.play",
    "pk": 412
  },
  {
    "fields": {
      "created": "2025-05-21T18:05:27.251Z",
      "hand": 8,
      "modified": "2025-05-21T18:05:27.251Z",
      "serialized": "♠Q"
    },
    "model": "app.play",
    "pk": 413
  },
  {
    "fields": {
      "created": "2025-05-21T18:05:28.977Z",
      "hand": 8,
      "modified": "2025-05-21T18:05:28.977Z",
      "serialized": "♠A"
    },
    "model": "app.play",
    "pk": 414
  },
  {
    "fields": {
      "created": "2025-05-21T18:05:30.499Z",
      "hand": 8,
      "modified": "2025-05-21T18:05:30.499Z",
      "serialized": "♠8"
    },
    "model": "app.play",
    "pk": 415
  },
  {
    "fields": {
      "created": "2025-05-21T18:05:32.010Z",
      "hand": 8,
      "modified": "2025-05-21T18:05:32.010Z",
      "serialized": "♦J"
    },
    "model": "app.play",
    "pk": 416
  },
  {
    "fields": {
      "created": "2025-05-21T18:05:52.727Z",
      "hand": 9,
      "modified": "2025-05-21T18:05:52.727Z",
      "serialized": "♣4"
    },
    "model": "app.play",
    "pk": 417
  },
  {
    "fields": {
      "created": "2025-05-21T18:05:54.102Z",
      "hand": 9,
      "modified": "2025-05-21T18:05:54.102Z",
      "serialized": "♣5"
    },
    "model": "app.play",
    "pk": 418
  },
  {
    "fields": {
      "created": "2025-05-21T18:05:55.474Z",
      "hand": 9,
      "modified": "2025-05-21T18:05:55.474Z",
      "serialized": "♣2"
    },
    "model": "app.play",
    "pk": 419
  },
  {
    "fields": {
      "created": "2025-05-21T18:05:56.932Z",
      "hand": 9,
      "modified": "2025-05-21T18:05:56.932Z",
      "serialized": "♣6"
    },
    "model": "app.play",
    "pk": 420
  },
  {
    "fields": {
      "created": "2025-05-21T18:05:58.331Z",
      "hand": 9,
      "modified": "2025-05-21T18:05:58.331Z",
      "serialized": "♣K"
    },
    "model": "app.play",
    "pk": 421
  },
  {
    "fields": {
      "created": "2025-05-21T18:05:59.849Z",
      "hand": 9,
      "modified": "2025-05-21T18:05:59.849Z",
      "serialized": "♣A"
    },
    "model": "app.play",
    "pk": 422
  },
  {
    "fields": {
      "created": "2025-05-21T18:06:01.227Z",
      "hand": 9,
      "modified": "2025-05-21T18:06:01.227Z",
      "serialized": "♣8"
    },
    "model": "app.play",
    "pk": 423
  },
  {
    "fields": {
      "created": "2025-05-21T18:06:02.612Z",
      "hand": 9,
      "modified": "2025-05-21T18:06:02.612Z",
      "serialized": "♣3"
    },
    "model": "app.play",
    "pk": 424
  },
  {
    "fields": {
      "created": "2025-05-21T18:06:04.060Z",
      "hand": 9,
      "modified": "2025-05-21T18:06:04.060Z",
      "serialized": "♣7"
    },
    "model": "app.play",
    "pk": 425
  },
  {
    "fields": {
      "created": "2025-05-21T18:06:05.504Z",
      "hand": 9,
      "modified": "2025-05-21T18:06:05.504Z",
      "serialized": "♣T"
    },
    "model": "app.play",
    "pk": 426
  },
  {
    "fields": {
      "created": "2025-05-21T18:06:07.071Z",
      "hand": 9,
      "modified": "2025-05-21T18:06:07.071Z",
      "serialized": "♣9"
    },
    "model": "app.play",
    "pk": 427
  },
  {
    "fields": {
      "created": "2025-05-21T18:06:08.472Z",
      "hand": 9,
      "modified": "2025-05-21T18:06:08.472Z",
      "serialized": "♦2"
    },
    "model": "app.play",
    "pk": 428
  },
  {
    "fields": {
      "created": "2025-05-21T18:06:10.010Z",
      "hand": 9,
      "modified": "2025-05-21T18:06:10.010Z",
      "serialized": "♦8"
    },
    "model": "app.play",
    "pk": 429
  },
  {
    "fields": {
      "created": "2025-05-21T18:06:11.562Z",
      "hand": 9,
      "modified": "2025-05-21T18:06:11.562Z",
      "serialized": "♣Q"
    },
    "model": "app.play",
    "pk": 430
  },
  {
    "fields": {
      "created": "2025-05-21T18:06:12.940Z",
      "hand": 9,
      "modified": "2025-05-21T18:06:12.940Z",
      "serialized": "♦5"
    },
    "model": "app.play",
    "pk": 431
  },
  {
    "fields": {
      "created": "2025-05-21T18:06:14.314Z",
      "hand": 9,
      "modified": "2025-05-21T18:06:14.314Z",
      "serialized": "♦Q"
    },
    "model": "app.play",
    "pk": 432
  },
  {
    "fields": {
      "created": "2025-05-21T18:06:15.705Z",
      "hand": 9,
      "modified": "2025-05-21T18:06:15.705Z",
      "serialized": "♦3"
    },
    "model": "app.play",
    "pk": 433
  },
  {
    "fields": {
      "created": "2025-05-21T18:06:17.229Z",
      "hand": 9,
      "modified": "2025-05-21T18:06:17.229Z",
      "serialized": "♦T"
    },
    "model": "app.play",
    "pk": 434
  },
  {
    "fields": {
      "created": "2025-05-21T18:06:18.680Z",
      "hand": 9,
      "modified": "2025-05-21T18:06:18.680Z",
      "serialized": "♥3"
    },
    "model": "app.play",
    "pk": 435
  },
  {
    "fields": {
      "created": "2025-05-21T18:06:20.125Z",
      "hand": 9,
      "modified": "2025-05-21T18:06:20.125Z",
      "serialized": "♦6"
    },
    "model": "app.play",
    "pk": 436
  },
  {
    "fields": {
      "created": "2025-05-21T18:06:21.622Z",
      "hand": 9,
      "modified": "2025-05-21T18:06:21.622Z",
      "serialized": "♦J"
    },
    "model": "app.play",
    "pk": 437
  },
  {
    "fields": {
      "created": "2025-05-21T18:06:23.009Z",
      "hand": 9,
      "modified": "2025-05-21T18:06:23.009Z",
      "serialized": "♥5"
    },
    "model": "app.play",
    "pk": 438
  },
  {
    "fields": {
      "created": "2025-05-21T18:06:24.384Z",
      "hand": 9,
      "modified": "2025-05-21T18:06:24.384Z",
      "serialized": "♦7"
    },
    "model": "app.play",
    "pk": 439
  },
  {
    "fields": {
      "created": "2025-05-21T18:06:25.804Z",
      "hand": 9,
      "modified": "2025-05-21T18:06:25.804Z",
      "serialized": "♦K"
    },
    "model": "app.play",
    "pk": 440
  },
  {
    "fields": {
      "created": "2025-05-21T18:06:27.262Z",
      "hand": 9,
      "modified": "2025-05-21T18:06:27.262Z",
      "serialized": "♦4"
    },
    "model": "app.play",
    "pk": 441
  },
  {
    "fields": {
      "created": "2025-05-21T18:06:28.708Z",
      "hand": 9,
      "modified": "2025-05-21T18:06:28.708Z",
      "serialized": "♥4"
    },
    "model": "app.play",
    "pk": 442
  },
  {
    "fields": {
      "created": "2025-05-21T18:06:30.116Z",
      "hand": 9,
      "modified": "2025-05-21T18:06:30.116Z",
      "serialized": "♥7"
    },
    "model": "app.play",
    "pk": 443
  },
  {
    "fields": {
      "created": "2025-05-21T18:06:31.642Z",
      "hand": 9,
      "modified": "2025-05-21T18:06:31.642Z",
      "serialized": "♦9"
    },
    "model": "app.play",
    "pk": 444
  },
  {
    "fields": {
      "created": "2025-05-21T18:06:33.017Z",
      "hand": 9,
      "modified": "2025-05-21T18:06:33.017Z",
      "serialized": "♣J"
    },
    "model": "app.play",
    "pk": 445
  },
  {
    "fields": {
      "created": "2025-05-21T18:06:34.530Z",
      "hand": 9,
      "modified": "2025-05-21T18:06:34.530Z",
      "serialized": "♦A"
    },
    "model": "app.play",
    "pk": 446
  },
  {
    "fields": {
      "created": "2025-05-21T18:06:36.089Z",
      "hand": 9,
      "modified": "2025-05-21T18:06:36.089Z",
      "serialized": "♥T"
    },
    "model": "app.play",
    "pk": 447
  },
  {
    "fields": {
      "created": "2025-05-21T18:06:37.595Z",
      "hand": 9,
      "modified": "2025-05-21T18:06:37.595Z",
      "serialized": "♥9"
    },
    "model": "app.play",
    "pk": 448
  },
  {
    "fields": {
      "created": "2025-05-21T18:06:38.986Z",
      "hand": 9,
      "modified": "2025-05-21T18:06:38.986Z",
      "serialized": "♥2"
    },
    "model": "app.play",
    "pk": 449
  },
  {
    "fields": {
      "created": "2025-05-21T18:06:40.416Z",
      "hand": 9,
      "modified": "2025-05-21T18:06:40.416Z",
      "serialized": "♠2"
    },
    "model": "app.play",
    "pk": 450
  },
  {
    "fields": {
      "created": "2025-05-21T18:06:41.844Z",
      "hand": 9,
      "modified": "2025-05-21T18:06:41.844Z",
      "serialized": "♥K"
    },
    "model": "app.play",
    "pk": 451
  },
  {
    "fields": {
      "created": "2025-05-21T18:06:43.288Z",
      "hand": 9,
      "modified": "2025-05-21T18:06:43.288Z",
      "serialized": "♥J"
    },
    "model": "app.play",
    "pk": 452
  },
  {
    "fields": {
      "created": "2025-05-21T18:06:44.733Z",
      "hand": 9,
      "modified": "2025-05-21T18:06:44.733Z",
      "serialized": "♥A"
    },
    "model": "app.play",
    "pk": 453
  },
  {
    "fields": {
      "created": "2025-05-21T18:06:46.216Z",
      "hand": 9,
      "modified": "2025-05-21T18:06:46.216Z",
      "serialized": "♠3"
    },
    "model": "app.play",
    "pk": 454
  },
  {
    "fields": {
      "created": "2025-05-21T18:06:47.604Z",
      "hand": 9,
      "modified": "2025-05-21T18:06:47.604Z",
      "serialized": "♥6"
    },
    "model": "app.play",
    "pk": 455
  },
  {
    "fields": {
      "created": "2025-05-21T18:06:49.097Z",
      "hand": 9,
      "modified": "2025-05-21T18:06:49.097Z",
      "serialized": "♠6"
    },
    "model": "app.play",
    "pk": 456
  },
  {
    "fields": {
      "created": "2025-05-21T18:06:50.489Z",
      "hand": 9,
      "modified": "2025-05-21T18:06:50.489Z",
      "serialized": "♠7"
    },
    "model": "app.play",
    "pk": 457
  },
  {
    "fields": {
      "created": "2025-05-21T18:06:51.929Z",
      "hand": 9,
      "modified": "2025-05-21T18:06:51.929Z",
      "serialized": "♠9"
    },
    "model": "app.play",
    "pk": 458
  },
  {
    "fields": {
      "created": "2025-05-21T18:06:53.328Z",
      "hand": 9,
      "modified": "2025-05-21T18:06:53.329Z",
      "serialized": "♠4"
    },
    "model": "app.play",
    "pk": 459
  },
  {
    "fields": {
      "created": "2025-05-21T18:06:54.791Z",
      "hand": 9,
      "modified": "2025-05-21T18:06:54.791Z",
      "serialized": "♠T"
    },
    "model": "app.play",
    "pk": 460
  },
  {
    "fields": {
      "created": "2025-05-21T18:06:56.236Z",
      "hand": 9,
      "modified": "2025-05-21T18:06:56.236Z",
      "serialized": "♠J"
    },
    "model": "app.play",
    "pk": 461
  },
  {
    "fields": {
      "created": "2025-05-21T18:06:57.741Z",
      "hand": 9,
      "modified": "2025-05-21T18:06:57.741Z",
      "serialized": "♠K"
    },
    "model": "app.play",
    "pk": 462
  },
  {
    "fields": {
      "created": "2025-05-21T18:06:59.191Z",
      "hand": 9,
      "modified": "2025-05-21T18:06:59.191Z",
      "serialized": "♠5"
    },
    "model": "app.play",
    "pk": 463
  },
  {
    "fields": {
      "created": "2025-05-21T18:07:00.627Z",
      "hand": 9,
      "modified": "2025-05-21T18:07:00.627Z",
      "serialized": "♥8"
    },
    "model": "app.play",
    "pk": 464
  },
  {
    "fields": {
      "created": "2025-05-21T18:07:02.073Z",
      "hand": 9,
      "modified": "2025-05-21T18:07:02.073Z",
      "serialized": "♠8"
    },
    "model": "app.play",
    "pk": 465
  },
  {
    "fields": {
      "created": "2025-05-21T18:07:03.528Z",
      "hand": 9,
      "modified": "2025-05-21T18:07:03.529Z",
      "serialized": "♠Q"
    },
    "model": "app.play",
    "pk": 466
  },
  {
    "fields": {
      "created": "2025-05-21T18:07:04.980Z",
      "hand": 9,
      "modified": "2025-05-21T18:07:04.980Z",
      "serialized": "♥Q"
    },
    "model": "app.play",
    "pk": 467
  },
  {
    "fields": {
      "created": "2025-05-21T18:07:06.428Z",
      "hand": 9,
      "modified": "2025-05-21T18:07:06.428Z",
      "serialized": "♠A"
    },
    "model": "app.play",
    "pk": 468
  },
  {
    "fields": {
      "created": "2025-05-21T18:07:15.487Z",
      "hand": 11,
      "modified": "2025-05-21T18:07:15.487Z",
      "serialized": "♣6"
    },
    "model": "app.play",
    "pk": 469
  },
  {
    "fields": {
      "created": "2025-05-21T18:07:16.974Z",
      "hand": 11,
      "modified": "2025-05-21T18:07:16.974Z",
      "serialized": "♣8"
    },
    "model": "app.play",
    "pk": 470
  },
  {
    "fields": {
      "created": "2025-05-21T18:07:18.366Z",
      "hand": 11,
      "modified": "2025-05-21T18:07:18.366Z",
      "serialized": "♣4"
    },
    "model": "app.play",
    "pk": 471
  },
  {
    "fields": {
      "created": "2025-05-21T18:07:20.005Z",
      "hand": 11,
      "modified": "2025-05-21T18:07:20.005Z",
      "serialized": "♣9"
    },
    "model": "app.play",
    "pk": 472
  },
  {
    "fields": {
      "created": "2025-05-21T18:07:21.519Z",
      "hand": 11,
      "modified": "2025-05-21T18:07:21.519Z",
      "serialized": "♣Q"
    },
    "model": "app.play",
    "pk": 473
  },
  {
    "fields": {
      "created": "2025-05-21T18:07:23.015Z",
      "hand": 11,
      "modified": "2025-05-21T18:07:23.015Z",
      "serialized": "♣K"
    },
    "model": "app.play",
    "pk": 474
  },
  {
    "fields": {
      "created": "2025-05-21T18:07:24.389Z",
      "hand": 11,
      "modified": "2025-05-21T18:07:24.389Z",
      "serialized": "♣2"
    },
    "model": "app.play",
    "pk": 475
  },
  {
    "fields": {
      "created": "2025-05-21T18:07:25.831Z",
      "hand": 11,
      "modified": "2025-05-21T18:07:25.831Z",
      "serialized": "♣5"
    },
    "model": "app.play",
    "pk": 476
  },
  {
    "fields": {
      "created": "2025-05-21T18:07:27.281Z",
      "hand": 11,
      "modified": "2025-05-21T18:07:27.281Z",
      "serialized": "♣7"
    },
    "model": "app.play",
    "pk": 477
  },
  {
    "fields": {
      "created": "2025-05-21T18:07:28.664Z",
      "hand": 11,
      "modified": "2025-05-21T18:07:28.664Z",
      "serialized": "♣J"
    },
    "model": "app.play",
    "pk": 478
  },
  {
    "fields": {
      "created": "2025-05-21T18:07:30.037Z",
      "hand": 11,
      "modified": "2025-05-21T18:07:30.037Z",
      "serialized": "♣T"
    },
    "model": "app.play",
    "pk": 479
  },
  {
    "fields": {
      "created": "2025-05-21T18:07:31.462Z",
      "hand": 11,
      "modified": "2025-05-21T18:07:31.462Z",
      "serialized": "♦6"
    },
    "model": "app.play",
    "pk": 480
  },
  {
    "fields": {
      "created": "2025-05-21T18:07:32.915Z",
      "hand": 11,
      "modified": "2025-05-21T18:07:32.915Z",
      "serialized": "♣3"
    },
    "model": "app.play",
    "pk": 481
  },
  {
    "fields": {
      "created": "2025-05-21T18:07:34.302Z",
      "hand": 11,
      "modified": "2025-05-21T18:07:34.302Z",
      "serialized": "♣A"
    },
    "model": "app.play",
    "pk": 482
  },
  {
    "fields": {
      "created": "2025-05-21T18:07:35.808Z",
      "hand": 11,
      "modified": "2025-05-21T18:07:35.808Z",
      "serialized": "♦J"
    },
    "model": "app.play",
    "pk": 483
  },
  {
    "fields": {
      "created": "2025-05-21T18:07:37.287Z",
      "hand": 11,
      "modified": "2025-05-21T18:07:37.287Z",
      "serialized": "♥7"
    },
    "model": "app.play",
    "pk": 484
  },
  {
    "fields": {
      "created": "2025-05-21T18:07:38.725Z",
      "hand": 11,
      "modified": "2025-05-21T18:07:38.725Z",
      "serialized": "♦4"
    },
    "model": "app.play",
    "pk": 485
  },
  {
    "fields": {
      "created": "2025-05-21T18:07:40.127Z",
      "hand": 11,
      "modified": "2025-05-21T18:07:40.127Z",
      "serialized": "♦8"
    },
    "model": "app.play",
    "pk": 486
  },
  {
    "fields": {
      "created": "2025-05-21T18:07:41.569Z",
      "hand": 11,
      "modified": "2025-05-21T18:07:41.569Z",
      "serialized": "♦2"
    },
    "model": "app.play",
    "pk": 487
  },
  {
    "fields": {
      "created": "2025-05-21T18:07:43.016Z",
      "hand": 11,
      "modified": "2025-05-21T18:07:43.016Z",
      "serialized": "♦K"
    },
    "model": "app.play",
    "pk": 488
  },
  {
    "fields": {
      "created": "2025-05-21T18:07:44.506Z",
      "hand": 11,
      "modified": "2025-05-21T18:07:44.506Z",
      "serialized": "♥4"
    },
    "model": "app.play",
    "pk": 489
  },
  {
    "fields": {
      "created": "2025-05-21T18:07:45.898Z",
      "hand": 11,
      "modified": "2025-05-21T18:07:45.898Z",
      "serialized": "♥9"
    },
    "model": "app.play",
    "pk": 490
  },
  {
    "fields": {
      "created": "2025-05-21T18:07:47.280Z",
      "hand": 11,
      "modified": "2025-05-21T18:07:47.280Z",
      "serialized": "♥2"
    },
    "model": "app.play",
    "pk": 491
  },
  {
    "fields": {
      "created": "2025-05-21T18:07:48.751Z",
      "hand": 11,
      "modified": "2025-05-21T18:07:48.751Z",
      "serialized": "♥3"
    },
    "model": "app.play",
    "pk": 492
  },
  {
    "fields": {
      "created": "2025-05-21T18:07:50.181Z",
      "hand": 11,
      "modified": "2025-05-21T18:07:50.181Z",
      "serialized": "♦5"
    },
    "model": "app.play",
    "pk": 493
  },
  {
    "fields": {
      "created": "2025-05-21T18:07:51.606Z",
      "hand": 11,
      "modified": "2025-05-21T18:07:51.606Z",
      "serialized": "♦T"
    },
    "model": "app.play",
    "pk": 494
  },
  {
    "fields": {
      "created": "2025-05-21T18:07:53.049Z",
      "hand": 11,
      "modified": "2025-05-21T18:07:53.049Z",
      "serialized": "♦7"
    },
    "model": "app.play",
    "pk": 495
  },
  {
    "fields": {
      "created": "2025-05-21T18:07:54.458Z",
      "hand": 11,
      "modified": "2025-05-21T18:07:54.458Z",
      "serialized": "♥5"
    },
    "model": "app.play",
    "pk": 496
  },
  {
    "fields": {
      "created": "2025-05-21T18:07:55.920Z",
      "hand": 11,
      "modified": "2025-05-21T18:07:55.920Z",
      "serialized": "♥8"
    },
    "model": "app.play",
    "pk": 497
  },
  {
    "fields": {
      "created": "2025-05-21T18:07:57.408Z",
      "hand": 11,
      "modified": "2025-05-21T18:07:57.408Z",
      "serialized": "♥Q"
    },
    "model": "app.play",
    "pk": 498
  },
  {
    "fields": {
      "created": "2025-05-21T18:07:58.788Z",
      "hand": 11,
      "modified": "2025-05-21T18:07:58.788Z",
      "serialized": "♦3"
    },
    "model": "app.play",
    "pk": 499
  },
  {
    "fields": {
      "created": "2025-05-21T18:08:00.236Z",
      "hand": 11,
      "modified": "2025-05-21T18:08:00.236Z",
      "serialized": "♥6"
    },
    "model": "app.play",
    "pk": 500
  },
  {
    "fields": {
      "created": "2025-05-21T18:08:01.628Z",
      "hand": 11,
      "modified": "2025-05-21T18:08:01.628Z",
      "serialized": "♥K"
    },
    "model": "app.play",
    "pk": 501
  },
  {
    "fields": {
      "created": "2025-05-21T18:08:03.131Z",
      "hand": 11,
      "modified": "2025-05-21T18:08:03.131Z",
      "serialized": "♠2"
    },
    "model": "app.play",
    "pk": 502
  },
  {
    "fields": {
      "created": "2025-05-21T18:08:04.571Z",
      "hand": 11,
      "modified": "2025-05-21T18:08:04.571Z",
      "serialized": "♦9"
    },
    "model": "app.play",
    "pk": 503
  },
  {
    "fields": {
      "created": "2025-05-21T18:08:05.955Z",
      "hand": 11,
      "modified": "2025-05-21T18:08:05.955Z",
      "serialized": "♥T"
    },
    "model": "app.play",
    "pk": 504
  },
  {
    "fields": {
      "created": "2025-05-21T18:08:07.427Z",
      "hand": 11,
      "modified": "2025-05-21T18:08:07.427Z",
      "serialized": "♥A"
    },
    "model": "app.play",
    "pk": 505
  },
  {
    "fields": {
      "created": "2025-05-21T18:08:08.900Z",
      "hand": 11,
      "modified": "2025-05-21T18:08:08.900Z",
      "serialized": "♠6"
    },
    "model": "app.play",
    "pk": 506
  },
  {
    "fields": {
      "created": "2025-05-21T18:08:10.390Z",
      "hand": 11,
      "modified": "2025-05-21T18:08:10.390Z",
      "serialized": "♦Q"
    },
    "model": "app.play",
    "pk": 507
  },
  {
    "fields": {
      "created": "2025-05-21T18:08:11.846Z",
      "hand": 11,
      "modified": "2025-05-21T18:08:11.846Z",
      "serialized": "♥J"
    },
    "model": "app.play",
    "pk": 508
  },
  {
    "fields": {
      "created": "2025-05-21T18:08:13.231Z",
      "hand": 11,
      "modified": "2025-05-21T18:08:13.231Z",
      "serialized": "♠4"
    },
    "model": "app.play",
    "pk": 509
  },
  {
    "fields": {
      "created": "2025-05-21T18:08:14.626Z",
      "hand": 11,
      "modified": "2025-05-21T18:08:14.626Z",
      "serialized": "♠9"
    },
    "model": "app.play",
    "pk": 510
  },
  {
    "fields": {
      "created": "2025-05-21T18:08:16.081Z",
      "hand": 11,
      "modified": "2025-05-21T18:08:16.081Z",
      "serialized": "♠3"
    },
    "model": "app.play",
    "pk": 511
  },
  {
    "fields": {
      "created": "2025-05-21T18:08:17.535Z",
      "hand": 11,
      "modified": "2025-05-21T18:08:17.535Z",
      "serialized": "♠5"
    },
    "model": "app.play",
    "pk": 512
  },
  {
    "fields": {
      "created": "2025-05-21T18:08:18.981Z",
      "hand": 11,
      "modified": "2025-05-21T18:08:18.981Z",
      "serialized": "♠T"
    },
    "model": "app.play",
    "pk": 513
  },
  {
    "fields": {
      "created": "2025-05-21T18:08:20.431Z",
      "hand": 11,
      "modified": "2025-05-21T18:08:20.431Z",
      "serialized": "♠A"
    },
    "model": "app.play",
    "pk": 514
  },
  {
    "fields": {
      "created": "2025-05-21T18:08:21.890Z",
      "hand": 11,
      "modified": "2025-05-21T18:08:21.890Z",
      "serialized": "♠8"
    },
    "model": "app.play",
    "pk": 515
  },
  {
    "fields": {
      "created": "2025-05-21T18:08:23.270Z",
      "hand": 11,
      "modified": "2025-05-21T18:08:23.270Z",
      "serialized": "♠7"
    },
    "model": "app.play",
    "pk": 516
  },
  {
    "fields": {
      "created": "2025-05-21T18:08:24.718Z",
      "hand": 11,
      "modified": "2025-05-21T18:08:24.718Z",
      "serialized": "♦A"
    },
    "model": "app.play",
    "pk": 517
  },
  {
    "fields": {
      "created": "2025-05-21T18:08:26.171Z",
      "hand": 11,
      "modified": "2025-05-21T18:08:26.171Z",
      "serialized": "♠Q"
    },
    "model": "app.play",
    "pk": 518
  },
  {
    "fields": {
      "created": "2025-05-21T18:08:27.677Z",
      "hand": 11,
      "modified": "2025-05-21T18:08:27.677Z",
      "serialized": "♠J"
    },
    "model": "app.play",
    "pk": 519
  },
  {
    "fields": {
      "created": "2025-05-21T18:08:29.127Z",
      "hand": 11,
      "modified": "2025-05-21T18:08:29.127Z",
      "serialized": "♠K"
    },
    "model": "app.play",
    "pk": 520
  },
  {
    "fields": {
      "codename": "add_event",
      "content_type": 1,
      "name": "Can add event"
    },
    "model": "auth.permission",
    "pk": 1
  },
  {
    "fields": {
      "codename": "change_event",
      "content_type": 1,
      "name": "Can change event"
    },
    "model": "auth.permission",
    "pk": 2
  },
  {
    "fields": {
      "codename": "delete_event",
      "content_type": 1,
      "name": "Can delete event"
    },
    "model": "auth.permission",
    "pk": 3
  },
  {
    "fields": {
      "codename": "view_event",
      "content_type": 1,
      "name": "Can view event"
    },
    "model": "auth.permission",
    "pk": 4
  },
  {
    "fields": {
      "codename": "add_eventcounter",
      "content_type": 2,
      "name": "Can add event counter"
    },
    "model": "auth.permission",
    "pk": 5
  },
  {
    "fields": {
      "codename": "change_eventcounter",
      "content_type": 2,
      "name": "Can change event counter"
    },
    "model": "auth.permission",
    "pk": 6
  },
  {
    "fields": {
      "codename": "delete_eventcounter",
      "content_type": 2,
      "name": "Can delete event counter"
    },
    "model": "auth.permission",
    "pk": 7
  },
  {
    "fields": {
      "codename": "view_eventcounter",
      "content_type": 2,
      "name": "Can view event counter"
    },
    "model": "auth.permission",
    "pk": 8
  },
  {
    "fields": {
      "codename": "add_logentry",
      "content_type": 3,
      "name": "Can add log entry"
    },
    "model": "auth.permission",
    "pk": 9
  },
  {
    "fields": {
      "codename": "change_logentry",
      "content_type": 3,
      "name": "Can change log entry"
    },
    "model": "auth.permission",
    "pk": 10
  },
  {
    "fields": {
      "codename": "delete_logentry",
      "content_type": 3,
      "name": "Can delete log entry"
    },
    "model": "auth.permission",
    "pk": 11
  },
  {
    "fields": {
      "codename": "view_logentry",
      "content_type": 3,
      "name": "Can view log entry"
    },
    "model": "auth.permission",
    "pk": 12
  },
  {
    "fields": {
      "codename": "add_permission",
      "content_type": 4,
      "name": "Can add permission"
    },
    "model": "auth.permission",
    "pk": 13
  },
  {
    "fields": {
      "codename": "change_permission",
      "content_type": 4,
      "name": "Can change permission"
    },
    "model": "auth.permission",
    "pk": 14
  },
  {
    "fields": {
      "codename": "delete_permission",
      "content_type": 4,
      "name": "Can delete permission"
    },
    "model": "auth.permission",
    "pk": 15
  },
  {
    "fields": {
      "codename": "view_permission",
      "content_type": 4,
      "name": "Can view permission"
    },
    "model": "auth.permission",
    "pk": 16
  },
  {
    "fields": {
      "codename": "add_group",
      "content_type": 5,
      "name": "Can add group"
    },
    "model": "auth.permission",
    "pk": 17
  },
  {
    "fields": {
      "codename": "change_group",
      "content_type": 5,
      "name": "Can change group"
    },
    "model": "auth.permission",
    "pk": 18
  },
  {
    "fields": {
      "codename": "delete_group",
      "content_type": 5,
      "name": "Can delete group"
    },
    "model": "auth.permission",
    "pk": 19
  },
  {
    "fields": {
      "codename": "view_group",
      "content_type": 5,
      "name": "Can view group"
    },
    "model": "auth.permission",
    "pk": 20
  },
  {
    "fields": {
      "codename": "add_user",
      "content_type": 6,
      "name": "Can add user"
    },
    "model": "auth.permission",
    "pk": 21
  },
  {
    "fields": {
      "codename": "change_user",
      "content_type": 6,
      "name": "Can change user"
    },
    "model": "auth.permission",
    "pk": 22
  },
  {
    "fields": {
      "codename": "delete_user",
      "content_type": 6,
      "name": "Can delete user"
    },
    "model": "auth.permission",
    "pk": 23
  },
  {
    "fields": {
      "codename": "view_user",
      "content_type": 6,
      "name": "Can view user"
    },
    "model": "auth.permission",
    "pk": 24
  },
  {
    "fields": {
      "codename": "add_contenttype",
      "content_type": 7,
      "name": "Can add content type"
    },
    "model": "auth.permission",
    "pk": 25
  },
  {
    "fields": {
      "codename": "change_contenttype",
      "content_type": 7,
      "name": "Can change content type"
    },
    "model": "auth.permission",
    "pk": 26
  },
  {
    "fields": {
      "codename": "delete_contenttype",
      "content_type": 7,
      "name": "Can delete content type"
    },
    "model": "auth.permission",
    "pk": 27
  },
  {
    "fields": {
      "codename": "view_contenttype",
      "content_type": 7,
      "name": "Can view content type"
    },
    "model": "auth.permission",
    "pk": 28
  },
  {
    "fields": {
      "codename": "add_session",
      "content_type": 8,
      "name": "Can add session"
    },
    "model": "auth.permission",
    "pk": 29
  },
  {
    "fields": {
      "codename": "change_session",
      "content_type": 8,
      "name": "Can change session"
    },
    "model": "auth.permission",
    "pk": 30
  },
  {
    "fields": {
      "codename": "delete_session",
      "content_type": 8,
      "name": "Can delete session"
    },
    "model": "auth.permission",
    "pk": 31
  },
  {
    "fields": {
      "codename": "view_session",
      "content_type": 8,
      "name": "Can view session"
    },
    "model": "auth.permission",
    "pk": 32
  },
  {
    "fields": {
      "codename": "add_player",
      "content_type": 9,
      "name": "Can add player"
    },
    "model": "auth.permission",
    "pk": 33
  },
  {
    "fields": {
      "codename": "change_player",
      "content_type": 9,
      "name": "Can change player"
    },
    "model": "auth.permission",
    "pk": 34
  },
  {
    "fields": {
      "codename": "delete_player",
      "content_type": 9,
      "name": "Can delete player"
    },
    "model": "auth.permission",
    "pk": 35
  },
  {
    "fields": {
      "codename": "view_player",
      "content_type": 9,
      "name": "Can view player"
    },
    "model": "auth.permission",
    "pk": 36
  },
  {
    "fields": {
      "codename": "add_message",
      "content_type": 10,
      "name": "Can add message"
    },
    "model": "auth.permission",
    "pk": 37
  },
  {
    "fields": {
      "codename": "change_message",
      "content_type": 10,
      "name": "Can change message"
    },
    "model": "auth.permission",
    "pk": 38
  },
  {
    "fields": {
      "codename": "delete_message",
      "content_type": 10,
      "name": "Can delete message"
    },
    "model": "auth.permission",
    "pk": 39
  },
  {
    "fields": {
      "codename": "view_message",
      "content_type": 10,
      "name": "Can view message"
    },
    "model": "auth.permission",
    "pk": 40
  },
  {
    "fields": {
      "codename": "add_lobby",
      "content_type": 11,
      "name": "Can add lobby"
    },
    "model": "auth.permission",
    "pk": 41
  },
  {
    "fields": {
      "codename": "change_lobby",
      "content_type": 11,
      "name": "Can change lobby"
    },
    "model": "auth.permission",
    "pk": 42
  },
  {
    "fields": {
      "codename": "delete_lobby",
      "content_type": 11,
      "name": "Can delete lobby"
    },
    "model": "auth.permission",
    "pk": 43
  },
  {
    "fields": {
      "codename": "view_lobby",
      "content_type": 11,
      "name": "Can view lobby"
    },
    "model": "auth.permission",
    "pk": 44
  },
  {
    "fields": {
      "codename": "add_board",
      "content_type": 12,
      "name": "Can add board"
    },
    "model": "auth.permission",
    "pk": 45
  },
  {
    "fields": {
      "codename": "change_board",
      "content_type": 12,
      "name": "Can change board"
    },
    "model": "auth.permission",
    "pk": 46
  },
  {
    "fields": {
      "codename": "delete_board",
      "content_type": 12,
      "name": "Can delete board"
    },
    "model": "auth.permission",
    "pk": 47
  },
  {
    "fields": {
      "codename": "view_board",
      "content_type": 12,
      "name": "Can view board"
    },
    "model": "auth.permission",
    "pk": 48
  },
  {
    "fields": {
      "codename": "add_call",
      "content_type": 13,
      "name": "Can add call"
    },
    "model": "auth.permission",
    "pk": 49
  },
  {
    "fields": {
      "codename": "change_call",
      "content_type": 13,
      "name": "Can change call"
    },
    "model": "auth.permission",
    "pk": 50
  },
  {
    "fields": {
      "codename": "delete_call",
      "content_type": 13,
      "name": "Can delete call"
    },
    "model": "auth.permission",
    "pk": 51
  },
  {
    "fields": {
      "codename": "view_call",
      "content_type": 13,
      "name": "Can view call"
    },
    "model": "auth.permission",
    "pk": 52
  },
  {
    "fields": {
      "codename": "add_play",
      "content_type": 14,
      "name": "Can add play"
    },
    "model": "auth.permission",
    "pk": 53
  },
  {
    "fields": {
      "codename": "change_play",
      "content_type": 14,
      "name": "Can change play"
    },
    "model": "auth.permission",
    "pk": 54
  },
  {
    "fields": {
      "codename": "delete_play",
      "content_type": 14,
      "name": "Can delete play"
    },
    "model": "auth.permission",
    "pk": 55
  },
  {
    "fields": {
      "codename": "view_play",
      "content_type": 14,
      "name": "Can view play"
    },
    "model": "auth.permission",
    "pk": 56
  },
  {
    "fields": {
      "codename": "add_usermitplaya",
      "content_type": 15,
      "name": "Can add user"
    },
    "model": "auth.permission",
    "pk": 57
  },
  {
    "fields": {
      "codename": "change_usermitplaya",
      "content_type": 15,
      "name": "Can change user"
    },
    "model": "auth.permission",
    "pk": 58
  },
  {
    "fields": {
      "codename": "delete_usermitplaya",
      "content_type": 15,
      "name": "Can delete user"
    },
    "model": "auth.permission",
    "pk": 59
  },
  {
    "fields": {
      "codename": "view_usermitplaya",
      "content_type": 15,
      "name": "Can view user"
    },
    "model": "auth.permission",
    "pk": 60
  },
  {
    "fields": {
      "codename": "add_hand",
      "content_type": 16,
      "name": "Can add hand"
    },
    "model": "auth.permission",
    "pk": 61
  },
  {
    "fields": {
      "codename": "change_hand",
      "content_type": 16,
      "name": "Can change hand"
    },
    "model": "auth.permission",
    "pk": 62
  },
  {
    "fields": {
      "codename": "delete_hand",
      "content_type": 16,
      "name": "Can delete hand"
    },
    "model": "auth.permission",
    "pk": 63
  },
  {
    "fields": {
      "codename": "view_hand",
      "content_type": 16,
      "name": "Can view hand"
    },
    "model": "auth.permission",
    "pk": 64
  },
  {
    "fields": {
      "codename": "add_tournament",
      "content_type": 17,
      "name": "Can add tournament"
    },
    "model": "auth.permission",
    "pk": 65
  },
  {
    "fields": {
      "codename": "change_tournament",
      "content_type": 17,
      "name": "Can change tournament"
    },
    "model": "auth.permission",
    "pk": 66
  },
  {
    "fields": {
      "codename": "delete_tournament",
      "content_type": 17,
      "name": "Can delete tournament"
    },
    "model": "auth.permission",
    "pk": 67
  },
  {
    "fields": {
      "codename": "view_tournament",
      "content_type": 17,
      "name": "Can view tournament"
    },
    "model": "auth.permission",
    "pk": 68
  },
  {
    "fields": {
      "codename": "add_tournamentsignup",
      "content_type": 18,
      "name": "Can add tournament signup"
    },
    "model": "auth.permission",
    "pk": 69
  },
  {
    "fields": {
      "codename": "change_tournamentsignup",
      "content_type": 18,
      "name": "Can change tournament signup"
    },
    "model": "auth.permission",
    "pk": 70
  },
  {
    "fields": {
      "codename": "delete_tournamentsignup",
      "content_type": 18,
      "name": "Can delete tournament signup"
    },
    "model": "auth.permission",
    "pk": 71
  },
  {
    "fields": {
      "codename": "view_tournamentsignup",
      "content_type": 18,
      "name": "Can view tournament signup"
    },
    "model": "auth.permission",
    "pk": 72
  },
  {
    "fields": {
      "date_joined": "2025-05-13T01:54:08.222Z",
      "email": "admin@admin.com",
      "first_name": "",
      "groups": [],
      "is_active": true,
      "is_staff": true,
      "is_superuser": true,
      "last_login": "2025-05-22T19:43:30.595Z",
      "last_name": "",
      "password": "pbkdf2_sha256$1000000$hOtJaXGVyHPaISkIaQDrbG$nWBkhC6zBHMzY+WQ87zU/MeCxPUqcpnhb4KR6mJN/QY=",
      "user_permissions": [],
      "username": "admin"
    },
    "model": "auth.user",
    "pk": 1
  },
  {
    "fields": {
      "date_joined": "2025-05-13T01:55:22.010Z",
      "email": "",
      "first_name": "",
      "groups": [],
      "is_active": true,
      "is_staff": false,
      "is_superuser": false,
      "last_login": "2025-05-22T19:42:36.373Z",
      "last_name": "",
      "password": "pbkdf2_sha256$1000000$hcz7Zz2oQN4VRnphUzni3z$Oc+nLTL3LXuV+4IGHgGTNo6pF3Quo3rTtcza9y9DFIE=",
      "user_permissions": [],
      "username": "bob"
    },
    "model": "auth.user",
    "pk": 2
  },
  {
    "fields": {
      "date_joined": "2025-05-13T01:55:27.815Z",
      "email": "",
      "first_name": "",
      "groups": [],
      "is_active": true,
      "is_staff": false,
      "is_superuser": false,
      "last_login": "2025-05-21T18:07:06.681Z",
      "last_name": "",
      "password": "pbkdf2_sha256$1000000$hcz7Zz2oQN4VRnphUzni3z$Oc+nLTL3LXuV+4IGHgGTNo6pF3Quo3rTtcza9y9DFIE=",
      "user_permissions": [],
      "username": "_prez"
    },
    "model": "auth.user",
    "pk": 3
  },
  {
    "fields": {
      "date_joined": "2025-05-13T01:56:08.359Z",
      "email": "",
      "first_name": "",
      "groups": [],
      "is_active": true,
      "is_staff": false,
      "is_superuser": false,
      "last_login": "2025-05-21T18:05:32.220Z",
      "last_name": "",
      "password": "pbkdf2_sha256$1000000$hcz7Zz2oQN4VRnphUzni3z$Oc+nLTL3LXuV+4IGHgGTNo6pF3Quo3rTtcza9y9DFIE=",
      "user_permissions": [],
      "username": "_rhonda"
    },
    "model": "auth.user",
    "pk": 4
  },
  {
    "fields": {
      "date_joined": "2025-05-13T01:56:08.396Z",
      "email": "",
      "first_name": "",
      "groups": [],
      "is_active": true,
      "is_staff": false,
      "is_superuser": false,
      "last_login": "2025-05-21T18:05:32.236Z",
      "last_name": "",
      "password": "pbkdf2_sha256$1000000$hcz7Zz2oQN4VRnphUzni3z$Oc+nLTL3LXuV+4IGHgGTNo6pF3Quo3rTtcza9y9DFIE=",
      "user_permissions": [],
      "username": "_bodie"
    },
    "model": "auth.user",
    "pk": 5
  },
  {
    "fields": {
      "date_joined": "2025-05-13T01:56:08.418Z",
      "email": "",
      "first_name": "",
      "groups": [],
      "is_active": true,
      "is_staff": false,
      "is_superuser": false,
      "last_login": "2025-05-21T18:05:32.222Z",
      "last_name": "",
      "password": "pbkdf2_sha256$1000000$hcz7Zz2oQN4VRnphUzni3z$Oc+nLTL3LXuV+4IGHgGTNo6pF3Quo3rTtcza9y9DFIE=",
      "user_permissions": [],
      "username": "_kima"
    },
    "model": "auth.user",
    "pk": 6
  },
  {
    "fields": {
      "date_joined": "2025-05-13T01:56:08.435Z",
      "email": "",
      "first_name": "",
      "groups": [],
      "is_active": true,
      "is_staff": false,
      "is_superuser": false,
      "last_login": "2025-05-21T18:05:32.238Z",
      "last_name": "",
      "password": "pbkdf2_sha256$1000000$hcz7Zz2oQN4VRnphUzni3z$Oc+nLTL3LXuV+4IGHgGTNo6pF3Quo3rTtcza9y9DFIE=",
      "user_permissions": [],
      "username": "_tony gray"
    },
    "model": "auth.user",
    "pk": 7
  },
  {
    "fields": {
      "date_joined": "2025-05-13T01:56:08.452Z",
      "email": "",
      "first_name": "",
      "groups": [],
      "is_active": true,
      "is_staff": false,
      "is_superuser": false,
      "last_login": "2025-05-21T18:07:06.682Z",
      "last_name": "",
      "password": "pbkdf2_sha256$1000000$hcz7Zz2oQN4VRnphUzni3z$Oc+nLTL3LXuV+4IGHgGTNo6pF3Quo3rTtcza9y9DFIE=",
      "user_permissions": [],
      "username": "_sydnor"
    },
    "model": "auth.user",
    "pk": 8
  },
  {
    "fields": {
      "date_joined": "2025-05-13T01:56:08.469Z",
      "email": "",
      "first_name": "",
      "groups": [],
      "is_active": true,
      "is_staff": false,
      "is_superuser": false,
      "last_login": "2025-05-21T18:07:06.683Z",
      "last_name": "",
      "password": "pbkdf2_sha256$1000000$hcz7Zz2oQN4VRnphUzni3z$Oc+nLTL3LXuV+4IGHgGTNo6pF3Quo3rTtcza9y9DFIE=",
      "user_permissions": [],
      "username": "_randy"
    },
    "model": "auth.user",
    "pk": 9
  }
]
