--
-- PostgreSQL database dump
--

-- Dumped from database version 17.2 (Debian 17.2-1.pgdg120+1)
-- Dumped by pg_dump version 17.2 (Debian 17.2-1.pgdg120+1)

SET statement_timeout = 0;
SET lock_timeout = 0;
SET idle_in_transaction_session_timeout = 0;
SET transaction_timeout = 0;
SET client_encoding = 'UTF8';
SET standard_conforming_strings = on;
SELECT pg_catalog.set_config('search_path', '', false);
SET check_function_bodies = false;
SET xmloption = content;
SET client_min_messages = warning;
SET row_security = off;

SET default_tablespace = '';

SET default_table_access_method = heap;

--
-- Name: app_board; Type: TABLE; Schema: public; Owner: postgres
--

CREATE TABLE public.app_board (
    id bigint NOT NULL,
    ns_vulnerable boolean NOT NULL,
    ew_vulnerable boolean NOT NULL,
    east_cards character varying(26) NOT NULL,
    north_cards character varying(26) NOT NULL,
    south_cards character varying(26) NOT NULL,
    west_cards character varying(26) NOT NULL,
    tournament_id bigint NOT NULL,
    dealer character varying NOT NULL,
    display_number smallint NOT NULL,
    CONSTRAINT app_board_dealer_must_be_compass_letter CHECK (((dealer)::text = ANY ((ARRAY['N'::character varying, 'E'::character varying, 'S'::character varying, 'W'::character varying])::text[])))
);


ALTER TABLE public.app_board OWNER TO postgres;

--
-- Name: COLUMN app_board.dealer; Type: COMMENT; Schema: public; Owner: postgres
--

COMMENT ON COLUMN public.app_board.dealer IS 'corresponds to bridge library''s "direction" ';


--
-- Name: app_board_id_seq; Type: SEQUENCE; Schema: public; Owner: postgres
--

ALTER TABLE public.app_board ALTER COLUMN id ADD GENERATED BY DEFAULT AS IDENTITY (
    SEQUENCE NAME public.app_board_id_seq
    START WITH 1
    INCREMENT BY 1
    NO MINVALUE
    NO MAXVALUE
    CACHE 1
);


--
-- Name: app_call; Type: TABLE; Schema: public; Owner: postgres
--

CREATE TABLE public.app_call (
    id bigint NOT NULL,
    serialized character varying(10) NOT NULL,
    hand_id bigint NOT NULL
);


ALTER TABLE public.app_call OWNER TO postgres;

--
-- Name: COLUMN app_call.serialized; Type: COMMENT; Schema: public; Owner: postgres
--

COMMENT ON COLUMN public.app_call.serialized IS 'A short string with which we can create a bridge.contract.Call object';


--
-- Name: app_call_id_seq; Type: SEQUENCE; Schema: public; Owner: postgres
--

ALTER TABLE public.app_call ALTER COLUMN id ADD GENERATED BY DEFAULT AS IDENTITY (
    SEQUENCE NAME public.app_call_id_seq
    START WITH 1
    INCREMENT BY 1
    NO MINVALUE
    NO MAXVALUE
    CACHE 1
);


--
-- Name: app_hand; Type: TABLE; Schema: public; Owner: postgres
--

CREATE TABLE public.app_hand (
    id bigint NOT NULL,
    table_id bigint NOT NULL,
    board_id bigint NOT NULL,
    open_access boolean NOT NULL
);


ALTER TABLE public.app_hand OWNER TO postgres;

--
-- Name: COLUMN app_hand.open_access; Type: COMMENT; Schema: public; Owner: postgres
--

COMMENT ON COLUMN public.app_hand.open_access IS 'For debugging only! Settable via the admin site, and maaaaybe by a special "god-mode" switch in the UI';


--
-- Name: app_handrecord_id_seq; Type: SEQUENCE; Schema: public; Owner: postgres
--

ALTER TABLE public.app_hand ALTER COLUMN id ADD GENERATED BY DEFAULT AS IDENTITY (
    SEQUENCE NAME public.app_handrecord_id_seq
    START WITH 1
    INCREMENT BY 1
    NO MINVALUE
    NO MAXVALUE
    CACHE 1
);


--
-- Name: app_lobby; Type: TABLE; Schema: public; Owner: postgres
--

CREATE TABLE public.app_lobby (
    id bigint NOT NULL
);


ALTER TABLE public.app_lobby OWNER TO postgres;

--
-- Name: TABLE app_lobby; Type: COMMENT; Schema: public; Owner: postgres
--

COMMENT ON TABLE public.app_lobby IS 'Serves no purpose other than acting as a target for lobby messages';


--
-- Name: app_lobby_id_seq; Type: SEQUENCE; Schema: public; Owner: postgres
--

ALTER TABLE public.app_lobby ALTER COLUMN id ADD GENERATED BY DEFAULT AS IDENTITY (
    SEQUENCE NAME public.app_lobby_id_seq
    START WITH 1
    INCREMENT BY 1
    NO MINVALUE
    NO MAXVALUE
    CACHE 1
);


--
-- Name: app_message; Type: TABLE; Schema: public; Owner: postgres
--

CREATE TABLE public.app_message (
    id bigint NOT NULL,
    "timestamp" timestamp with time zone NOT NULL,
    message text NOT NULL,
    from_player_id bigint,
    recipient_content_type_id integer NOT NULL,
    recipient_object_id integer NOT NULL,
    CONSTRAINT app_message_recipient_object_id_check CHECK ((recipient_object_id >= 0))
);


ALTER TABLE public.app_message OWNER TO postgres;

--
-- Name: COLUMN app_message.from_player_id; Type: COMMENT; Schema: public; Owner: postgres
--

COMMENT ON COLUMN public.app_message.from_player_id IS 'NULL means it came from ''the system''';


--
-- Name: app_message_id_seq; Type: SEQUENCE; Schema: public; Owner: postgres
--

ALTER TABLE public.app_message ALTER COLUMN id ADD GENERATED BY DEFAULT AS IDENTITY (
    SEQUENCE NAME public.app_message_id_seq
    START WITH 1
    INCREMENT BY 1
    NO MINVALUE
    NO MAXVALUE
    CACHE 1
);


--
-- Name: app_play; Type: TABLE; Schema: public; Owner: postgres
--

CREATE TABLE public.app_play (
    id bigint NOT NULL,
    serialized character varying(2) NOT NULL,
    hand_id bigint NOT NULL
);


ALTER TABLE public.app_play OWNER TO postgres;

--
-- Name: COLUMN app_play.serialized; Type: COMMENT; Schema: public; Owner: postgres
--

COMMENT ON COLUMN public.app_play.serialized IS 'A short string with which we can create a bridge.card.Card object';


--
-- Name: app_play_id_seq; Type: SEQUENCE; Schema: public; Owner: postgres
--

ALTER TABLE public.app_play ALTER COLUMN id ADD GENERATED BY DEFAULT AS IDENTITY (
    SEQUENCE NAME public.app_play_id_seq
    START WITH 1
    INCREMENT BY 1
    NO MINVALUE
    NO MAXVALUE
    CACHE 1
);


--
-- Name: app_player; Type: TABLE; Schema: public; Owner: postgres
--

CREATE TABLE public.app_player (
    id bigint NOT NULL,
    user_id integer NOT NULL,
    partner_id bigint,
    currently_seated boolean NOT NULL,
    synthetic boolean NOT NULL,
    allow_bot_to_play_for_me boolean NOT NULL,
    CONSTRAINT app_player_cant_be_own_partner CHECK (((partner_id IS NULL) OR (NOT ((partner_id = id) AND (partner_id IS NOT NULL))))),
    CONSTRAINT synthetic_players_must_allow_bot_to_play_for_them CHECK (((NOT synthetic) OR allow_bot_to_play_for_me))
);


ALTER TABLE public.app_player OWNER TO postgres;

--
-- Name: app_player_boards_played; Type: TABLE; Schema: public; Owner: postgres
--

CREATE TABLE public.app_player_boards_played (
    id bigint NOT NULL,
    player_id bigint NOT NULL,
    board_id bigint NOT NULL
);


ALTER TABLE public.app_player_boards_played OWNER TO postgres;

--
-- Name: app_player_boards_played_id_seq; Type: SEQUENCE; Schema: public; Owner: postgres
--

ALTER TABLE public.app_player_boards_played ALTER COLUMN id ADD GENERATED BY DEFAULT AS IDENTITY (
    SEQUENCE NAME public.app_player_boards_played_id_seq
    START WITH 1
    INCREMENT BY 1
    NO MINVALUE
    NO MAXVALUE
    CACHE 1
);


--
-- Name: app_player_id_seq; Type: SEQUENCE; Schema: public; Owner: postgres
--

ALTER TABLE public.app_player ALTER COLUMN id ADD GENERATED BY DEFAULT AS IDENTITY (
    SEQUENCE NAME public.app_player_id_seq
    START WITH 1
    INCREMENT BY 1
    NO MINVALUE
    NO MAXVALUE
    CACHE 1
);


--
-- Name: app_seat; Type: TABLE; Schema: public; Owner: postgres
--

CREATE TABLE public.app_seat (
    id bigint NOT NULL,
    player_id bigint NOT NULL,
    table_id bigint NOT NULL,
    direction character varying NOT NULL,
    CONSTRAINT app_seat_direction_valid CHECK (((direction)::text = ANY ((ARRAY['E'::character varying, 'N'::character varying, 'S'::character varying, 'W'::character varying])::text[])))
);


ALTER TABLE public.app_seat OWNER TO postgres;

--
-- Name: COLUMN app_seat.player_id; Type: COMMENT; Schema: public; Owner: postgres
--

COMMENT ON COLUMN public.app_seat.player_id IS 'this is None *only* if this player has *never* been seated.  Use `Player.currently_seated` for most things.';


--
-- Name: app_seat_id_seq; Type: SEQUENCE; Schema: public; Owner: postgres
--

ALTER TABLE public.app_seat ALTER COLUMN id ADD GENERATED BY DEFAULT AS IDENTITY (
    SEQUENCE NAME public.app_seat_id_seq
    START WITH 1
    INCREMENT BY 1
    NO MINVALUE
    NO MAXVALUE
    CACHE 1
);


--
-- Name: app_table; Type: TABLE; Schema: public; Owner: postgres
--

CREATE TABLE public.app_table (
    id bigint NOT NULL,
    tempo_seconds double precision NOT NULL,
    tournament_id bigint NOT NULL
);


ALTER TABLE public.app_table OWNER TO postgres;

--
-- Name: COLUMN app_table.tempo_seconds; Type: COMMENT; Schema: public; Owner: postgres
--

COMMENT ON COLUMN public.app_table.tempo_seconds IS 'Time, in seconds, that the bot will wait before making a call or play';


--
-- Name: app_table_id_seq; Type: SEQUENCE; Schema: public; Owner: postgres
--

ALTER TABLE public.app_table ALTER COLUMN id ADD GENERATED BY DEFAULT AS IDENTITY (
    SEQUENCE NAME public.app_table_id_seq
    START WITH 1
    INCREMENT BY 1
    NO MINVALUE
    NO MAXVALUE
    CACHE 1
);


--
-- Name: app_tournament; Type: TABLE; Schema: public; Owner: postgres
--

CREATE TABLE public.app_tournament (
    id bigint NOT NULL,
    is_complete boolean NOT NULL
);


ALTER TABLE public.app_tournament OWNER TO postgres;

--
-- Name: app_tournament_id_seq; Type: SEQUENCE; Schema: public; Owner: postgres
--

ALTER TABLE public.app_tournament ALTER COLUMN id ADD GENERATED BY DEFAULT AS IDENTITY (
    SEQUENCE NAME public.app_tournament_id_seq
    START WITH 1
    INCREMENT BY 1
    NO MINVALUE
    NO MAXVALUE
    CACHE 1
);


--
-- Name: app_usermitplaya; Type: TABLE; Schema: public; Owner: postgres
--

CREATE TABLE public.app_usermitplaya (
    user_ptr_id integer NOT NULL
);


ALTER TABLE public.app_usermitplaya OWNER TO postgres;

--
-- Name: auth_group; Type: TABLE; Schema: public; Owner: postgres
--

CREATE TABLE public.auth_group (
    id integer NOT NULL,
    name character varying(150) NOT NULL
);


ALTER TABLE public.auth_group OWNER TO postgres;

--
-- Name: auth_group_id_seq; Type: SEQUENCE; Schema: public; Owner: postgres
--

ALTER TABLE public.auth_group ALTER COLUMN id ADD GENERATED BY DEFAULT AS IDENTITY (
    SEQUENCE NAME public.auth_group_id_seq
    START WITH 1
    INCREMENT BY 1
    NO MINVALUE
    NO MAXVALUE
    CACHE 1
);


--
-- Name: auth_group_permissions; Type: TABLE; Schema: public; Owner: postgres
--

CREATE TABLE public.auth_group_permissions (
    id bigint NOT NULL,
    group_id integer NOT NULL,
    permission_id integer NOT NULL
);


ALTER TABLE public.auth_group_permissions OWNER TO postgres;

--
-- Name: auth_group_permissions_id_seq; Type: SEQUENCE; Schema: public; Owner: postgres
--

ALTER TABLE public.auth_group_permissions ALTER COLUMN id ADD GENERATED BY DEFAULT AS IDENTITY (
    SEQUENCE NAME public.auth_group_permissions_id_seq
    START WITH 1
    INCREMENT BY 1
    NO MINVALUE
    NO MAXVALUE
    CACHE 1
);


--
-- Name: auth_permission; Type: TABLE; Schema: public; Owner: postgres
--

CREATE TABLE public.auth_permission (
    id integer NOT NULL,
    name character varying(255) NOT NULL,
    content_type_id integer NOT NULL,
    codename character varying(100) NOT NULL
);


ALTER TABLE public.auth_permission OWNER TO postgres;

--
-- Name: auth_permission_id_seq; Type: SEQUENCE; Schema: public; Owner: postgres
--

ALTER TABLE public.auth_permission ALTER COLUMN id ADD GENERATED BY DEFAULT AS IDENTITY (
    SEQUENCE NAME public.auth_permission_id_seq
    START WITH 1
    INCREMENT BY 1
    NO MINVALUE
    NO MAXVALUE
    CACHE 1
);


--
-- Name: auth_user; Type: TABLE; Schema: public; Owner: postgres
--

CREATE TABLE public.auth_user (
    id integer NOT NULL,
    password character varying(128) NOT NULL,
    last_login timestamp with time zone,
    is_superuser boolean NOT NULL,
    username character varying(150) NOT NULL,
    first_name character varying(150) NOT NULL,
    last_name character varying(150) NOT NULL,
    email character varying(254) NOT NULL,
    is_staff boolean NOT NULL,
    is_active boolean NOT NULL,
    date_joined timestamp with time zone NOT NULL
);


ALTER TABLE public.auth_user OWNER TO postgres;

--
-- Name: auth_user_groups; Type: TABLE; Schema: public; Owner: postgres
--

CREATE TABLE public.auth_user_groups (
    id bigint NOT NULL,
    user_id integer NOT NULL,
    group_id integer NOT NULL
);


ALTER TABLE public.auth_user_groups OWNER TO postgres;

--
-- Name: auth_user_groups_id_seq; Type: SEQUENCE; Schema: public; Owner: postgres
--

ALTER TABLE public.auth_user_groups ALTER COLUMN id ADD GENERATED BY DEFAULT AS IDENTITY (
    SEQUENCE NAME public.auth_user_groups_id_seq
    START WITH 1
    INCREMENT BY 1
    NO MINVALUE
    NO MAXVALUE
    CACHE 1
);


--
-- Name: auth_user_id_seq; Type: SEQUENCE; Schema: public; Owner: postgres
--

ALTER TABLE public.auth_user ALTER COLUMN id ADD GENERATED BY DEFAULT AS IDENTITY (
    SEQUENCE NAME public.auth_user_id_seq
    START WITH 1
    INCREMENT BY 1
    NO MINVALUE
    NO MAXVALUE
    CACHE 1
);


--
-- Name: auth_user_user_permissions; Type: TABLE; Schema: public; Owner: postgres
--

CREATE TABLE public.auth_user_user_permissions (
    id bigint NOT NULL,
    user_id integer NOT NULL,
    permission_id integer NOT NULL
);


ALTER TABLE public.auth_user_user_permissions OWNER TO postgres;

--
-- Name: auth_user_user_permissions_id_seq; Type: SEQUENCE; Schema: public; Owner: postgres
--

ALTER TABLE public.auth_user_user_permissions ALTER COLUMN id ADD GENERATED BY DEFAULT AS IDENTITY (
    SEQUENCE NAME public.auth_user_user_permissions_id_seq
    START WITH 1
    INCREMENT BY 1
    NO MINVALUE
    NO MAXVALUE
    CACHE 1
);


--
-- Name: django_admin_log; Type: TABLE; Schema: public; Owner: postgres
--

CREATE TABLE public.django_admin_log (
    id integer NOT NULL,
    action_time timestamp with time zone NOT NULL,
    object_id text,
    object_repr character varying(200) NOT NULL,
    action_flag smallint NOT NULL,
    change_message text NOT NULL,
    content_type_id integer,
    user_id integer NOT NULL,
    CONSTRAINT django_admin_log_action_flag_check CHECK ((action_flag >= 0))
);


ALTER TABLE public.django_admin_log OWNER TO postgres;

--
-- Name: django_admin_log_id_seq; Type: SEQUENCE; Schema: public; Owner: postgres
--

ALTER TABLE public.django_admin_log ALTER COLUMN id ADD GENERATED BY DEFAULT AS IDENTITY (
    SEQUENCE NAME public.django_admin_log_id_seq
    START WITH 1
    INCREMENT BY 1
    NO MINVALUE
    NO MAXVALUE
    CACHE 1
);


--
-- Name: django_content_type; Type: TABLE; Schema: public; Owner: postgres
--

CREATE TABLE public.django_content_type (
    id integer NOT NULL,
    app_label character varying(100) NOT NULL,
    model character varying(100) NOT NULL
);


ALTER TABLE public.django_content_type OWNER TO postgres;

--
-- Name: django_content_type_id_seq; Type: SEQUENCE; Schema: public; Owner: postgres
--

ALTER TABLE public.django_content_type ALTER COLUMN id ADD GENERATED BY DEFAULT AS IDENTITY (
    SEQUENCE NAME public.django_content_type_id_seq
    START WITH 1
    INCREMENT BY 1
    NO MINVALUE
    NO MAXVALUE
    CACHE 1
);


--
-- Name: django_eventstream_event; Type: TABLE; Schema: public; Owner: postgres
--

CREATE TABLE public.django_eventstream_event (
    id integer NOT NULL,
    channel character varying(255) NOT NULL,
    type character varying(255) NOT NULL,
    data text NOT NULL,
    eid bigint NOT NULL,
    created timestamp with time zone NOT NULL
);


ALTER TABLE public.django_eventstream_event OWNER TO postgres;

--
-- Name: django_eventstream_event_id_seq; Type: SEQUENCE; Schema: public; Owner: postgres
--

ALTER TABLE public.django_eventstream_event ALTER COLUMN id ADD GENERATED BY DEFAULT AS IDENTITY (
    SEQUENCE NAME public.django_eventstream_event_id_seq
    START WITH 1
    INCREMENT BY 1
    NO MINVALUE
    NO MAXVALUE
    CACHE 1
);


--
-- Name: django_eventstream_eventcounter; Type: TABLE; Schema: public; Owner: postgres
--

CREATE TABLE public.django_eventstream_eventcounter (
    id integer NOT NULL,
    name character varying(255) NOT NULL,
    value bigint NOT NULL,
    updated timestamp with time zone NOT NULL
);


ALTER TABLE public.django_eventstream_eventcounter OWNER TO postgres;

--
-- Name: django_eventstream_eventcounter_id_seq; Type: SEQUENCE; Schema: public; Owner: postgres
--

ALTER TABLE public.django_eventstream_eventcounter ALTER COLUMN id ADD GENERATED BY DEFAULT AS IDENTITY (
    SEQUENCE NAME public.django_eventstream_eventcounter_id_seq
    START WITH 1
    INCREMENT BY 1
    NO MINVALUE
    NO MAXVALUE
    CACHE 1
);


--
-- Name: django_migrations; Type: TABLE; Schema: public; Owner: postgres
--

CREATE TABLE public.django_migrations (
    id bigint NOT NULL,
    app character varying(255) NOT NULL,
    name character varying(255) NOT NULL,
    applied timestamp with time zone NOT NULL
);


ALTER TABLE public.django_migrations OWNER TO postgres;

--
-- Name: django_migrations_id_seq; Type: SEQUENCE; Schema: public; Owner: postgres
--

ALTER TABLE public.django_migrations ALTER COLUMN id ADD GENERATED BY DEFAULT AS IDENTITY (
    SEQUENCE NAME public.django_migrations_id_seq
    START WITH 1
    INCREMENT BY 1
    NO MINVALUE
    NO MAXVALUE
    CACHE 1
);


--
-- Name: django_session; Type: TABLE; Schema: public; Owner: postgres
--

CREATE TABLE public.django_session (
    session_key character varying(40) NOT NULL,
    session_data text NOT NULL,
    expire_date timestamp with time zone NOT NULL
);


ALTER TABLE public.django_session OWNER TO postgres;

--
-- Data for Name: app_board; Type: TABLE DATA; Schema: public; Owner: postgres
--

COPY public.app_board (id, ns_vulnerable, ew_vulnerable, east_cards, north_cards, south_cards, west_cards, tournament_id, dealer, display_number) FROM stdin;
1	f	f	♣3♣6♣7♣9♣Q♥4♥T♥Q♠4♠7♠9♠J♠A	♣8♣J♦3♦6♦7♦T♦Q♥3♥7♥8♥9♥K♥A	♣2♣4♣5♣T♦2♦8♦9♦A♥2♥J♠2♠8♠Q	♣K♣A♦4♦5♦J♦K♥5♥6♠3♠5♠6♠T♠K	1	W	2
2	f	f	♣2♣5♣9♣T♣J♣K♦9♦T♥5♥9♠8♠9♠J	♣4♣6♣7♣8♣A♦8♦J♦Q♦A♥2♥7♥Q♠7	♣Q♦2♦3♦4♦6♥6♥8♠2♠4♠6♠Q♠K♠A	♣3♦5♦7♦K♥3♥4♥T♥J♥K♥A♠3♠5♠T	1	N	3
3	t	f	♣9♣Q♦3♦4♦5♦K♥7♥A♠3♠6♠7♠9♠A	♣2♣4♣7♣8♦7♦8♦Q♦A♥K♠4♠T♠J♠Q	♣5♣J♣K♣A♦9♦J♥4♥6♥9♥T♥J♠8♠K	♣3♣6♣T♦2♦6♦T♥2♥3♥5♥8♥Q♠2♠5	1	E	4
4	f	t	♣2♣K♦2♦4♦5♦6♦7♦9♦J♥7♥J♠7♠J	♣6♣7♣T♣J♥3♥9♥T♥Q♥A♠2♠4♠5♠8	♣3♣4♣Q♣A♦T♦K♦A♥2♥8♠3♠6♠T♠Q	♣5♣8♣9♦3♦8♦Q♥4♥5♥6♥K♠9♠K♠A	1	S	5
5	t	t	♣5♣8♣T♣J♦5♦6♦7♦9♥J♠3♠5♠9♠Q	♣4♣7♣Q♣A♥3♥5♥7♥9♥K♥A♠7♠8♠K	♣2♣3♣9♦3♦4♦Q♦K♦A♥2♥6♥8♥Q♠4	♣6♣K♦2♦8♦T♦J♥4♥T♠2♠6♠T♠J♠A	1	W	6
6	t	f	♣2♣3♣8♣J♦3♦8♦T♥2♠2♠6♠9♠T♠K	♣6♣7♣K♦4♦5♥7♥9♥Q♥K♥A♠4♠7♠J	♣4♣5♣T♣A♦2♦7♦9♦Q♦A♥3♥6♠3♠A	♣9♣Q♦6♦J♦K♥4♥5♥8♥T♥J♠5♠8♠Q	1	N	7
7	f	t	♣4♣5♣7♣T♦2♦4♦Q♥5♠3♠5♠7♠J♠Q	♣8♣A♦3♦5♦8♦9♥3♥4♥7♥8♥A♠2♠T	♣2♣3♣9♣J♣K♦J♦K♥9♥T♠4♠6♠K♠A	♣6♣Q♦6♦7♦T♦A♥2♥6♥J♥Q♥K♠8♠9	1	E	8
8	t	t	♦3♦7♦T♦Q♥5♥7♥8♠2♠3♠4♠7♠9♠Q	♣6♣7♣J♦4♦6♦9♦K♥3♥4♥Q♥A♠5♠J	♣2♣8♣9♣Q♣K♦2♦5♥2♥6♥9♠T♠K♠A	♣3♣4♣5♣T♣A♦8♦J♦A♥T♥J♥K♠6♠8	1	S	9
9	f	f	♣4♣9♣J♣K♦8♦Q♥2♥8♥J♠3♠4♠7♠J	♣3♣T♣Q♦5♦6♦7♦A♥9♥A♠2♠6♠9♠K	♣2♣6♣7♦2♦3♦4♦J♥3♥5♥6♥Q♠5♠T	♣5♣8♣A♦9♦T♦K♥4♥7♥T♥K♠8♠Q♠A	1	W	10
10	f	t	♣7♦2♦9♦T♥2♥6♥8♥J♥Q♥A♠3♠9♠K	♣5♣6♣T♣K♦5♦7♦8♦K♥7♠2♠8♠T♠J	♣3♦4♦6♦Q♦A♥3♥4♥5♥T♠4♠5♠6♠Q	♣2♣4♣8♣9♣J♣Q♣A♦3♦J♥9♥K♠7♠A	1	N	11
11	t	t	♣5♣J♦7♦8♦9♦K♥3♥K♠4♠7♠9♠J♠A	♣7♣K♦2♦4♦6♦Q♦A♥2♥8♥A♠2♠3♠8	♣2♣4♣8♦3♦T♦J♥5♥6♥7♥Q♠5♠T♠Q	♣3♣6♣9♣T♣Q♣A♦5♥4♥9♥T♥J♠6♠K	1	E	12
12	f	f	♣3♣5♣7♣8♦2♦5♦T♥6♥8♥J♠3♠7♠9	♣J♣K♦3♦6♦J♦K♥2♥4♥7♥K♠5♠T♠J	♣2♣4♣6♣9♣A♦7♥5♥9♥T♥Q♠4♠Q♠A	♣T♣Q♦4♦8♦9♦Q♦A♥3♥A♠2♠6♠8♠K	1	S	13
13	t	f	♣2♣3♦5♦T♦K♦A♥2♥7♥J♠2♠6♠8♠T	♣9♣T♣J♣A♦7♦8♦Q♥3♥4♥Q♠5♠J♠K	♣4♣5♣K♦4♦9♦J♥6♥8♥9♥T♥A♠4♠9	♣6♣7♣8♣Q♦2♦3♦6♥5♥K♠3♠7♠Q♠A	1	W	14
14	t	t	♣5♣A♦4♦5♦7♦T♦Q♦K♥6♥8♥T♥K♠4	♣6♣7♣8♣9♣Q♦3♥3♥4♥9♠2♠7♠J♠A	♣2♣4♦2♦6♦9♦J♦A♥5♥J♠5♠6♠9♠K	♣3♣T♣J♣K♦8♥2♥7♥Q♥A♠3♠8♠T♠Q	1	N	15
15	f	f	♣J♣K♦6♦A♥2♥4♥8♥9♥J♥A♠7♠Q♠A	♣6♣9♣T♣Q♦7♦T♦J♥5♠3♠5♠9♠T♠J	♣4♣8♣A♦3♦4♦5♦9♦K♥T♥Q♥K♠4♠8	♣2♣3♣5♣7♦2♦8♦Q♥3♥6♥7♠2♠6♠K	1	E	16
16	t	f	♣3♣6♣7♣9♣K♦8♦9♦K♥2♥T♥A♠3♠8	♣4♣A♦4♦T♥3♥4♥6♥Q♠4♠T♠J♠Q♠A	♣5♦2♦3♦5♦7♦J♦Q♥5♥9♥J♥K♠2♠5	♣2♣8♣T♣J♣Q♦6♦A♥7♥8♠6♠7♠9♠K	1	S	1
17	f	f	♣2♣3♣7♦3♦6♦7♦8♦9♦K♥3♥8♥T♠5	♣6♦5♦J♦A♥4♥5♥7♥9♠3♠7♠9♠J♠K	♣5♣J♣Q♦2♦4♥6♥Q♥K♠6♠8♠T♠Q♠A	♣4♣8♣9♣T♣K♣A♦T♦Q♥2♥J♥A♠2♠4	2	N	1
18	t	f	♣3♣5♣7♣9♣T♣Q♥3♥8♥9♥J♥A♠5♠9	♦7♦T♦K♥6♥T♥Q♥K♠2♠7♠8♠T♠K♠A	♣8♣K♣A♦2♦4♦6♦8♦J♥4♥5♠3♠4♠6	♣2♣4♣6♣J♦3♦5♦9♦Q♦A♥2♥7♠J♠Q	2	E	2
19	f	t	♣5♣8♣9♣J♣Q♣K♦3♦4♦Q♥Q♠T♠J♠Q	♣2♣T♣A♦2♦9♦K♥6♥7♥8♥K♠2♠4♠8	♣6♦5♦6♦7♦J♥2♥3♥T♠3♠7♠9♠K♠A	♣3♣4♣7♦8♦T♦A♥4♥5♥9♥J♥A♠5♠6	2	S	3
20	t	t	♣6♣J♣K♣A♦T♦Q♦K♥6♥9♠4♠5♠6♠8	♣4♣7♣8♣9♦2♦3♥3♥4♥7♥T♥K♠2♠3	♣3♦5♦6♦7♦9♦A♥2♥5♥8♠J♠Q♠K♠A	♣2♣5♣T♣Q♦4♦8♦J♥J♥Q♥A♠7♠9♠T	2	W	4
21	t	f	♣5♣9♣J♣A♦2♦6♦8♦9♦A♥2♥5♠6♠T	♣2♣4♣T♣Q♦5♥4♥6♥7♥8♥A♠4♠5♠K	♣6♣K♦3♦T♦Q♦K♥3♥J♥K♠2♠8♠9♠A	♣3♣7♣8♦4♦7♦J♥9♥T♥Q♠3♠7♠J♠Q	2	N	5
22	f	t	♣4♣6♦4♦6♦J♦K♦A♥4♥8♥T♥A♠4♠T	♣7♣8♣9♣K♣A♦2♦3♦5♦8♥2♥6♠7♠9	♣5♣T♣J♦7♦9♦T♥3♥9♥Q♠3♠J♠Q♠K	♣2♣3♣Q♦Q♥5♥7♥J♥K♠2♠5♠6♠8♠A	2	E	6
23	t	t	♣3♣4♦6♦7♦9♦T♦K♥2♥5♥8♠4♠J♠A	♣A♦3♦8♥3♥7♥9♥T♥J♥K♠2♠3♠5♠6	♣5♣6♣7♣T♣J♣Q♣K♦2♦5♦J♦Q♥4♠Q	♣2♣8♣9♦4♦A♥6♥Q♥A♠7♠8♠9♠T♠K	2	S	7
24	f	f	♣2♣5♣J♣K♦3♦6♦Q♥6♠2♠6♠J♠K♠A	♣3♣8♣T♦4♦8♦T♦K♦A♥3♥J♥K♥A♠7	♣4♣6♣7♦7♦J♥4♥8♥9♠4♠5♠9♠T♠Q	♣9♣Q♣A♦2♦5♦9♥2♥5♥7♥T♥Q♠3♠8	2	W	8
25	f	t	♣6♣8♦5♦T♦Q♥8♥J♠3♠5♠6♠9♠T♠A	♣2♣5♣7♣K♦6♦7♦9♥5♥6♥9♠2♠4♠J	♣3♣4♣T♣J♦2♦J♥2♥7♥T♥Q♠7♠8♠K	♣9♣Q♣A♦3♦4♦8♦K♦A♥3♥4♥K♥A♠Q	2	N	9
26	t	t	♣2♣J♣Q♣A♦2♦5♦7♥2♥3♥6♠6♠9♠K	♣3♣5♦4♦8♦T♥4♥8♥9♥J♠2♠4♠5♠8	♣4♣6♣9♣T♣K♦9♦Q♦K♥7♥Q♥K♠3♠7	♣7♣8♦3♦6♦J♦A♥5♥T♥A♠T♠J♠Q♠A	2	E	10
27	f	f	♣4♣7♣J♦5♦T♦J♦A♥3♥5♥9♥J♠2♠7	♣5♣6♦4♦6♦Q♥6♥7♥Q♥K♠8♠9♠J♠K	♣9♣T♣K♦7♦8♦9♦K♥4♥8♠4♠6♠Q♠A	♣2♣3♣8♣Q♣A♦2♦3♥2♥T♥A♠3♠5♠T	2	S	11
28	t	f	♣2♣7♣8♣T♦5♦7♦Q♥7♠2♠4♠J♠Q♠K	♣9♣Q♣K♦2♦8♦T♥2♥6♥8♥J♥Q♠9♠A	♣3♣6♣A♦6♦K♥5♥9♥T♥A♠3♠5♠8♠T	♣4♣5♣J♦3♦4♦9♦J♦A♥3♥4♥K♠6♠7	2	W	12
29	t	t	♣J♦J♦K♥2♥3♥6♥8♥T♠4♠9♠T♠J♠Q	♣3♣6♣7♣T♣Q♦2♦5♦6♥5♥7♠6♠7♠8	♣4♣5♣8♣9♣K♣A♦3♦4♦9♦T♥K♠3♠5	♣2♦7♦8♦Q♦A♥4♥9♥J♥Q♥A♠2♠K♠A	2	N	13
30	f	f	♣K♦3♦6♦7♦9♦J♦K♥3♥6♥7♠3♠4♠A	♣4♣5♣T♣J♣Q♦4♦5♥T♥Q♥K♠6♠9♠J	♣2♣7♣9♦T♦A♥2♥5♥8♥J♠5♠8♠Q♠K	♣3♣6♣8♣A♦2♦8♦Q♥4♥9♥A♠2♠7♠T	2	E	14
31	t	f	♣T♦4♦5♦6♦9♦T♥3♥4♥6♥T♠6♠7♠8	♣6♣9♣J♣K♣A♦3♦7♦8♥9♥A♠2♠3♠4	♣2♣3♣Q♦2♦Q♦K♥2♥7♥8♥K♠5♠Q♠K	♣4♣5♣7♣8♦J♦A♥5♥J♥Q♠9♠T♠J♠A	2	S	15
32	f	t	♣8♣J♦4♦6♦K♥3♥T♥J♠3♠8♠T♠J♠Q	♣2♣6♣7♣9♣Q♦5♦8♦9♦Q♥2♥4♠5♠A	♣4♣5♣T♣A♦A♥6♥Q♥K♥A♠6♠7♠9♠K	♣3♣K♦2♦3♦7♦T♦J♥5♥7♥8♥9♠2♠4	2	W	16
\.


--
-- Data for Name: app_call; Type: TABLE DATA; Schema: public; Owner: postgres
--

COPY public.app_call (id, serialized, hand_id) FROM stdin;
1	1♥	1
2	Pass	1
3	1♠	1
4	Pass	1
5	Pass	1
6	Pass	1
7	1♣	11
8	Pass	13
9	Pass	11
10	1♣	13
11	Pass	11
12	1♠	13
13	Pass	11
14	Pass	13
15	1N	13
16	2♣	13
17	2♦	13
18	2♥	13
19	Pass	13
20	Pass	13
21	Pass	13
22	Pass	15
23	1♦	17
24	Pass	15
25	Pass	17
26	Pass	15
27	Pass	17
28	1♣	15
29	1N	17
30	Pass	15
31	Pass	17
32	1♦	15
33	Pass	17
34	1♥	15
35	2♦	17
36	Pass	15
37	Pass	17
38	Pass	15
39	2♥	17
40	Pass	15
41	2♠	17
42	Pass	17
43	2N	17
44	Pass	17
45	3♠	17
46	Pass	17
47	4♣	17
48	Pass	17
49	Pass	17
50	Pass	17
51	Pass	19
52	Pass	19
53	Pass	19
54	Pass	19
55	Pass	20
56	Pass	20
57	Pass	20
58	Pass	20
59	Pass	24
60	Pass	24
61	Pass	24
62	Pass	24
63	1♣	25
64	Pass	26
65	1♦	25
66	Pass	26
67	Pass	25
68	Pass	26
69	Pass	25
70	Pass	26
71	Pass	25
72	Pass	31
73	1♣	29
74	Pass	31
75	Pass	31
76	1♦	29
77	1♦	31
78	1♠	31
79	1N	31
80	Pass	31
81	1N	29
82	2♦	31
83	Pass	31
84	3♣	31
85	3♥	31
86	2♣	29
87	Pass	31
88	Pass	31
89	Pass	31
90	2♦	29
91	2♥	29
92	Pass	29
93	2♠	29
94	Pass	29
95	3N	29
96	Pass	29
97	Pass	29
98	Pass	29
99	1♣	33
100	1♦	33
101	1♥	33
102	1N	33
103	Pass	33
104	2N	33
105	Pass	33
106	Pass	33
107	3♥	33
108	Double	33
109	Pass	33
110	Pass	33
111	3N	33
112	Double	33
113	Pass	33
114	Pass	33
115	Pass	33
116	1♦	36
117	Pass	3
118	Pass	8
119	1♣	6
120	Pass	4
121	1♦	7
122	1♥	5
123	Pass	9
124	1♥	2
125	1♣	3
126	Pass	36
127	Pass	6
128	Pass	7
129	Pass	2
130	Pass	8
131	Pass	9
132	1♥	4
133	Pass	5
134	Pass	3
135	1♠	6
136	2♣	36
137	Pass	7
138	Pass	9
139	1N	2
140	Pass	8
141	Pass	5
142	Pass	4
143	Pass	3
144	2♣	6
145	Pass	36
146	Pass	9
147	Pass	7
148	Pass	2
149	Pass	8
150	Pass	5
151	1N	4
152	Pass	3
153	Pass	6
154	Pass	36
155	2♣	2
156	Pass	4
157	Pass	6
158	Pass	36
159	Pass	2
160	Pass	4
161	2♦	6
162	2♣	39
163	Pass	2
164	1♣	40
165	Pass	4
166	1♣	42
167	Pass	6
168	Pass	39
169	2N	2
170	1♦	40
171	Pass	42
172	Pass	6
173	Pass	39
174	3♥	2
175	Pass	40
176	Pass	6
177	Pass	42
178	Pass	39
179	Pass	2
180	Pass	40
181	1♦	42
182	3♠	2
183	2♣	40
184	3N	2
185	Pass	42
186	Pass	2
187	Pass	40
188	Pass	42
189	Pass	2
190	Pass	40
191	Pass	42
192	Pass	2
193	2♠	40
194	Pass	40
195	Pass	40
196	Pass	40
197	1♦	44
198	1♣	45
199	1♣	49
200	Pass	45
201	1♦	50
202	Pass	44
203	Pass	49
204	1♠	52
205	1♦	45
206	Pass	50
207	1♣	53
208	Pass	44
209	Pass	52
210	Pass	49
211	Pass	45
212	Pass	50
213	1♠	53
214	Pass	52
215	1♠	44
216	Pass	49
217	Pass	45
218	1♠	50
219	2♥	53
220	Pass	57
221	Pass	52
222	Pass	44
223	1♠	45
224	Pass	50
225	Pass	53
226	Pass	59
227	Pass	61
228	Pass	45
229	Pass	44
230	Pass	50
231	Pass	53
232	Pass	57
233	Pass	59
234	Pass	61
235	2♦	44
236	1N	45
237	Pass	50
238	Pass	53
239	1♣	57
240	Pass	61
241	Pass	44
242	Pass	59
243	Pass	45
244	Pass	44
245	Pass	61
246	2♣	57
247	Pass	59
248	Pass	45
249	Pass	44
250	Pass	57
251	2♣	45
252	Pass	66
253	Pass	69
254	Pass	45
255	Pass	70
256	1♦	69
257	Pass	66
258	Pass	45
259	1♣	70
260	Pass	69
261	Pass	45
262	Pass	70
263	Pass	71
264	Pass	66
265	Pass	70
266	1♣	65
267	Pass	57
268	Pass	66
269	1♥	69
270	1♦	70
271	Pass	57
272	Pass	70
273	Pass	71
274	Pass	70
275	1N	70
276	Pass	70
277	1♦	71
278	Pass	69
279	2♣	70
280	Pass	71
281	Pass	70
282	1♥	71
283	Pass	69
284	Pass	70
285	Pass	69
286	Pass	70
287	Pass	71
288	1♠	71
289	Pass	71
290	Pass	71
291	Pass	71
292	1♦	65
293	2♣	65
294	2N	65
295	3♥	65
296	Pass	65
297	Pass	65
298	3♠	65
299	3N	65
300	Pass	65
301	Pass	65
302	4♦	65
303	Pass	65
304	Pass	65
305	Pass	65
306	Pass	72
307	Pass	72
308	Pass	72
309	1♣	74
310	1♣	75
311	Pass	72
312	Pass	79
313	Pass	75
314	1♦	74
315	1♠	79
316	Pass	75
317	Pass	74
318	Pass	79
319	1♦	75
320	Pass	74
321	1N	79
322	1♥	75
323	1♥	74
324	Pass	75
325	2♣	79
326	1♦	82
327	1♠	75
328	Pass	74
329	Pass	79
330	1♥	82
331	Pass	75
332	Pass	74
333	Pass	79
334	1N	82
335	Pass	75
336	2♣	74
337	Pass	79
338	Pass	82
339	2♥	75
340	2♦	74
341	2♣	82
342	2N	75
343	Pass	82
344	2♠	74
345	Pass	75
346	Pass	74
347	2♦	82
348	Pass	86
349	Pass	75
350	Pass	74
351	3♣	82
352	Pass	86
353	Pass	74
354	3♣	75
355	3N	82
356	Pass	86
357	3♦	75
358	Pass	91
359	Pass	82
360	Pass	86
361	Pass	90
362	4♣	75
363	Pass	91
364	Pass	82
365	Pass	90
366	4♥	75
367	Pass	91
368	4♥	82
369	Pass	75
370	1♣	91
371	Pass	95
372	Pass	82
373	4♠	75
374	Pass	91
375	1♣	95
376	4♠	82
377	Pass	75
378	1♦	91
379	1♥	95
380	Pass	82
381	Pass	75
382	2♦	91
383	Pass	95
384	4N	82
385	5♥	75
386	Pass	91
387	Pass	82
388	1N	95
389	5♠	75
390	Pass	91
391	Pass	95
392	Pass	82
393	5N	75
394	Pass	91
395	2♥	95
396	Pass	82
397	Pass	75
398	Pass	95
399	6♣	75
400	2♠	95
401	6♦	75
402	3♣	95
403	Pass	75
404	3♥	95
405	6♥	75
406	Pass	95
407	Pass	75
408	3♠	95
409	Pass	75
410	4♣	95
411	Pass	75
412	Pass	95
413	Pass	95
414	Pass	95
415	Pass	90
416	Pass	90
417	Pass	100
418	Pass	100
419	Pass	100
420	Pass	100
421	Pass	99
422	Pass	99
423	Pass	102
424	Pass	99
425	2♣	101
426	Pass	102
427	1♠	99
428	Pass	102
429	Pass	99
430	1♣	102
431	Pass	101
432	Pass	99
433	1♦	102
434	2♦	101
435	Pass	99
436	Pass	102
437	Pass	101
438	Pass	102
439	3♦	101
440	Pass	101
441	Pass	102
442	Pass	101
443	Pass	101
444	Pass	104
445	Pass	103
446	1♣	104
447	Pass	108
448	1♣	110
449	Pass	103
450	Pass	104
451	Pass	108
452	Pass	103
453	Pass	110
454	1♥	104
455	Pass	108
456	Pass	104
457	Pass	110
458	Pass	104
459	Pass	108
460	Pass	110
461	Pass	104
462	Pass	112
463	1♣	112
464	Pass	116
465	Pass	112
466	Pass	116
467	Pass	112
468	1♣	116
469	1♦	112
470	Pass	116
471	1♠	112
472	Pass	116
473	Pass	112
474	1♥	116
475	Pass	112
476	Pass	116
477	Pass	112
478	Pass	116
479	Pass	116
480	Pass	103
481	Pass	120
482	1♦	120
483	Pass	121
484	Pass	120
485	1♠	123
486	Pass	120
487	1♣	121
488	1N	123
489	Pass	121
490	Pass	120
491	Pass	123
492	1♠	124
493	1♠	121
494	Pass	123
495	Pass	124
496	Pass	124
497	Pass	128
498	Pass	121
499	Pass	124
500	Pass	123
501	Pass	128
502	Pass	121
503	Pass	128
504	Pass	121
505	Pass	128
506	Pass	131
507	Pass	131
508	1♣	131
509	Pass	131
510	Pass	131
511	1♥	131
512	1♠	131
513	Pass	131
514	Pass	131
515	Pass	131
516	Pass	133
517	Pass	133
518	Pass	135
519	1♣	133
520	1♣	135
521	1♠	133
522	Pass	135
523	Pass	133
524	Pass	135
525	1N	133
526	Pass	135
527	Pass	133
528	Pass	133
529	2♥	133
530	Pass	133
531	Pass	133
532	Pass	133
533	Pass	139
534	1♣	141
535	Pass	139
536	1♥	139
537	1♠	141
538	Pass	139
539	Pass	141
540	Pass	139
541	Pass	141
542	Pass	141
543	Pass	139
544	1♣	145
545	Pass	145
546	Pass	149
547	1♥	145
548	Pass	149
549	Pass	145
550	Pass	149
551	1N	145
552	1♦	149
553	3♣	145
554	Pass	149
555	Pass	145
556	1♥	149
557	3N	145
558	Pass	149
559	Pass	145
560	Pass	149
561	Pass	145
562	1♠	149
563	4♦	145
564	Pass	149
565	Pass	145
566	Pass	149
567	Pass	145
568	Pass	149
569	Pass	145
570	1♣	153
571	Pass	153
572	Pass	153
573	1♦	153
574	Pass	153
575	Pass	153
576	Pass	153
577	1♣	157
578	Pass	157
579	Pass	157
580	Pass	157
581	Pass	158
582	Pass	161
583	1♣	158
584	1♣	161
585	1♠	158
586	Pass	161
587	Pass	158
588	Pass	161
589	2♦	158
590	1♦	161
591	2♥	158
592	Pass	161
593	Pass	162
594	Pass	158
595	Pass	161
596	Pass	162
597	Pass	158
598	Pass	161
599	Pass	162
600	2♠	158
601	Pass	162
602	Pass	158
603	Pass	158
604	Pass	166
605	Pass	158
606	Pass	165
607	Pass	166
608	Pass	169
609	Pass	168
610	2♣	165
611	Pass	166
612	Pass	169
613	Pass	165
614	Pass	168
615	Pass	166
616	Pass	165
617	Pass	169
618	Pass	168
619	2♦	165
620	Pass	169
621	Pass	165
622	Pass	165
623	Pass	168
624	Pass	173
625	2♥	165
626	1♣	173
627	Pass	165
628	Pass	173
629	Pass	165
630	Pass	173
631	Pass	165
632	2♣	173
633	Pass	173
634	Pass	177
635	2♦	173
636	1♣	177
637	Pass	173
638	1♦	177
639	Pass	173
640	1♥	177
641	2♠	173
642	Pass	177
643	Pass	177
644	3N	173
645	Pass	177
646	Pass	173
647	Pass	173
648	4♣	173
649	Pass	173
650	Pass	178
651	Pass	173
652	Pass	180
653	Pass	182
654	1♣	183
655	Pass	173
656	Pass	178
657	Pass	180
658	Pass	182
659	Pass	183
660	Pass	178
661	Pass	180
662	Pass	182
663	Pass	183
664	Pass	178
665	Pass	180
666	Pass	182
667	Pass	183
668	Pass	185
669	1♣	186
670	1♥	185
671	Pass	186
672	Pass	185
673	Pass	186
674	Pass	186
675	2♣	185
676	Pass	185
677	2♠	185
678	1♣	187
679	Pass	185
680	Pass	187
681	Pass	185
682	Pass	187
683	3♣	185
684	2♦	187
685	Pass	185
686	2♠	187
687	3♦	185
688	Pass	187
689	Pass	185
690	Pass	187
691	3♥	185
692	3♣	187
693	4♣	185
694	Pass	187
695	Pass	185
696	3♥	187
697	Pass	185
698	4♣	187
699	Pass	185
700	4♥	187
701	Pass	187
702	Pass	187
703	Pass	187
704	1♣	191
705	1N	191
706	Pass	191
707	1♥	193
708	Pass	193
709	Pass	193
710	2♣	191
711	Pass	193
712	2♦	191
713	Pass	191
714	Pass	191
715	Pass	199
716	1♦	197
717	1♣	199
718	Pass	197
719	Pass	199
720	Pass	199
721	Pass	197
722	Pass	199
723	1N	197
724	Pass	197
725	Pass	201
726	Pass	191
727	2♣	197
728	Pass	201
729	Pass	201
730	Pass	197
731	Pass	201
732	Pass	197
733	Pass	202
734	Pass	197
735	1♣	202
736	Pass	203
737	1♦	202
738	Pass	203
739	2♣	202
740	2♣	203
741	Pass	202
742	Pass	203
743	2N	202
744	1♣	204
745	Pass	203
746	Pass	202
747	1♦	204
748	Pass	203
749	Pass	202
750	1♥	204
751	Pass	202
752	Pass	204
753	Pass	204
754	Pass	204
755	Pass	205
756	Pass	205
757	Pass	205
758	Pass	205
759	Pass	206
760	Pass	206
761	Pass	207
762	Pass	206
763	Pass	207
764	1♣	206
765	Pass	207
766	Pass	206
767	Pass	207
768	1♥	206
769	1N	206
770	Pass	206
771	Pass	206
772	1♣	208
773	Pass	206
774	1♦	208
775	Pass	208
776	Pass	208
777	Pass	208
778	Pass	209
779	Pass	209
780	1♥	209
781	Pass	209
782	1N	209
783	2♣	209
784	Pass	209
785	2♦	209
786	Pass	209
787	Pass	209
788	Pass	209
789	Pass	210
790	Pass	210
791	1♦	210
792	1♥	210
793	Pass	210
794	2♦	210
795	Pass	210
796	Pass	210
797	Pass	210
798	Pass	213
799	Pass	213
800	Pass	213
801	Pass	215
802	Pass	213
803	Pass	215
804	Pass	216
805	Pass	215
806	1♣	216
807	Pass	215
808	Pass	216
809	1♥	217
810	Pass	216
811	Pass	217
812	Pass	216
813	Pass	217
814	Pass	218
815	Pass	217
816	1♦	218
817	Pass	218
818	Pass	218
819	Pass	218
820	Pass	219
821	Pass	219
822	Pass	219
823	Pass	214
824	1♣	219
825	Pass	214
826	Pass	219
827	1♦	214
828	Pass	219
829	1♣	220
830	Pass	219
831	1N	220
832	2♦	220
833	Pass	220
834	Pass	220
835	Pass	220
836	1♣	221
837	1N	214
838	Pass	221
839	2♣	221
840	Pass	214
841	Pass	221
842	Pass	214
843	2♦	221
844	Pass	214
845	Pass	221
846	2♥	221
847	Pass	221
848	Pass	221
849	2♠	221
850	Pass	222
851	Pass	221
852	Pass	222
853	Pass	221
854	Pass	222
855	Pass	221
856	Pass	222
857	Pass	223
858	Pass	223
859	1♦	223
860	Pass	223
861	Pass	223
862	Pass	223
863	1♣	225
864	Pass	224
865	Pass	225
866	Pass	224
867	Pass	225
868	Pass	224
869	Pass	225
870	Pass	224
871	2♥	226
872	1♦	227
873	Pass	226
874	Pass	227
875	Pass	226
876	1♥	227
877	Pass	226
878	Pass	227
879	Pass	227
880	1♠	227
881	Pass	227
882	2♠	227
883	Pass	227
884	Pass	227
885	Pass	227
886	Pass	228
887	1♥	228
888	Pass	228
889	Pass	228
890	Pass	228
891	Pass	229
892	Pass	231
893	Pass	231
894	Pass	229
895	Pass	231
896	Pass	229
897	Pass	231
898	Pass	229
899	1♣	232
900	Pass	232
901	1♥	232
902	1♠	232
903	Pass	232
904	1N	232
905	2♠	232
906	3♠	232
907	3N	232
908	4♣	232
909	Pass	233
910	4♦	232
911	Pass	233
912	Pass	232
913	Pass	233
914	Pass	232
915	Pass	233
916	Pass	232
917	Pass	235
918	Pass	234
919	Pass	234
920	Pass	235
921	1♣	234
922	1♦	235
923	1♦	234
924	Pass	235
925	1♠	234
926	1♥	236
927	Pass	235
928	2♣	234
929	Pass	235
930	Pass	236
931	Pass	234
932	Pass	236
933	2♠	234
934	1N	236
935	Pass	234
936	Pass	236
937	Pass	234
938	Pass	236
939	Pass	234
940	1♣	237
941	Pass	236
942	1♠	237
943	Pass	237
944	2♦	237
945	Pass	237
946	Pass	237
947	2♠	237
948	3N	237
949	Pass	237
950	1♣	238
951	Pass	237
952	1♥	238
953	Pass	237
954	Pass	238
955	Pass	238
956	Pass	238
957	Pass	239
958	1♣	239
959	Pass	239
960	Pass	241
961	1♦	239
962	1♦	241
963	1♥	239
964	2♦	239
965	1♠	241
966	Pass	239
967	1N	241
968	Pass	239
969	Pass	241
970	2♠	239
971	Pass	241
972	3♣	239
973	Pass	241
974	Pass	239
975	3♦	239
976	3♠	239
977	3N	239
978	Pass	239
979	4♣	239
980	Pass	239
981	Pass	239
982	Pass	239
983	Pass	243
984	Pass	243
985	Pass	243
986	Pass	243
987	1♣	244
988	1♥	244
989	1♦	245
990	1♠	244
991	Pass	244
992	Pass	245
993	Pass	244
994	Pass	245
995	2♣	244
996	Pass	245
997	Pass	247
998	Pass	244
999	Pass	247
1000	Pass	244
1001	Pass	248
1002	1♣	247
1003	Pass	244
1004	Pass	248
1005	Pass	247
1006	Pass	248
1007	1♥	247
1008	Pass	248
1009	1♠	247
1010	1N	247
1011	2♣	247
1012	Pass	247
1013	Pass	249
1014	3♥	247
1015	Pass	249
1016	3♠	247
1017	Pass	249
1018	Pass	247
1019	Pass	250
1020	Pass	249
1021	Pass	247
1022	1♦	250
1023	4♣	247
1024	Pass	250
1025	4♥	247
1026	Pass	250
1027	Pass	251
1028	Pass	252
1029	5♦	247
1030	2♠	250
1031	Pass	251
1032	1♠	252
1033	Pass	247
1034	3♣	250
1035	1♣	251
1036	2♣	252
1037	5N	247
1038	3♦	250
1039	Pass	251
1040	Pass	252
1041	Pass	247
1042	3♠	250
1043	1♦	251
1044	Pass	252
1045	Pass	247
1046	Pass	250
1047	Pass	251
1048	Pass	252
1049	Pass	247
1050	3N	250
1051	Pass	251
1052	4♦	250
1053	1♥	251
1054	Pass	250
1055	Pass	251
1056	4♥	250
1057	Pass	251
1058	4♠	250
1059	Pass	251
1060	Pass	250
1061	Pass	250
1062	5♥	250
1063	Pass	250
1064	Pass	250
1065	5♠	250
1066	6♥	250
1067	7♣	250
1068	Pass	250
1069	7♥	250
1070	Double	250
1071	Pass	250
1072	7N	250
1073	Pass	250
1074	Pass	250
1075	Double	250
1076	Pass	250
1077	Pass	250
1078	Pass	250
1079	1♥	253
1080	Pass	254
1081	1♠	253
1082	Pass	254
1083	Pass	254
1084	1♣	254
1085	1♥	254
1086	Pass	254
1087	1N	254
1088	Pass	254
1089	Pass	254
1090	2♦	254
1091	Pass	254
1092	Pass	254
1093	Pass	254
1094	Pass	255
1095	Pass	255
1096	Pass	255
1097	Pass	255
1098	1♥	256
1099	1N	256
1100	2♣	256
1101	Pass	256
1102	Pass	256
1103	2♣	253
1104	Pass	256
1105	Pass	253
1106	Pass	253
1107	2♦	253
1108	Pass	253
1109	Pass	253
1110	2♥	253
1111	Pass	253
1112	2N	253
1113	3N	253
1114	Pass	253
1115	Pass	253
1116	Pass	253
1117	Pass	257
1118	1♣	257
1119	Pass	257
1120	1♥	257
1121	Pass	257
1122	Pass	257
1123	Pass	257
1124	1♣	260
1125	2♥	260
1126	2N	260
1127	Pass	260
1128	Pass	260
1129	3♣	260
1130	Pass	260
1131	3♦	260
1132	Pass	260
1133	Pass	260
1134	3♠	260
1135	Pass	260
1136	Pass	260
1137	Pass	260
1138	Pass	10
1139	Pass	10
1140	Pass	10
1141	Pass	10
1142	Pass	261
1143	Pass	261
1144	1♣	261
1145	Pass	261
1146	Pass	261
1147	Pass	261
1148	Pass	265
1149	Pass	265
1150	Pass	265
1151	Pass	265
1152	Pass	269
1153	1♣	269
1154	Pass	269
1155	1♥	269
1156	Pass	269
1157	Pass	269
1158	2♦	269
1159	2♥	269
1160	2N	269
1161	Pass	269
1162	Pass	269
1163	3♣	269
1164	3♠	269
1165	Pass	269
1166	Pass	269
1167	Pass	269
1168	Pass	273
1169	Pass	273
1170	Pass	273
1171	Pass	273
1172	Pass	277
1173	1♥	277
1174	Pass	277
1175	1N	277
1176	2♣	277
1177	Pass	277
1178	2♥	277
1179	3♣	277
1180	Pass	277
1181	Pass	277
1182	Pass	277
1183	1♦	280
1184	Pass	280
1185	Pass	280
1186	Pass	280
1187	Pass	284
1188	Pass	284
1189	Pass	284
1190	1♣	284
1191	Pass	284
1192	1♦	284
1193	Pass	284
1194	Pass	284
1195	Pass	284
1196	Pass	287
1197	Pass	287
1198	Pass	287
1199	1♠	287
1200	Pass	287
1201	Pass	287
1202	1N	287
1203	Pass	287
1204	Pass	287
1205	2♣	287
1206	2♦	287
1207	Pass	287
1208	Pass	287
1209	3♣	287
1210	Pass	287
1211	Pass	287
1212	3N	287
1213	4♥	287
1214	Pass	287
1215	5♥	287
1216	5♠	287
1217	6♥	287
1218	Pass	287
1219	6♠	287
1220	Pass	287
1221	Pass	287
1222	Pass	287
1223	Pass	291
1224	1♣	291
1225	1♦	291
1226	Pass	291
1227	2♦	291
1228	Pass	291
1229	Pass	291
1230	Pass	291
1231	Pass	294
1232	Pass	294
1233	1♣	294
1234	1♦	294
1235	2♦	294
1236	Pass	294
1237	Pass	294
1238	Pass	294
1239	1♣	298
1240	Pass	298
1241	Pass	298
1242	1♥	298
1243	1♠	298
1244	Pass	298
1245	1N	298
1246	2♣	298
1247	Pass	298
1248	Pass	298
1249	Pass	298
1250	Pass	301
1251	Pass	304
1252	1♣	304
1253	Pass	301
1254	Pass	304
1255	Pass	301
1256	Pass	304
1257	Pass	301
1258	1♥	304
1259	2♦	304
1260	Pass	304
1261	Pass	304
1262	Pass	304
1263	1♥	305
1264	Pass	305
1265	Pass	305
1266	Pass	305
1267	Pass	309
1268	Pass	309
1269	Pass	309
1270	Pass	309
1271	Pass	314
1272	Pass	315
1273	Pass	315
1274	1N	315
1275	2♣	315
1276	Pass	315
1277	4♣	315
1278	4♥	315
1279	Double	315
1280	Pass	315
1281	Pass	315
1282	Pass	315
1283	Pass	316
1284	1♣	316
1285	Double	316
1286	Pass	316
1287	Pass	316
1288	1♦	316
1289	Pass	316
1290	Pass	316
1291	1♥	316
1292	Pass	316
1293	Pass	316
1294	Pass	316
1295	Pass	317
1296	Pass	317
1297	Pass	317
1298	Pass	318
1299	1♦	318
1300	Pass	318
1301	Pass	318
1302	1♥	318
1303	Pass	318
1304	1♠	318
1305	7N	318
1306	Pass	318
1307	Pass	318
1308	Double	318
1309	Pass	318
1310	Pass	318
1311	Pass	318
\.


--
-- Data for Name: app_hand; Type: TABLE DATA; Schema: public; Owner: postgres
--

COPY public.app_hand (id, table_id, board_id, open_access) FROM stdin;
1	1	16	f
2	2	16	f
3	3	16	f
4	4	16	f
5	5	16	f
6	6	16	f
7	7	16	f
8	8	16	f
9	9	16	f
291	10	9	f
11	1	1	f
131	7	7	f
13	1	2	f
15	1	3	f
133	3	5	f
17	1	4	f
19	1	5	f
20	1	6	f
135	9	6	f
24	1	7	f
25	1	8	f
26	1	9	f
301	10	12	f
139	4	4	f
29	1	10	f
31	1	11	f
141	2	6	f
33	1	12	f
305	10	14	f
36	1	13	f
309	10	15	f
145	5	6	f
39	9	1	f
40	8	1	f
42	8	2	f
313	16	17	f
44	7	1	f
45	3	1	f
315	18	19	f
149	8	6	f
317	20	21	f
49	7	2	f
50	5	1	f
52	1	14	f
53	4	1	f
153	7	8	f
57	6	1	f
59	6	2	f
61	9	2	f
157	6	7	f
158	9	7	f
65	8	3	f
66	2	1	f
161	9	8	f
69	2	2	f
70	9	3	f
71	6	3	f
72	1	15	f
162	3	6	f
74	5	2	f
75	4	2	f
165	4	5	f
79	5	3	f
166	3	7	f
82	3	2	f
168	3	8	f
169	2	7	f
86	2	3	f
173	2	8	f
90	7	3	f
91	9	4	f
95	2	4	f
177	3	9	f
178	8	7	f
99	6	4	f
100	7	4	f
101	7	5	f
102	8	4	f
103	5	4	f
104	9	5	f
180	5	7	f
182	8	8	f
108	3	3	f
183	5	8	f
110	3	4	f
112	4	3	f
185	8	9	f
186	7	9	f
187	6	8	f
116	2	5	f
120	5	5	f
121	6	5	f
191	9	9	f
123	6	6	f
124	8	5	f
193	4	6	f
128	7	6	f
197	3	10	f
199	3	11	f
201	2	9	f
202	5	9	f
203	2	10	f
204	7	10	f
205	8	10	f
206	6	9	f
207	8	11	f
208	8	12	f
209	4	7	f
210	9	10	f
294	10	10	f
213	2	11	f
214	3	12	f
215	5	10	f
216	7	11	f
217	2	12	f
218	5	11	f
219	6	10	f
220	8	13	f
221	4	8	f
222	9	11	f
223	9	12	f
224	7	12	f
225	2	13	f
226	5	12	f
227	7	13	f
228	6	11	f
229	8	14	f
231	8	15	f
232	3	13	f
233	4	9	f
234	4	10	f
235	9	13	f
236	2	14	f
237	5	13	f
238	7	14	f
239	6	12	f
298	10	11	f
241	6	13	f
243	3	14	f
244	3	15	f
245	9	14	f
247	2	15	f
248	4	11	f
249	4	12	f
250	5	14	f
251	7	15	f
252	4	13	f
253	6	14	f
254	9	15	f
255	4	14	f
256	4	15	f
257	5	15	f
304	10	13	f
260	6	15	f
10	10	16	f
261	10	1	f
265	10	2	f
314	17	18	f
316	18	20	f
318	21	17	f
269	10	3	f
273	10	4	f
277	10	5	f
280	10	6	f
284	10	7	f
287	10	8	f
\.


--
-- Data for Name: app_lobby; Type: TABLE DATA; Schema: public; Owner: postgres
--

COPY public.app_lobby (id) FROM stdin;
1
\.


--
-- Data for Name: app_message; Type: TABLE DATA; Schema: public; Owner: postgres
--

COPY public.app_message (id, "timestamp", message, from_player_id, recipient_content_type_id, recipient_object_id) FROM stdin;
1	2025-01-17 15:55:19.655126+00	Partnered with alexis	38	13	1
2	2025-01-17 15:55:20.074916+00	Partnered with bob	32	13	1
3	2025-01-17 15:55:20.09728+00	Partnered with cheryl	11	13	1
4	2025-01-17 15:55:20.116934+00	Partnered with craig	15	13	1
5	2025-01-17 15:55:20.137078+00	Partnered with gabriella	37	13	1
6	2025-01-17 15:55:20.156148+00	Partnered with jessica	34	13	1
7	2025-01-17 15:55:20.174832+00	Partnered with jonathan	16	13	1
8	2025-01-17 15:55:20.202515+00	Partnered with juan	30	13	1
9	2025-01-17 15:55:20.221866+00	Partnered with katherine	14	13	1
10	2025-01-17 15:55:20.239659+00	Partnered with kristen	9	13	1
11	2025-01-17 15:55:20.257804+00	Partnered with linda	21	13	1
12	2025-01-17 15:55:20.286296+00	Partnered with mallory	19	13	1
13	2025-01-17 15:55:20.307238+00	Partnered with michelle	2	13	1
14	2025-01-17 15:55:20.329803+00	Partnered with rachel	40	13	1
15	2025-01-17 15:55:20.350596+00	Partnered with rebecca	35	13	1
16	2025-01-17 15:55:20.37327+00	Partnered with richard	17	13	1
17	2025-01-17 15:55:20.394634+00	Partnered with robin	4	13	1
18	2025-01-17 15:55:20.416266+00	Partnered with tammy	25	13	1
19	2025-01-17 15:55:20.443272+00	Partnered with tonya	10	13	1
20	2025-01-17 15:55:20.477111+00	Partnered with william	39	13	1
21	2025-01-17 16:10:19.692984+00	Partnered with mark	43	13	1
22	2025-01-23 14:57:21.734636+00	Partnered with ana	1	13	1
23	2025-01-23 14:58:27.891458+00	Partnered with mark	43	13	1
24	2025-01-25 13:53:40.039154+00	qwe	44	10	44
25	2025-01-25 14:12:22.633299+00	Partnered with foo	1	13	1
26	2025-01-25 14:12:31.818676+00	ahoy new player	1	10	44
27	2025-01-25 14:21:22.818547+00	Partnered with foo	1	13	1
28	2025-01-25 14:21:57.196836+00	Partnered with aaron	32	13	1
29	2025-02-01 01:34:32.343388+00	Partnered with james	1	13	1
30	2025-02-01 21:31:31.089745+00	let's win!!!	46	10	33
31	2025-02-01 21:32:15.146602+00	Yeah baby	33	10	46
32	2025-02-01 21:32:21.952454+00	Partnered with alexis	46	13	1
\.


--
-- Data for Name: app_play; Type: TABLE DATA; Schema: public; Owner: postgres
--

COPY public.app_play (id, serialized, hand_id) FROM stdin;
1	♣3	1
2	♣5	1
3	♣2	1
4	♣4	1
5	♦2	1
6	♦6	1
7	♦4	1
8	♦8	1
9	♣6	1
10	♠2	1
11	♣8	1
12	♣A	1
13	♦3	1
14	♦A	1
15	♦T	1
16	♦9	1
17	♣T	1
18	♠4	1
19	♣7	1
20	♦5	1
21	♥3	1
22	♥T	1
23	♥5	1
24	♥7	1
25	♣9	1
26	♠5	1
27	♣J	1
28	♥4	1
29	♦7	1
30	♠6	1
31	♥6	1
32	♦K	1
33	♣Q	1
34	♠T	1
35	♣K	1
36	♦J	1
37	♥Q	1
38	♥A	1
39	♥9	1
40	♥8	1
41	♥2	1
42	♥J	1
43	♠7	1
44	♠J	1
45	♠Q	1
46	♠3	1
47	♦Q	1
48	♠K	1
49	♠9	1
50	♠A	1
51	♠8	1
52	♥K	1
53	♣8	11
54	♣9	11
55	♣2	11
56	♣K	11
57	♣A	11
58	♣J	11
59	♣3	11
60	♣4	11
61	♣4	13
62	♣5	13
63	♣Q	13
64	♦4	11
65	♣3	13
66	♦6	11
67	♦2	13
68	♣6	11
69	♦5	13
70	♦2	11
71	♦8	13
72	♣7	11
73	♦9	13
74	♣T	11
75	♣2	13
76	♦5	11
77	♥6	13
78	♦3	11
79	♦7	13
80	♣5	11
81	♣6	13
82	♦J	11
83	♦3	13
84	♦7	11
85	♦K	13
86	♣Q	11
87	♦J	13
88	♥4	11
89	♦T	13
90	♥J	11
91	♥3	13
92	♥5	11
93	♥7	13
94	♥3	11
95	♥5	13
96	♦8	11
97	♥8	13
98	♦K	11
99	♦4	13
100	♦T	11
101	♥4	13
102	♥T	11
103	♦Q	13
104	♥6	11
105	♣9	13
106	♥7	11
107	♥T	13
108	♥Q	11
109	♥Q	13
110	♥2	11
111	♥9	13
112	♠4	11
113	♦6	13
114	♠8	11
115	♣7	13
116	♠3	11
117	♣T	13
118	♦Q	11
119	♠2	13
120	♦9	11
121	♥J	13
122	♠5	11
123	♥K	13
124	♥8	11
125	♥2	13
126	♠7	11
127	♣J	13
128	♦A	11
129	♠4	13
130	♠6	11
131	♥A	13
132	♥9	11
133	♣8	13
134	♠9	11
135	♣K	13
136	♠2	11
137	♠6	13
138	♠T	11
139	♠3	13
140	♥K	11
141	♠7	13
142	♠J	11
143	♠8	13
144	♠A	11
145	♠Q	13
146	♠Q	11
147	♠K	13
148	♠K	11
149	♠5	13
150	♥A	11
151	♣A	13
152	♠9	13
153	♠A	13
154	♠T	13
155	♦A	13
156	♠J	13
157	♣2	15
158	♣9	15
159	♣5	15
160	♣3	15
161	♣Q	15
162	♣K	15
163	♣6	15
164	♣4	15
165	♣J	15
166	♣T	15
167	♣7	15
168	♥7	15
169	♦3	15
170	♣3	17
171	♣5	17
172	♦9	15
173	♣6	17
174	♦2	15
175	♣K	17
176	♦7	15
177	♣2	17
178	♣A	15
179	♥2	15
180	♣4	17
181	♣8	15
182	♣8	17
183	♦4	15
184	♣T	17
185	♦6	15
186	♣7	17
187	♦2	17
188	♦8	15
189	♦5	15
190	♣Q	17
191	♦J	15
192	♣9	17
193	♣A	17
194	♦3	17
195	♥4	15
196	♥5	15
197	♣J	17
198	♥K	15
199	♦4	17
200	♦T	17
201	♦Q	17
202	♥A	15
203	♦K	15
204	♥3	17
205	♥6	15
206	♦5	17
207	♦8	17
208	♦T	15
209	♥9	17
210	♦Q	15
211	♦6	17
212	♥9	15
213	♦K	17
214	♥Q	15
215	♦A	15
216	♦A	17
217	♥4	17
218	♠3	15
219	♥3	15
220	♥T	17
221	♦7	17
222	♠4	15
223	♠6	15
224	♥2	17
225	♥5	17
226	♥T	15
227	♥Q	17
228	♥J	15
229	♥7	17
230	♥8	15
231	♥A	17
232	♥J	17
233	♠T	15
234	♥8	17
235	♥6	17
236	♠7	15
237	♠2	17
238	♠7	17
239	♠8	15
240	♠3	17
241	♠2	15
242	♠9	17
243	♠J	15
244	♥K	17
245	♠A	15
246	♠4	17
247	♦9	17
248	♠9	15
249	♠6	17
250	♠K	17
251	♠K	15
252	♠5	17
253	♠J	17
254	♠5	15
255	♠T	17
256	♠A	17
257	♠Q	15
258	♠8	17
259	♦J	17
260	♠Q	17
261	♣6	25
262	♦3	25
263	♣2	25
264	♣3	25
265	♦7	25
266	♣7	31
267	♣J	31
268	♦2	25
269	♦8	25
270	♣2	31
271	♣3	31
272	♣5	31
273	♦9	25
274	♣8	31
275	♣7	25
276	♣6	31
277	♦T	25
278	♣K	31
279	♣8	25
280	♦2	31
281	♦7	31
282	♣4	25
283	♦3	31
284	♦Q	25
285	♦5	25
286	♦5	31
287	♦J	25
288	♣3	29
289	♦8	31
290	♣4	29
291	♦K	25
292	♦T	31
293	♣5	29
294	♣9	31
295	♣J	25
296	♣7	29
297	♦4	31
298	♥5	25
299	♦2	29
300	♣9	25
301	♣A	25
302	♦4	29
303	♦3	29
304	♣4	31
305	♣5	25
306	♦5	29
307	♣T	31
308	♦6	31
309	♦4	25
310	♥3	31
311	♣6	29
312	♦9	29
313	♥7	25
314	♣Q	25
315	♦9	31
316	♦6	25
317	♦6	29
318	♣2	29
319	♦J	31
320	♥8	25
321	♣K	25
322	♣T	29
323	♣Q	31
324	♦T	29
325	♦Q	31
326	♦A	25
327	♦A	31
328	♣T	25
329	♦Q	29
330	♣8	29
331	♣K	29
332	♦K	31
333	♥2	29
334	♥3	25
335	♦A	29
336	♠2	25
337	♣9	29
338	♥5	31
339	♥9	31
340	♥2	25
341	♦7	29
342	♥T	25
343	♥6	29
344	♣A	31
345	♥Q	25
346	♥3	29
347	♠3	25
348	♥2	31
349	♦J	29
350	♥K	31
351	♥6	25
352	♣J	29
353	♥4	25
354	♠4	25
355	♦8	29
356	♥8	29
357	♥6	31
358	♠4	31
359	♥9	25
360	♥J	25
361	♥4	29
362	♥K	25
363	♣Q	29
364	♠5	31
365	♦K	29
366	♠6	31
367	♥A	25
368	♠7	25
369	♥J	29
370	♠T	25
371	♠8	31
372	♥5	29
373	♥8	31
374	♠5	25
375	♣A	29
376	♠7	31
377	♥7	29
378	♠9	25
379	♥Q	29
380	♠K	25
381	♠6	25
382	♥T	29
383	♥7	31
384	♥9	29
385	♠2	29
386	♥A	29
387	♠A	25
388	♠4	29
389	♥T	31
390	♥4	31
391	♠3	29
392	♠8	25
393	♠5	29
394	♠J	25
395	♠7	29
396	♠Q	25
397	♠8	29
398	♥A	31
399	♠T	29
400	♠K	29
401	♠6	29
402	♠A	29
403	♥K	29
404	♠9	31
405	♠J	29
406	♠9	29
407	♠Q	29
408	♥Q	31
409	♠2	31
410	♠J	31
411	♠T	31
412	♠K	31
413	♥J	31
414	♠3	31
415	♠A	31
416	♠Q	31
417	♦8	33
418	♦J	33
419	♦2	33
420	♦7	33
421	♣J	33
422	♣3	33
423	♣2	33
424	♣Q	33
425	♦A	33
426	♦3	33
427	♦5	33
428	♣4	33
429	♦Q	33
430	♦K	33
431	♦T	33
432	♣6	33
433	♣K	33
434	♣5	33
435	♣9	33
436	♣T	33
437	♦6	33
438	♣7	33
439	♣A	33
440	♦9	33
441	♦4	33
442	♥2	33
443	♣8	33
444	♥5	33
445	♥A	33
446	♥4	33
447	♥6	33
448	♥9	33
449	♠K	33
450	♠5	33
451	♠3	33
452	♠A	33
453	♥T	33
454	♥3	33
455	♥7	33
456	♥J	33
457	♥8	33
458	♥Q	33
459	♠2	33
460	♥K	33
461	♠T	33
462	♠7	33
463	♠4	33
464	♠6	33
465	♠J	33
466	♠9	33
467	♠Q	33
468	♠8	33
469	♣2	7
470	♣2	5
471	♣4	3
472	♣4	7
473	♣4	5
474	♣6	3
475	♣4	36
476	♣3	7
477	♣3	5
478	♣5	3
479	♣6	36
480	♣5	4
481	♣5	7
482	♣5	5
483	♣2	3
484	♣9	36
485	♣8	4
486	♦2	5
487	♦2	7
488	♣3	3
489	♣2	36
490	♣4	4
491	♦6	7
492	♦6	5
493	♦2	3
494	♣3	6
495	♣T	36
496	♣8	39
497	♣3	4
498	♦4	5
499	♦4	7
500	♣8	3
501	♣5	6
502	♣3	36
503	♣9	39
504	♣2	4
505	♦8	5
506	♦8	7
507	♣A	3
508	♣2	6
509	♣5	36
510	♣2	39
511	♣A	4
512	♣6	5
513	♣6	7
514	♦4	3
515	♣4	6
516	♣Q	36
517	♣K	39
518	♣6	4
519	♦3	7
520	♥5	5
521	♦8	3
522	♦2	6
523	♣7	36
524	♣A	39
525	♦2	4
526	♣8	7
527	♣8	5
528	♦3	3
529	♦6	6
530	♣4	42
531	♣5	2
532	♣J	36
533	♣J	39
534	♣5	42
535	♦4	4
536	♣A	7
537	♦4	6
538	♦6	3
539	♣A	5
540	♣8	2
541	♦5	36
542	♣Q	42
543	♣3	39
544	♦8	4
545	♦5	7
546	♣7	3
547	♦8	6
548	♦3	5
549	♣4	2
550	♣K	36
551	♣3	42
552	♣4	39
553	♦3	4
554	♦5	3
555	♦A	7
556	♣6	6
557	♦A	5
558	♦2	42
559	♣3	2
560	♦4	36
561	♦4	39
562	♦6	4
563	♦5	42
564	♦3	6
565	♣T	3
566	♦T	7
567	♦T	5
568	♣2	2
569	♦6	36
570	♦6	39
571	♦8	42
572	♣7	4
573	♦T	3
574	♣8	6
575	♦9	7
576	♦9	42
577	♦9	5
578	♦7	36
579	♣A	2
580	♣6	39
581	♦5	4
582	♣2	42
583	♣J	3
584	♣A	6
585	♣T	7
586	♣T	5
587	♦T	36
588	♣6	2
589	♦2	39
590	♦3	42
591	♣T	4
592	♣K	40
593	♥3	3
594	♦5	6
595	♥3	7
596	♥3	5
597	♦K	36
598	♦2	2
599	♣7	39
600	♣8	40
601	♦T	4
602	♦7	42
603	♣9	3
604	♦A	6
605	♣7	7
606	♣7	5
607	♦4	2
608	♣T	39
609	♦9	36
610	♣J	4
611	♣6	42
612	♣3	40
613	♦7	3
614	♦T	6
615	♦7	7
616	♦5	5
617	♦2	36
618	♦8	2
619	♦5	39
620	♥3	4
621	♣Q	3
622	♦K	42
623	♦9	6
624	♦J	7
625	♣2	40
626	♦3	39
627	♦8	36
628	♦3	2
629	♥4	5
630	♣9	4
631	♦A	42
632	♥4	3
633	♣T	6
634	♣J	7
635	♦A	36
636	♦6	2
637	♥T	5
638	♦T	42
639	♣5	39
640	♦7	4
641	♣K	3
642	♦4	42
643	♥3	6
644	♥4	7
645	♦J	36
646	♣A	40
647	♣7	2
648	♥9	5
649	♦J	39
650	♣Q	4
651	♦J	3
652	♣J	40
653	♣7	42
654	♣7	6
655	♦K	7
656	♦3	36
657	♦7	39
658	♦5	2
659	♥7	5
660	♥4	4
661	♣6	40
662	♣9	42
663	♦9	3
664	♦7	6
665	♣9	7
666	♣4	40
667	♦Q	36
668	♣Q	39
669	♣9	5
670	♣T	2
671	♣K	4
672	♦Q	3
673	♦4	40
674	♦J	6
675	♦Q	7
676	♦6	42
677	♥2	36
678	♦T	2
679	♥J	5
680	♥4	39
681	♦J	4
682	♦A	3
683	♥3	42
684	♣Q	7
685	♣J	6
686	♥6	36
687	♣J	2
688	♣J	5
689	♥J	39
690	♥6	42
691	♦9	4
692	♥6	3
693	♥4	6
694	♥6	7
695	♥T	42
696	♦6	40
697	♥5	36
698	♥3	2
699	♥6	5
700	♥5	39
701	♦Q	4
702	♥7	3
703	♥2	42
704	♦K	6
705	♥5	7
706	♣9	2
707	♥3	39
708	♥3	36
709	♦7	5
710	♦A	4
711	♥Q	3
712	♥5	42
713	♣7	40
714	♥7	7
715	♣9	6
716	♦7	2
717	♥8	36
718	♦8	39
719	♥8	5
720	♥6	4
721	♥2	3
722	♦2	40
723	♦Q	6
724	♥Q	7
725	♣Q	2
726	♥K	36
727	♥Q	5
728	♦K	39
729	♥4	42
730	♥7	4
731	♥5	3
732	♦3	40
733	♥7	42
734	♥A	7
735	♣Q	6
736	♦T	39
737	♥4	36
738	♦K	5
739	♥4	2
740	♥Q	4
741	♠4	3
742	♥9	42
743	♠4	40
744	♣K	7
745	♥6	6
746	♥8	42
747	♥7	36
748	♥T	39
749	♠4	5
750	♣K	2
751	♥2	4
752	♠8	3
753	♥5	6
754	♥9	7
755	♣8	36
756	♥6	39
757	♠8	5
758	♦J	2
759	♣T	42
760	♥5	4
761	♠2	3
762	♦8	40
763	♥7	6
764	♥8	7
765	♥7	39
766	♦9	2
767	♣A	36
768	♠2	5
769	♠4	4
770	♠6	3
771	♠2	42
772	♥Q	6
773	♠4	7
774	♥J	36
775	♦Q	2
776	♥Q	39
777	♠6	5
778	♠8	4
779	♦K	3
780	♦5	40
781	♥2	7
782	♥A	6
783	♣K	5
784	♥2	39
785	♥9	36
786	♦A	2
787	♠2	4
788	♥9	3
789	♥J	42
790	♣9	40
791	♣K	6
792	♥J	7
793	♥K	5
794	♥Q	36
795	♥6	2
796	♠4	39
797	♠6	4
798	♣T	40
799	♥8	3
800	♣8	42
801	♠6	7
802	♥9	6
803	♦J	40
804	♠2	36
805	♠T	3
806	♥7	2
807	♣Q	5
808	♠8	39
809	♦K	4
810	♣J	42
811	♠T	7
812	♦7	40
813	♥8	6
814	♥Q	2
815	♥T	36
816	♥T	3
817	♠T	5
818	♥9	4
819	♠3	39
820	♠4	6
821	♥K	7
822	♠4	42
823	♥2	2
824	♠3	36
825	♥K	42
826	♥J	3
827	♥8	4
828	♦J	5
829	♦Q	39
830	♠7	7
831	♥2	6
832	♣5	40
833	♥5	2
834	♠5	36
835	♣A	42
836	♠T	4
837	♦9	39
838	♠7	3
839	♠7	5
840	♥J	6
841	♠J	7
842	♠3	40
843	♠4	2
844	♠6	36
845	♥T	4
846	♠5	39
847	♠J	3
848	♠J	5
849	♦J	42
850	♥T	7
851	♠6	6
852	♦T	40
853	♠8	2
854	♠4	36
855	♥J	4
856	♥8	39
857	♥K	3
858	♥2	5
859	♠T	6
860	♠2	7
861	♣K	42
862	♠2	2
863	♣Q	40
864	♠7	36
865	♠7	4
866	♠7	39
867	♠9	3
868	♥A	5
869	♥K	6
870	♠9	7
871	♦K	40
872	♠6	2
873	♠6	42
874	♠J	4
875	♠Q	36
876	♠Q	3
877	♦A	39
878	♦Q	5
879	♠Q	7
880	♠7	6
881	♦K	2
882	♦Q	40
883	♥A	42
884	♥K	4
885	♠K	36
886	♥A	3
887	♠6	39
888	♠J	6
889	♠3	7
890	♠9	5
891	♥4	40
892	♥9	2
893	♦Q	42
894	♠9	4
895	♠8	36
896	♥9	39
897	♠3	3
898	♥T	6
899	♦9	40
900	♠A	7
901	♠Q	5
902	♥8	2
903	♠8	42
904	♠Q	4
905	♠9	36
906	♠9	39
907	♠5	3
908	♠2	6
909	♠8	7
910	♠3	5
911	♠T	2
912	♥A	4
913	♠J	36
914	♠Q	42
915	♥5	40
916	♠2	39
917	♠9	6
918	♠5	7
919	♠K	3
920	♠5	5
921	♥T	2
922	♠T	36
923	♥7	40
924	♠3	4
925	♠3	42
926	♠Q	6
927	♠A	3
928	♠T	39
929	♠K	7
930	♠K	5
931	♥J	2
932	♥T	40
933	♥A	36
934	♠5	4
935	♠3	6
936	♥K	39
937	♥J	40
938	♠A	5
939	♥Q	42
940	♠7	2
941	♠A	36
942	♠K	4
943	♠A	6
944	♠J	39
945	♦A	40
946	♠J	2
947	♠9	42
948	♠A	4
949	♠8	6
950	♠A	39
951	♠K	42
952	♠5	40
953	♥K	2
954	♠5	6
955	♥3	40
956	♠Q	39
957	♠9	2
958	♠5	42
959	♠K	6
960	♥Q	40
961	♠K	39
962	♠Q	2
963	♥6	40
964	♠7	42
965	♥A	39
966	♥8	40
967	♥A	2
968	♠J	42
969	♠7	40
970	♠A	42
971	♠3	2
972	♠T	42
973	♣2	49
974	♠5	2
975	♣5	52
976	♥2	40
977	♠K	2
978	♣2	52
979	♣Q	49
980	♠A	2
981	♣3	52
982	♠9	40
983	♣K	50
984	♣2	53
985	♣6	52
986	♠Q	40
987	♣3	49
988	♣8	50
989	♣K	53
990	♠6	40
991	♣7	52
992	♣3	50
993	♣8	53
994	♣8	44
995	♣A	52
996	♣2	50
997	♣3	53
998	♣4	49
999	♥9	40
1000	♣9	44
1001	♣4	52
1002	♣A	50
1003	♣A	53
1004	♣T	52
1005	♣2	44
1006	♣J	50
1007	♣J	53
1008	♦4	52
1009	♣8	45
1010	♦2	49
1011	♣K	44
1012	♣6	50
1013	♣6	53
1014	♦6	52
1015	♣9	45
1016	♣A	44
1017	♣4	50
1018	♣K	57
1019	♣4	53
1020	♠2	40
1021	♦8	52
1022	♣8	57
1023	♣2	45
1024	♦5	49
1025	♦4	50
1026	♦4	53
1027	♣J	44
1028	♦3	52
1029	♣3	57
1030	♣K	45
1031	♣3	44
1032	♦6	50
1033	♣2	57
1034	♦6	53
1035	♣4	44
1036	♣J	52
1037	♦8	49
1038	♣A	45
1039	♣7	50
1040	♣A	57
1041	♠T	40
1042	♣7	53
1043	♣Q	52
1044	♣J	57
1045	♦4	44
1046	♥K	40
1047	♣J	45
1048	♦9	49
1049	♦2	50
1050	♦2	53
1051	♦5	52
1052	♦6	44
1053	♠J	40
1054	♣3	45
1055	♦3	50
1056	♣6	44
1057	♣5	49
1058	♦3	53
1059	♣6	57
1060	♠5	52
1061	♣4	69
1062	♦2	44
1063	♣4	45
1064	♠A	40
1065	♣4	57
1066	♠4	50
1067	♣5	69
1068	♥4	53
1069	♦2	52
1070	♦3	49
1071	♣3	70
1072	♦4	45
1073	♦4	57
1074	♣Q	69
1075	♦8	50
1076	♦7	49
1077	♦8	53
1078	♠3	52
1079	♦3	44
1080	♦6	45
1081	♣4	70
1082	♦6	57
1083	♣3	69
1084	♦5	50
1085	♣7	44
1086	♦5	53
1087	♠8	40
1088	♣8	52
1089	♦2	69
1090	♣7	57
1091	♣9	70
1092	♣6	45
1093	♣6	49
1094	♦8	44
1095	♣9	50
1096	♣9	53
1097	♦5	69
1098	♦7	52
1099	♣J	70
1100	♦2	45
1101	♦2	57
1102	♦J	44
1103	♣T	50
1104	♣T	53
1105	♠K	40
1106	♦8	69
1107	♣7	49
1108	♣K	52
1109	♣7	45
1110	♣5	70
1111	♦J	50
1112	♦J	53
1113	♦9	69
1114	♣9	52
1115	♣9	49
1116	♣2	71
1117	♣9	57
1118	♣T	45
1119	♣6	70
1120	♦5	44
1121	♦7	50
1122	♣T	57
1123	♥3	53
1124	♣2	69
1125	♦T	52
1126	♣2	70
1127	♦5	45
1128	♦4	49
1129	♣9	71
1130	♣5	50
1131	♦7	53
1132	♦K	49
1133	♥A	40
1134	♠6	52
1135	♥6	69
1136	♣5	71
1137	♦7	44
1138	♣Q	70
1139	♦3	45
1140	♣T	49
1141	♠3	50
1142	♥T	53
1143	♣Q	44
1144	♣3	71
1145	♦9	52
1146	♦7	69
1147	♦9	44
1148	♣5	45
1149	♦3	70
1150	♦T	50
1151	♦9	53
1152	♦6	49
1153	♣Q	71
1154	♠8	52
1155	♣6	69
1156	♥3	49
1157	♦9	70
1158	♦J	45
1159	♣Q	50
1160	♦K	53
1161	♣5	44
1162	♦5	57
1163	♥3	52
1164	♦3	69
1165	♦2	70
1166	♦7	45
1167	♣K	71
1168	♣A	49
1169	♦K	50
1170	♦K	44
1171	♣Q	53
1172	♦K	69
1173	♦Q	52
1174	♣6	71
1175	♦7	70
1176	♣Q	45
1177	♣8	49
1178	♦Q	50
1179	♣5	53
1180	♦J	69
1181	♥2	52
1182	♣4	71
1183	♥4	45
1184	♣K	70
1185	♦T	44
1186	♥4	50
1187	♥5	53
1188	♦3	57
1189	♣J	49
1190	♥4	52
1191	♦T	69
1192	♥J	45
1193	♣T	70
1194	♥6	49
1195	♥4	44
1196	♦9	50
1197	♥7	53
1198	♣5	57
1199	♥6	52
1200	♥3	69
1201	♥5	45
1202	♣7	70
1203	♥5	44
1204	♥5	50
1205	♦T	53
1206	♣J	71
1207	♥J	52
1208	♥7	69
1209	♥3	45
1210	♦4	70
1211	♥4	49
1212	♥7	50
1213	♦J	57
1214	♥Q	53
1215	♦J	52
1216	♥5	69
1217	♥7	44
1218	♣A	70
1219	♦8	45
1220	♣K	49
1221	♥T	50
1222	♦A	53
1223	♥T	44
1224	♣T	71
1225	♦7	57
1226	♥8	49
1227	♥8	69
1228	♠T	52
1229	♥J	44
1230	♦K	45
1231	♦6	70
1232	♥J	50
1233	♥6	53
1234	♥T	49
1235	♣7	71
1236	♥9	52
1237	♦4	69
1238	♣Q	57
1239	♦T	45
1240	♣8	70
1241	♦J	49
1242	♦A	50
1243	♠4	53
1244	♣T	44
1245	♠3	71
1246	♦K	52
1247	♥4	69
1248	♦5	70
1249	♥T	45
1250	♠5	50
1251	♥6	44
1252	♠8	53
1253	♦T	49
1254	♥4	57
1255	♥7	52
1256	♦Q	69
1257	♦Q	44
1258	♦J	70
1259	♥6	45
1260	♥3	50
1261	♠3	53
1262	♦3	71
1263	♥J	57
1264	♥Q	44
1265	♠2	52
1266	♣9	69
1267	♠2	49
1268	♥5	57
1269	♥Q	50
1270	♥7	45
1271	♦9	71
1272	♦T	70
1273	♦Q	53
1274	♥T	69
1275	♥8	52
1276	♥3	44
1277	♦2	71
1278	♥3	57
1279	♥Q	45
1280	♥6	50
1281	♦8	70
1282	♥2	53
1283	♥J	49
1284	♦7	71
1285	♦Q	49
1286	♥5	52
1287	♥Q	69
1288	♥8	50
1289	♥2	45
1290	♦K	70
1291	♠5	53
1292	♠4	44
1293	♦8	57
1294	♥2	44
1295	♠7	52
1296	♥9	69
1297	♠7	50
1298	♥7	70
1299	♠4	45
1300	♥8	53
1301	♦A	49
1302	♣A	71
1303	♠3	44
1304	♦K	57
1305	♦6	69
1306	♠4	52
1307	♠8	45
1308	♠7	53
1309	♥2	50
1310	♥9	70
1311	♦T	57
1312	♥5	49
1313	♠2	71
1314	♥T	57
1315	♠9	52
1316	♣7	69
1317	♥8	44
1318	♠3	45
1319	♠9	50
1320	♥9	53
1321	♥2	70
1322	♥6	57
1323	♣8	71
1324	♠4	49
1325	♠Q	52
1326	♣T	69
1327	♥7	57
1328	♦Q	45
1329	♠Q	50
1330	♠9	53
1331	♥K	70
1332	♠7	44
1333	♦4	71
1334	♥Q	57
1335	♠2	69
1336	♥Q	52
1337	♥J	53
1338	♦9	45
1339	♦Q	70
1340	♠6	50
1341	♦A	44
1342	♥K	49
1343	♠J	52
1344	♥2	57
1345	♥J	69
1346	♠6	53
1347	♥A	70
1348	♠5	45
1349	♥9	50
1350	♦6	71
1351	♠4	57
1352	♠5	44
1353	♥T	52
1354	♥K	69
1355	♠2	53
1356	♥4	70
1357	♠2	50
1358	♥8	45
1359	♠8	57
1360	♥2	49
1361	♠2	44
1362	♦8	71
1363	♦A	52
1364	♥2	69
1365	♠T	53
1366	♠7	45
1367	♥3	70
1368	♠T	50
1369	♥9	49
1370	♠6	44
1371	♠3	57
1372	♠A	52
1373	♣J	69
1374	♦Q	57
1375	♥K	50
1376	♥K	53
1377	♦A	45
1378	♦A	70
1379	♠6	49
1380	♦5	71
1381	♥K	52
1382	♠4	69
1383	♥A	49
1384	♦J	71
1385	♠3	70
1386	♠J	50
1387	♠J	53
1388	♠6	45
1389	♥9	44
1390	♠9	44
1391	♠K	52
1392	♥A	69
1393	♦9	57
1394	♥A	53
1395	♥6	70
1396	♠A	50
1397	♥9	45
1398	♣3	65
1399	♠5	57
1400	♠J	44
1401	♣8	69
1402	♥A	52
1403	♣4	65
1404	♠A	53
1405	♠8	50
1406	♠9	45
1407	♥5	70
1408	♥4	71
1409	♠3	49
1410	♠Q	44
1411	♣K	69
1412	♣9	65
1413	♥5	71
1414	♠4	70
1415	♠K	50
1416	♠Q	53
1417	♥8	57
1418	♠2	45
1419	♠7	49
1420	♠T	44
1421	♠6	69
1422	♥K	71
1423	♣J	65
1424	♠6	70
1425	♠K	53
1426	♠T	45
1427	♥A	50
1428	♥K	44
1429	♠8	49
1430	♠7	57
1431	♥A	71
1432	♠3	69
1433	♣5	65
1434	♠8	44
1435	♦A	57
1436	♠8	70
1437	♥K	45
1438	♠Q	49
1439	♣6	65
1440	♠K	44
1441	♦K	71
1442	♠7	69
1443	♠2	70
1444	♠J	45
1445	♥A	44
1446	♣2	65
1447	♠6	57
1448	♠8	69
1449	♥T	70
1450	♠A	45
1451	♠8	71
1452	♠K	49
1453	♣Q	65
1454	♠A	44
1455	♠Q	69
1456	♦T	71
1457	♠Q	45
1458	♥Q	70
1459	♥9	57
1460	♠5	49
1461	♦3	65
1462	♠K	69
1463	♦Q	71
1464	♠T	70
1465	♠K	45
1466	♦9	65
1467	♠9	57
1468	♥6	71
1469	♥7	49
1470	♠5	69
1471	♥A	45
1472	♠7	70
1473	♦2	65
1474	♣A	69
1475	♥8	71
1476	♠2	57
1477	♥8	70
1478	♦A	71
1479	♦7	65
1480	♠9	69
1481	♠T	57
1482	♠9	49
1483	♠J	70
1484	♣K	65
1485	♠A	49
1486	♥7	71
1487	♠A	69
1488	♠9	70
1489	♠T	49
1490	♥K	57
1491	♣T	65
1492	♠T	69
1493	♥2	71
1494	♥J	70
1495	♠J	57
1496	♣7	65
1497	♦A	69
1498	♠4	71
1499	♠K	70
1500	♦4	65
1501	♠A	57
1502	♠J	69
1503	♠6	71
1504	♠5	70
1505	♦5	65
1506	♠Q	57
1507	♣5	79
1508	♠Q	70
1509	♥9	71
1510	♦J	65
1511	♥Q	49
1512	♠K	57
1513	♠A	70
1514	♦6	65
1515	♣6	79
1516	♠J	49
1517	♥A	57
1518	♠7	71
1519	♦8	65
1520	♠K	71
1521	♣A	65
1522	♣2	79
1523	♣Q	74
1524	♠5	71
1525	♦T	65
1526	♣3	74
1527	♠T	71
1528	♣4	74
1529	♣8	65
1530	♣9	79
1531	♦K	65
1532	♣K	74
1533	♥T	71
1534	♥7	65
1535	♣2	74
1536	♥9	65
1537	♠2	74
1538	♥Q	71
1539	♣Q	79
1540	♥2	65
1541	♠J	71
1542	♦5	74
1543	♣K	79
1544	♥K	65
1545	♣6	74
1546	♠A	71
1547	♦Q	65
1548	♣3	79
1549	♦2	74
1550	♦7	74
1551	♥A	65
1552	♣4	79
1553	♠9	71
1554	♦8	74
1555	♥4	65
1556	♣J	79
1557	♣2	91
1558	♦9	74
1559	♣4	82
1560	♥3	65
1561	♥J	71
1562	♣3	91
1563	♣5	74
1564	♣5	82
1565	♦A	65
1566	♣5	91
1567	♣T	79
1568	♠4	74
1569	♣Q	82
1570	♠3	65
1571	♣6	91
1572	♦K	74
1573	♣7	79
1574	♥6	65
1575	♣3	82
1576	♥3	71
1577	♣7	91
1578	♦3	79
1579	♣7	74
1580	♣A	79
1581	♥5	65
1582	♦2	82
1583	♠Q	71
1584	♣K	91
1585	♠4	65
1586	♦2	79
1587	♦5	82
1588	♦3	74
1589	♣4	91
1590	♠3	74
1591	♣8	79
1592	♠6	65
1593	♦8	82
1594	♣8	91
1595	♠8	65
1596	♦9	82
1597	♦4	79
1598	♣2	75
1599	♦2	91
1600	♦J	74
1601	♦9	79
1602	♠2	65
1603	♣2	82
1604	♣Q	75
1605	♦T	91
1606	♦T	74
1607	♥T	65
1608	♦3	82
1609	♦T	79
1610	♦3	91
1611	♣3	75
1612	♣6	95
1613	♦7	79
1614	♥Q	65
1615	♦7	82
1616	♣T	91
1617	♣4	75
1618	♥3	74
1619	♣K	95
1620	♠T	65
1621	♣6	82
1622	♣Q	91
1623	♦2	75
1624	♣3	95
1625	♦5	79
1626	♥7	74
1627	♠7	65
1628	♣7	82
1629	♦5	75
1630	♣9	91
1631	♣5	95
1632	♦6	79
1633	♥8	65
1634	♣9	82
1635	♦8	75
1636	♣J	91
1637	♣2	95
1638	♥5	74
1639	♦8	79
1640	♦4	82
1641	♦K	79
1642	♠J	65
1643	♦9	75
1644	♦4	91
1645	♥6	74
1646	♣4	95
1647	♦J	79
1648	♠9	65
1649	♦K	82
1650	♦5	91
1651	♣5	75
1652	♣8	95
1653	♣8	74
1654	♥7	79
1655	♥J	65
1656	♣T	82
1657	♦K	91
1658	♥6	75
1659	♣T	95
1660	♣9	74
1661	♥9	79
1662	♠K	65
1663	♦6	82
1664	♦8	91
1665	♦7	75
1666	♣7	95
1667	♥2	79
1668	♦4	74
1669	♥K	79
1670	♠5	65
1671	♥3	82
1672	♣6	75
1673	♠5	74
1674	♥3	91
1675	♦2	95
1676	♦Q	79
1677	♣8	82
1678	♠Q	65
1679	♦3	75
1680	♣A	91
1681	♣Q	95
1682	♥4	74
1683	♠A	65
1684	♣J	82
1685	♦K	75
1686	♦Q	91
1687	♣9	95
1688	♥A	79
1689	♥Q	74
1690	♥4	79
1691	♥6	82
1692	♥9	74
1693	♥9	91
1694	♦J	75
1695	♣A	95
1696	♥8	74
1697	♥4	82
1698	♥3	79
1699	♦6	91
1700	♦T	75
1701	♦3	95
1702	♣A	74
1703	♣A	82
1704	♣T	74
1705	♦A	79
1706	♥4	91
1707	♣J	95
1708	♥3	75
1709	♦6	74
1710	♠3	79
1711	♦J	82
1712	♥T	91
1713	♥7	75
1714	♦4	95
1715	♠T	74
1716	♦T	82
1717	♥6	79
1718	♥7	91
1719	♥5	75
1720	♦T	95
1721	♥5	79
1722	♥8	82
1723	♥2	91
1724	♥8	75
1725	♦Q	95
1726	♠4	79
1727	♥T	74
1728	♥T	82
1729	♥Q	91
1730	♥3	95
1731	♦4	75
1732	♥2	74
1733	♠6	79
1734	♦Q	82
1735	♣3	99
1736	♠8	79
1737	♥J	91
1738	♥4	75
1739	♦5	95
1740	♣J	74
1741	♣K	82
1742	♣5	99
1743	♥8	91
1744	♠2	79
1745	♦8	95
1746	♦Q	75
1747	♠2	82
1748	♠6	74
1749	♣6	99
1750	♥K	91
1751	♥9	95
1752	♣9	75
1753	♣5	102
1754	♠Q	74
1755	♥J	82
1756	♣K	99
1757	♥5	91
1758	♦6	95
1759	♥T	75
1760	♥T	79
1761	♣6	102
1762	♦A	82
1763	♥J	74
1764	♣2	99
1765	♥A	91
1766	♠7	74
1767	♥Q	75
1768	♦K	95
1769	♣2	101
1770	♣2	102
1771	♥5	82
1772	♣4	99
1773	♥Q	79
1774	♦7	91
1775	♦A	95
1776	♥9	75
1777	♣6	101
1778	♣3	102
1779	♠4	82
1780	♠8	74
1781	♣8	99
1782	♦A	91
1783	♦6	75
1784	♥4	95
1785	♠T	79
1786	♣4	101
1787	♠K	74
1788	♣7	102
1789	♣T	99
1790	♥K	82
1791	♠7	79
1792	♠3	91
1793	♣7	75
1794	♥T	95
1795	♣5	101
1796	♣K	102
1797	♣7	99
1798	♥2	82
1799	♥K	74
1800	♠9	91
1801	♣T	75
1802	♦7	95
1803	♣K	101
1804	♣4	102
1805	♠7	99
1806	♥9	82
1807	♥8	79
1808	♠2	91
1809	♦Q	74
1810	♠2	75
1811	♥2	95
1812	♠9	74
1813	♣8	102
1814	♣A	101
1815	♣Q	99
1816	♠6	82
1817	♠J	79
1818	♠7	91
1819	♠A	74
1820	♥J	75
1821	♥5	95
1822	♠9	79
1823	♣8	101
1824	♦2	102
1825	♣9	99
1826	♥A	82
1827	♥6	91
1828	♥J	79
1829	♥Q	95
1830	♥K	75
1831	♣3	101
1832	♦T	102
1833	♦2	99
1834	♠3	82
1835	♠4	91
1836	♥A	74
1837	♥7	95
1838	♥2	75
1839	♠K	79
1840	♣7	101
1841	♦3	102
1842	♦T	99
1843	♠7	82
1844	♦9	91
1845	♦A	74
1846	♥A	95
1847	♣J	75
1848	♠5	79
1849	♣T	101
1850	♣T	102
1851	♦3	99
1852	♠8	82
1853	♠6	91
1854	♠Q	79
1855	♠4	75
1856	♥J	95
1857	♣9	101
1858	♠J	74
1859	♣Q	102
1860	♣J	99
1861	♠Q	82
1862	♦J	91
1863	♥A	75
1864	♥8	95
1865	♠A	79
1866	♦2	101
1867	♣A	99
1868	♣9	102
1869	♠K	82
1870	♠T	91
1871	♣8	75
1872	♥6	95
1873	♦8	101
1874	♠9	99
1875	♣J	102
1876	♠5	82
1877	♠K	91
1878	♣K	75
1879	♠2	95
1880	♣Q	101
1881	♥3	99
1882	♦4	102
1883	♠5	91
1884	♥7	82
1885	♠7	95
1886	♠6	75
1887	♦5	101
1888	♦5	102
1889	♦4	99
1890	♠J	91
1891	♠9	82
1892	♠3	75
1893	♠3	95
1894	♦Q	101
1895	♦8	99
1896	♦K	102
1897	♠Q	91
1898	♠A	82
1899	♠7	75
1900	♠9	95
1901	♦3	101
1902	♦8	102
1903	♠2	99
1904	♠A	91
1905	♠T	82
1906	♠8	75
1907	♥K	95
1908	♦T	101
1909	♥3	102
1910	♦5	99
1911	♠8	91
1912	♥Q	82
1913	♠Q	75
1914	♠4	95
1915	♥3	101
1916	♣A	102
1917	♦K	99
1918	♠J	82
1919	♦9	95
1920	♠K	75
1921	♦6	101
1922	♥9	99
1923	♦Q	102
1924	♠5	75
1925	♠6	95
1926	♦J	101
1927	♥9	102
1928	♥J	99
1929	♣A	75
1930	♠K	95
1931	♥5	101
1932	♥2	99
1933	♦6	102
1934	♠9	75
1935	♠5	95
1936	♦7	101
1937	♥4	99
1938	♥4	102
1939	♠J	95
1940	♠A	75
1941	♦6	99
1942	♦K	101
1943	♥T	102
1944	♠T	95
1945	♠T	75
1946	♦4	101
1947	♦A	99
1948	♥7	102
1949	♦A	75
1950	♠A	95
1951	♥4	101
1952	♦Q	99
1953	♥2	102
1954	♠8	95
1955	♠J	75
1956	♥7	101
1957	♥T	99
1958	♥Q	102
1959	♣6	104
1960	♦J	95
1961	♦9	101
1962	♥8	99
1963	♥J	102
1964	♣5	110
1965	♣7	104
1966	♠Q	95
1967	♣J	101
1968	♥K	99
1969	♥8	102
1970	♣6	110
1971	♣5	104
1972	♣2	110
1973	♦A	101
1974	♥Q	99
1975	♥K	102
1976	♣3	110
1977	♣2	104
1978	♥T	101
1979	♥7	99
1980	♣7	110
1981	♥5	102
1982	♣4	104
1983	♣K	110
1984	♥9	101
1985	♥5	99
1986	♣4	110
1987	♥A	102
1988	♣8	104
1989	♥2	101
1990	♥A	99
1991	♣8	110
1992	♦7	102
1993	♣3	104
1994	♠2	101
1995	♦7	99
1996	♦2	110
1997	♦A	102
1998	♣K	104
1999	♥K	101
2000	♠3	99
2001	♦T	110
2002	♠3	102
2003	♦2	104
2004	♥J	101
2005	♠6	99
2006	♦3	110
2007	♠9	102
2008	♥3	104
2009	♥A	101
2010	♠K	99
2011	♣T	110
2012	♠2	102
2013	♦5	104
2014	♠3	101
2015	♠4	99
2016	♣J	110
2017	♣3	112
2018	♠7	102
2019	♦3	104
2020	♥6	101
2021	♠J	99
2022	♦4	110
2023	♣4	112
2024	♥6	102
2025	♠6	101
2026	♣Q	104
2027	♣5	116
2028	♥6	99
2029	♣Q	110
2030	♣9	112
2031	♠4	102
2032	♠7	101
2033	♣T	104
2034	♠5	99
2035	♣9	110
2036	♣9	116
2037	♣J	112
2038	♦9	102
2039	♠9	101
2040	♣9	104
2041	♣A	110
2042	♦9	99
2043	♣5	112
2044	♣6	116
2045	♠6	102
2046	♥4	104
2047	♠4	101
2048	♠T	99
2049	♣4	116
2050	♣6	112
2051	♦8	110
2052	♦J	102
2053	♦8	104
2054	♠T	101
2055	♣2	116
2056	♠Q	99
2057	♣2	112
2058	♥3	110
2059	♠T	102
2060	♥5	104
2061	♠J	101
2062	♣K	116
2063	♠A	99
2064	♦5	110
2065	♣Q	112
2066	♠K	102
2067	♦6	104
2068	♠K	101
2069	♣7	116
2070	♠8	99
2071	♦K	110
2072	♦3	112
2073	♠5	102
2074	♠5	101
2075	♦4	104
2076	♣8	116
2077	♦J	99
2078	♦9	112
2079	♦Q	110
2080	♠J	102
2081	♥8	101
2082	♣A	104
2083	♦2	116
2084	♥9	110
2085	♦2	112
2086	♠Q	102
2087	♠8	101
2088	♣J	104
2089	♥3	116
2090	♦7	112
2091	♦6	110
2092	♠A	102
2093	♠Q	101
2094	♦Q	104
2095	♦5	116
2096	♣K	112
2097	♦A	110
2098	♠8	102
2099	♦3	116
2100	♥Q	101
2101	♥T	104
2102	♣T	112
2103	♥4	110
2104	♣Q	116
2105	♠A	101
2106	♦T	104
2107	♥T	110
2108	♣7	112
2109	♣T	116
2110	♥7	104
2111	♣5	120
2112	♠3	112
2113	♦7	110
2114	♣3	116
2115	♦7	104
2116	♣9	120
2117	♦4	112
2118	♥2	110
2119	♥4	116
2120	♦K	104
2121	♣6	120
2122	♣4	124
2123	♦J	112
2124	♥5	110
2125	♥9	104
2126	♦8	116
2127	♣4	120
2128	♣4	123
2129	♣5	124
2130	♦6	112
2131	♥Q	110
2132	♥J	104
2133	♥5	116
2134	♣2	120
2135	♣2	124
2136	♣6	124
2137	♥7	110
2138	♦8	112
2139	♣9	123
2140	♥2	104
2141	♦6	116
2142	♣K	120
2143	♣6	121
2144	♣K	124
2145	♣7	121
2146	♥A	110
2147	♣A	112
2148	♦4	116
2149	♦J	104
2150	♣7	120
2151	♣6	123
2152	♣A	124
2153	♠2	112
2154	♥J	110
2155	♣A	116
2156	♣5	121
2157	♦9	104
2158	♣8	120
2159	♣8	124
2160	♣2	121
2161	♥8	110
2162	♣8	112
2163	♣J	116
2164	♦A	104
2165	♦2	120
2166	♣3	124
2167	♣2	123
2168	♥6	110
2169	♦5	112
2170	♣4	121
2171	♦Q	116
2172	♠2	104
2173	♣Q	120
2174	♣7	124
2175	♣8	121
2176	♦T	112
2177	♠2	110
2178	♥T	116
2179	♥K	104
2180	♦5	120
2181	♣T	124
2182	♣Q	123
2183	♣3	121
2184	♦Q	112
2185	♠7	110
2186	♦T	116
2187	♥A	104
2188	♦Q	120
2189	♣9	124
2190	♣K	123
2191	♦K	112
2192	♠3	110
2193	♣K	121
2194	♥7	116
2195	♣3	123
2196	♠3	104
2197	♣3	120
2198	♦2	124
2199	♠8	112
2200	♠9	110
2201	♣5	123
2202	♦7	116
2203	♥6	104
2204	♦2	121
2205	♦8	120
2206	♣7	123
2207	♣J	124
2208	♥4	112
2209	♥K	110
2210	♦K	116
2211	♠6	104
2212	♣A	120
2213	♣8	123
2214	♠4	124
2215	♠4	110
2216	♥5	112
2217	♠7	121
2218	♥9	116
2219	♠7	104
2220	♣T	120
2221	♦8	124
2222	♦5	121
2223	♦9	110
2224	♥K	112
2225	♣T	123
2226	♥J	116
2227	♠9	104
2228	♦T	120
2229	♣Q	124
2230	♦6	123
2231	♠6	110
2232	♥A	112
2233	♥2	116
2234	♦3	121
2235	♠4	104
2236	♥3	120
2237	♦3	124
2238	♣8	131
2239	♥7	112
2240	♠K	110
2241	♦J	116
2242	♣Q	121
2243	♦6	120
2244	♠T	104
2245	♦T	124
2246	♣T	131
2247	♥9	112
2248	♠5	110
2249	♦9	116
2250	♣A	123
2251	♦K	120
2252	♠J	104
2253	♥3	124
2254	♣2	131
2255	♣T	121
2256	♠J	110
2257	♥2	112
2258	♦A	116
2259	♦3	120
2260	♠K	104
2261	♣9	121
2262	♣6	131
2263	♦5	124
2264	♠T	110
2265	♦A	112
2266	♦J	123
2267	♠2	116
2268	♦J	120
2269	♠2	121
2270	♠5	104
2271	♣4	131
2272	♦J	124
2273	♥6	112
2274	♠A	110
2275	♦4	123
2276	♥K	116
2277	♥5	120
2278	♥8	104
2279	♣9	131
2280	♣J	123
2281	♦8	121
2282	♠7	124
2283	♠8	110
2284	♥8	112
2285	♥A	116
2286	♠8	121
2287	♦7	120
2288	♥Q	104
2289	♦6	124
2290	♣Q	131
2291	♠4	112
2292	♦J	110
2293	♠3	116
2294	♦2	123
2295	♥4	120
2296	♠A	104
2297	♦4	124
2298	♣A	131
2299	♠6	112
2300	♦6	121
2301	♠Q	110
2302	♥6	116
2303	♦4	121
2304	♥7	120
2305	♠8	104
2306	♥5	124
2307	♦3	131
2308	♠7	112
2309	♠6	116
2310	♦K	123
2311	♣A	121
2312	♥J	120
2313	♠Q	104
2314	♥J	124
2315	♦4	131
2316	♠K	112
2317	♠7	116
2318	♣J	121
2319	♦5	123
2320	♥Q	120
2321	♦Q	121
2322	♥2	124
2323	♦J	131
2324	♠5	112
2325	♠9	116
2326	♦3	123
2327	♦4	120
2328	♥4	124
2329	♦A	131
2330	♠T	112
2331	♠6	121
2332	♠4	116
2333	♥T	120
2334	♦7	124
2335	♦6	131
2336	♥T	112
2337	♥4	123
2338	♠T	116
2339	♦T	121
2340	♥9	120
2341	♠K	121
2342	♦Q	124
2343	♦8	131
2344	♥Q	112
2345	♥7	123
2346	♠J	116
2347	♦9	120
2348	♦7	121
2349	♥T	124
2350	♦2	131
2351	♠J	112
2352	♠K	116
2353	♣J	120
2354	♥2	123
2355	♠8	124
2356	♦K	121
2357	♦K	131
2358	♠A	112
2359	♠5	116
2360	♦A	120
2361	♥3	121
2362	♥7	124
2363	♣3	131
2364	♣4	135
2365	♠9	112
2366	♥8	116
2367	♠2	120
2368	♥3	123
2369	♠3	124
2370	♥J	121
2371	♠8	131
2372	♣9	135
2373	♥J	112
2374	♥Q	116
2375	♥2	121
2376	♥K	120
2377	♥9	123
2378	♥6	124
2379	♦5	131
2380	♥4	121
2381	♣6	135
2382	♥3	112
2383	♠A	116
2384	♥2	120
2385	♦8	123
2386	♠2	124
2387	♣5	131
2388	♣2	135
2389	♠Q	112
2390	♥6	123
2391	♠8	116
2392	♠6	120
2393	♦9	121
2394	♦7	131
2395	♦9	124
2396	♣Q	135
2397	♦A	121
2398	♥A	120
2399	♠Q	116
2400	♦K	124
2401	♦9	131
2402	♥T	123
2403	♦J	121
2404	♣K	135
2405	♣4	133
2406	♠3	120
2407	♦Q	131
2408	♠6	124
2409	♣3	135
2410	♥5	121
2411	♥5	123
2412	♣5	133
2413	♠7	120
2414	♠K	124
2415	♠4	131
2416	♣5	135
2417	♥Q	123
2418	♣2	133
2419	♠9	120
2420	♥6	121
2421	♣J	131
2422	♥9	124
2423	♣7	135
2424	♦T	123
2425	♠4	120
2426	♣6	133
2427	♥T	121
2428	♠9	131
2429	♠5	124
2430	♣8	135
2431	♦7	123
2432	♠T	120
2433	♣K	133
2434	♥3	131
2435	♥8	124
2436	♥7	121
2437	♣T	135
2438	♥K	123
2439	♠J	120
2440	♣A	133
2441	♣7	131
2442	♠3	121
2443	♠T	124
2444	♦6	135
2445	♠K	120
2446	♣8	133
2447	♠2	123
2448	♦T	131
2449	♠J	124
2450	♣A	135
2451	♣4	141
2452	♣2	139
2453	♦9	123
2454	♠5	120
2455	♠5	121
2456	♣3	133
2457	♠2	131
2458	♥K	124
2459	♦J	135
2460	♣3	139
2461	♣9	141
2462	♠4	121
2463	♥8	123
2464	♥6	120
2465	♣7	133
2466	♠T	121
2467	♥5	131
2468	♠9	124
2469	♦4	135
2470	♣6	141
2471	♣5	139
2472	♠8	120
2473	♥9	121
2474	♣T	133
2475	♥A	123
2476	♣K	131
2477	♦A	124
2478	♣J	135
2479	♣2	141
2480	♣6	139
2481	♠Q	120
2482	♠J	121
2483	♣9	133
2484	♠6	123
2485	♥4	131
2486	♠A	124
2487	♦2	135
2488	♣Q	141
2489	♣7	139
2490	♥8	120
2491	♦Q	123
2492	♦2	133
2493	♠3	131
2494	♥A	124
2495	♦K	135
2496	♣K	141
2497	♣K	139
2498	♠A	120
2499	♣J	133
2500	♥9	131
2501	♥K	121
2502	♥J	123
2503	♠Q	124
2504	♦5	135
2505	♣4	139
2506	♣3	141
2507	♥2	133
2508	♥2	131
2509	♠9	121
2510	♥Q	124
2511	♦3	135
2512	♠4	123
2513	♣5	141
2514	♣8	139
2515	♠5	131
2516	♦8	133
2517	♥8	121
2518	♠9	123
2519	♥4	135
2520	♣7	141
2521	♦2	139
2522	♠6	131
2523	♣Q	133
2524	♠A	121
2525	♠3	123
2526	♥7	135
2527	♣8	141
2528	♦T	139
2529	♥6	131
2530	♦3	133
2531	♠5	123
2532	♥A	121
2533	♥2	135
2534	♣T	141
2535	♦3	139
2536	♠T	131
2537	♦T	133
2538	♠Q	121
2539	♥3	135
2540	♥Q	121
2541	♠T	123
2542	♠5	141
2543	♣T	139
2544	♥7	131
2545	♥3	133
2546	♥9	135
2547	♠A	123
2548	♣Q	139
2549	♦6	141
2550	♦5	133
2551	♠7	131
2552	♦8	135
2553	♦4	141
2554	♣9	139
2555	♠8	123
2556	♥5	133
2557	♥T	131
2558	♥6	135
2559	♠7	123
2560	♣J	139
2561	♦3	141
2562	♥J	131
2563	♥J	133
2564	♥T	135
2565	♥7	139
2566	♦7	141
2567	♥6	133
2568	♠J	131
2569	♥5	135
2570	♦4	139
2571	♦A	123
2572	♣A	141
2573	♥4	133
2574	♠K	131
2575	♥Q	135
2576	♦K	139
2577	♠8	141
2578	♠Q	123
2579	♦6	133
2580	♥Q	131
2581	♦T	135
2582	♦8	139
2583	♦5	141
2584	♠J	123
2585	♦Q	133
2586	♥8	131
2587	♦7	135
2588	♥3	139
2589	♣J	141
2590	♦J	133
2591	♠A	131
2592	♥K	135
2593	♥9	139
2594	♦J	141
2595	♥7	133
2596	♥K	131
2597	♥J	139
2598	♠2	135
2599	♠4	141
2600	♣2	149
2601	♣9	145
2602	♥9	133
2603	♥A	131
2604	♥2	139
2605	♦9	135
2606	♦8	141
2607	♣4	149
2608	♣K	145
2609	♦7	133
2610	♠Q	131
2611	♥8	135
2612	♥4	139
2613	♦2	141
2614	♣9	149
2615	♣2	145
2616	♥8	133
2617	♠K	123
2618	♦5	139
2619	♥A	135
2620	♥7	141
2621	♣K	149
2622	♣4	145
2623	♥T	133
2624	♠6	135
2625	♦A	139
2626	♥2	141
2627	♣6	149
2628	♣6	145
2629	♠2	133
2630	♦Q	135
2631	♦Q	139
2632	♥3	141
2633	♣8	149
2634	♣8	145
2635	♠7	133
2636	♥T	139
2637	♥J	135
2638	♥8	141
2639	♣5	149
2640	♣5	145
2641	♠3	133
2642	♠4	135
2643	♥Q	139
2644	♦K	141
2645	♣Q	145
2646	♣Q	149
2647	♠4	133
2648	♠9	135
2649	♦6	139
2650	♠7	141
2651	♦6	145
2652	♥K	133
2653	♦6	149
2654	♠3	135
2655	♥8	139
2656	♦T	141
2657	♦4	149
2658	♦4	145
2659	♦9	133
2660	♠5	135
2661	♥K	139
2662	♦9	141
2663	♦3	149
2664	♦3	145
2665	♥Q	133
2666	♠T	135
2667	♥5	139
2668	♣2	153
2669	♦7	149
2670	♥9	141
2671	♦7	145
2672	♠6	133
2673	♠A	135
2674	♥A	139
2675	♣3	153
2676	♣T	149
2677	♠2	141
2678	♥A	133
2679	♣T	145
2680	♠8	135
2681	♦7	139
2682	♣6	153
2683	♠5	149
2684	♥6	141
2685	♠7	135
2686	♣A	139
2687	♠5	133
2688	♦J	145
2689	♦3	153
2690	♣7	149
2691	♥4	141
2692	♠2	139
2693	♦4	133
2694	♦A	135
2695	♣7	145
2696	♦7	153
2697	♣3	149
2698	♠6	141
2699	♠7	139
2700	♠Q	135
2701	♠T	133
2702	♣3	145
2703	♠A	141
2704	♦2	153
2705	♦J	149
2706	♠3	139
2707	♠J	135
2708	♠8	133
2709	♦K	145
2710	♣2	157
2711	♠Q	141
2712	♦5	149
2713	♦8	153
2714	♠9	139
2715	♠K	135
2716	♠9	133
2717	♦5	145
2718	♣6	157
2719	♦8	149
2720	♠J	141
2721	♦9	153
2722	♥6	139
2723	♦K	133
2724	♣8	157
2725	♦8	145
2726	♣7	153
2727	♦Q	141
2728	♦Q	149
2729	♠4	139
2730	♠J	133
2731	♣T	157
2732	♦A	145
2733	♦T	153
2734	♦9	139
2735	♣A	149
2736	♥5	141
2737	♠A	133
2738	♣4	157
2739	♣A	145
2740	♥Q	141
2741	♠6	139
2742	♣8	153
2743	♠8	149
2744	♠K	133
2745	♣9	157
2746	♥4	145
2747	♠9	141
2748	♣4	153
2749	♠K	139
2750	♥7	149
2751	♠Q	133
2752	♣Q	157
2753	♥7	145
2754	♠T	141
2755	♦Q	153
2756	♠5	139
2757	♣J	149
2758	♦A	133
2759	♣A	157
2760	♣J	145
2761	♦5	153
2762	♠3	141
2763	♠J	139
2764	♦K	149
2765	♦3	157
2766	♦2	145
2767	♦J	153
2768	♥T	141
2769	♠T	139
2770	♠4	149
2771	♦4	157
2772	♥5	145
2773	♥K	141
2774	♦K	153
2775	♠A	139
2776	♦T	149
2777	♦J	157
2778	♥9	145
2779	♠K	141
2780	♣J	153
2781	♠8	139
2782	♦2	149
2783	♦A	157
2784	♦T	145
2785	♥5	153
2786	♦A	141
2787	♦J	139
2788	♥9	149
2789	♥2	145
2790	♦6	157
2791	♣3	161
2792	♥J	141
2793	♣9	153
2794	♠Q	139
2795	♥2	149
2796	♦8	157
2797	♥3	145
2798	♥A	141
2799	♣A	153
2800	♥3	149
2801	♦2	157
2802	♥8	145
2803	♣6	161
2804	♣5	153
2805	♥T	149
2806	♦K	157
2807	♥Q	145
2808	♦3	161
2809	♦4	153
2810	♥4	149
2811	♥K	145
2812	♣3	157
2813	♣2	161
2814	♥7	153
2815	♣8	158
2816	♥Q	149
2817	♠2	145
2818	♦7	157
2819	♣Q	153
2820	♦7	161
2821	♠2	149
2822	♥6	145
2823	♦5	157
2824	♣T	158
2825	♦6	153
2826	♣2	158
2827	♥6	149
2828	♥T	145
2829	♣5	157
2830	♥8	153
2831	♣6	158
2832	♦2	161
2833	♠6	149
2834	♥A	145
2835	♣7	157
2836	♣4	158
2837	♣K	153
2838	♣9	158
2839	♠A	149
2840	♣J	157
2841	♠6	145
2842	♦A	153
2843	♦8	161
2844	♦T	157
2845	♦9	145
2846	♠Q	149
2847	♦9	161
2848	♣T	153
2849	♣Q	158
2850	♠7	149
2851	♦9	157
2852	♥J	145
2853	♥3	153
2854	♣A	158
2855	♣7	161
2856	♣K	157
2857	♦9	149
2858	♦Q	145
2859	♠2	153
2860	♦3	158
2861	♥2	157
2862	♠5	145
2863	♥5	149
2864	♦T	161
2865	♦4	158
2866	♥2	153
2867	♦J	158
2868	♥3	157
2869	♥K	149
2870	♠4	145
2871	♥T	153
2872	♦A	158
2873	♣8	161
2874	♣6	165
2875	♦Q	157
2876	♠9	145
2877	♠9	149
2878	♣4	161
2879	♥Q	153
2880	♣7	165
2881	♦Q	161
2882	♦6	158
2883	♥9	157
2884	♠3	145
2885	♠T	149
2886	♠3	153
2887	♣5	165
2888	♥J	157
2889	♠3	149
2890	♠8	145
2891	♦8	158
2892	♦5	161
2893	♥6	153
2894	♣2	165
2895	♦J	161
2896	♥4	157
2897	♠7	145
2898	♥8	149
2899	♦K	161
2900	♥4	153
2901	♣4	165
2902	♦2	158
2903	♥5	157
2904	♠J	149
2905	♠T	145
2906	♣8	165
2907	♠4	153
2908	♦K	158
2909	♥6	157
2910	♥A	149
2911	♠K	145
2912	♣J	161
2913	♣3	165
2914	♥9	153
2915	♥7	157
2916	♠K	149
2917	♠A	145
2918	♥5	161
2919	♥J	153
2920	♣K	165
2921	♠3	157
2922	♣3	158
2923	♦A	149
2924	♠Q	145
2925	♣5	177
2926	♥K	153
2927	♦2	165
2928	♥T	157
2929	♠8	158
2930	♥J	149
2931	♠J	145
2932	♣9	161
2933	♣T	177
2934	♥A	153
2935	♥3	165
2936	♦5	158
2937	♠4	157
2938	♣A	161
2939	♣4	177
2940	♦5	165
2941	♠7	153
2942	♠8	157
2943	♣5	158
2944	♣2	177
2945	♠T	153
2946	♦3	165
2947	♠2	157
2948	♣5	161
2949	♣3	177
2950	♠5	153
2951	♣Q	165
2952	♠5	157
2953	♦7	158
2954	♦4	161
2955	♣9	177
2956	♣6	173
2957	♠9	153
2958	♣T	165
2959	♥Q	157
2960	♦9	158
2961	♥7	161
2962	♣6	177
2963	♠K	153
2964	♦3	173
2965	♣9	165
2966	♥A	157
2967	♦Q	158
2968	♣Q	161
2969	♣8	177
2970	♠6	153
2971	♣2	173
2972	♥4	165
2973	♠7	157
2974	♠4	158
2975	♣J	177
2976	♦8	165
2977	♣T	173
2978	♠A	153
2979	♠6	157
2980	♦6	161
2981	♣7	177
2982	♠8	153
2983	♣3	173
2984	♥5	165
2985	♥8	157
2986	♣J	158
2987	♥8	161
2988	♣A	177
2989	♣7	173
2990	♠J	153
2991	♦6	165
2992	♠J	157
2993	♣K	161
2994	♠9	158
2995	♣3	183
2996	♣Q	177
2997	♠Q	153
2998	♦7	173
2999	♦4	165
3000	♠K	157
3001	♦A	161
3002	♣6	183
3003	♥3	158
3004	♦9	177
3005	♣8	173
3006	♥K	157
3007	♣A	165
3008	♣T	161
3009	♦3	183
3010	♦A	177
3011	♣9	173
3012	♠9	157
3013	♣J	165
3014	♥3	161
3015	♣7	158
3016	♣2	183
3017	♦8	177
3018	♠T	157
3019	♣A	173
3020	♦Q	165
3021	♠2	161
3022	♣7	183
3023	♦T	158
3024	♦2	177
3025	♠Q	157
3026	♥2	161
3027	♣J	173
3028	♥T	165
3029	♦7	183
3030	♥T	161
3031	♠2	158
3032	♦5	177
3033	♠A	157
3034	♦T	173
3035	♥Q	161
3036	♦T	165
3037	♣3	186
3038	♣8	183
3039	♦Q	177
3040	♠3	161
3041	♥5	158
3042	♣4	173
3043	♥7	165
3044	♣4	186
3045	♣T	183
3046	♦3	177
3047	♥6	161
3048	♣2	186
3049	♦4	173
3050	♦7	165
3051	♣4	183
3052	♥4	161
3053	♦T	177
3054	♣5	186
3055	♦Q	173
3056	♦K	165
3057	♣K	158
3058	♠4	161
3059	♣J	183
3060	♣8	186
3061	♣K	177
3062	♣Q	173
3063	♥9	165
3064	♥9	161
3065	♥4	158
3066	♦T	183
3067	♣T	186
3068	♥3	177
3069	♥J	161
3070	♣K	173
3071	♥J	165
3072	♣9	183
3073	♣9	186
3074	♦K	177
3075	♥K	161
3076	♣5	173
3077	♥2	165
3078	♥A	161
3079	♦4	183
3080	♣6	186
3081	♦6	177
3082	♠3	158
3083	♠7	161
3084	♦6	173
3085	♦J	165
3086	♥9	158
3087	♦Q	183
3088	♣Q	186
3089	♦4	177
3090	♥5	173
3091	♠T	161
3092	♦9	165
3093	♥2	158
3094	♦2	183
3095	♣K	186
3096	♥4	177
3097	♦2	173
3098	♠5	161
3099	♦A	165
3100	♠9	161
3101	♦8	183
3102	♣7	186
3103	♦7	177
3104	♦8	173
3105	♠K	161
3106	♠2	165
3107	♥5	183
3108	♣A	186
3109	♠5	158
3110	♥2	177
3111	♦9	173
3112	♥K	165
3113	♠6	161
3114	♥6	183
3115	♦9	186
3116	♥7	177
3117	♥7	173
3118	♠6	158
3119	♥A	165
3120	♥6	158
3121	♥T	183
3122	♦A	186
3123	♥9	177
3124	♠A	161
3125	♦K	173
3126	♠T	158
3127	♠3	165
3128	♠8	161
3129	♦8	186
3130	♥Q	183
3131	♥8	177
3132	♥7	158
3133	♥8	173
3134	♣5	185
3135	♠J	161
3136	♥6	165
3137	♦6	183
3138	♦2	186
3139	♥5	177
3140	♠Q	161
3141	♦5	173
3142	♣T	185
3143	♠6	165
3144	♦5	186
3145	♥7	183
3146	♥A	177
3147	♦A	173
3148	♣4	185
3149	♠7	165
3150	♠7	158
3151	♦Q	186
3152	♦5	183
3153	♥J	177
3154	♦J	173
3155	♣2	185
3156	♠9	165
3157	♦3	186
3158	♦J	183
3159	♥6	177
3160	♣6	187
3161	♥3	173
3162	♣3	185
3163	♠4	165
3164	♥5	187
3165	♦T	186
3166	♣5	183
3167	♥T	177
3168	♣2	187
3169	♠2	173
3170	♣9	185
3171	♠T	165
3172	♣J	186
3173	♥T	158
3174	♦9	183
3175	♣3	187
3176	♠2	177
3177	♥2	173
3178	♣6	185
3179	♠J	165
3180	♦4	186
3181	♥8	183
3182	♦3	187
3183	♥J	158
3184	♠3	177
3185	♥T	173
3186	♣8	185
3187	♠K	165
3188	♦K	186
3189	♣Q	183
3190	♦5	187
3191	♠5	177
3192	♥Q	173
3193	♣J	185
3194	♠5	165
3195	♦6	186
3196	♣K	183
3197	♦8	187
3198	♠8	177
3199	♠J	158
3200	♠3	173
3201	♣7	185
3202	♥8	165
3203	♥2	186
3204	♣A	183
3205	♦9	187
3206	♥K	177
3207	♠K	158
3208	♣A	185
3209	♥6	173
3210	♥Q	165
3211	♥3	186
3212	♦K	183
3213	♣7	187
3214	♠6	177
3215	♥4	173
3216	♣Q	185
3217	♠A	165
3218	♠2	183
3219	♥7	187
3220	♥4	186
3221	♠4	173
3222	♠4	177
3223	♦9	185
3224	♠8	165
3225	♦A	183
3226	♥9	186
3227	♣8	187
3228	♥9	173
3229	♥Q	177
3230	♦A	185
3231	♠Q	165
3232	♥Q	158
3233	♦7	186
3234	♥3	183
3235	♣4	187
3236	♦8	185
3237	♠Q	177
3238	♥J	173
3239	♥8	186
3240	♠3	183
3241	♦7	187
3242	♥8	158
3243	♠K	177
3244	♦2	185
3245	♥K	173
3246	♦J	186
3247	♥2	183
3248	♦2	187
3249	♠A	158
3250	♦5	185
3251	♠7	177
3252	♥A	173
3253	♥K	158
3254	♥J	183
3255	♥7	186
3256	♦J	187
3257	♥A	158
3258	♦Q	185
3259	♠7	173
3260	♠T	177
3261	♥5	186
3262	♥A	183
3263	♦K	187
3264	♠Q	158
3265	♠9	177
3266	♠T	173
3267	♦3	185
3268	♣J	187
3269	♠4	183
3270	♥T	186
3271	♠5	173
3272	♠J	177
3273	♦T	185
3274	♣2	193
3275	♥9	183
3276	♥A	186
3277	♥8	187
3278	♣K	185
3279	♠9	173
3280	♦J	177
3281	♣4	193
3282	♥4	183
3283	♥J	186
3284	♣9	187
3285	♦4	185
3286	♠K	173
3287	♠A	177
3288	♣9	193
3289	♠7	183
3290	♣5	187
3291	♠2	186
3292	♠6	173
3293	♦K	185
3294	♣K	193
3295	♠T	183
3296	♠3	186
3297	♦T	187
3298	♠A	173
3299	♦6	185
3300	♣6	193
3301	♥K	183
3302	♥2	187
3303	♠5	186
3304	♥2	185
3305	♠8	173
3306	♣8	193
3307	♠8	186
3308	♦A	187
3309	♠6	183
3310	♠J	173
3311	♥3	185
3312	♣5	193
3313	♦4	187
3314	♥K	186
3315	♠J	183
3316	♠Q	173
3317	♥4	185
3318	♣Q	193
3319	♣Q	187
3320	♠6	186
3321	♠9	183
3322	♥9	185
3323	♦6	193
3324	♣A	187
3325	♠4	186
3326	♠K	183
3327	♦7	185
3328	♦4	193
3329	♦6	187
3330	♥6	186
3331	♥8	185
3332	♠A	183
3333	♦3	193
3334	♦Q	187
3335	♠Q	186
3336	♣3	199
3337	♦J	185
3338	♠8	183
3339	♦7	193
3340	♣T	187
3341	♠K	186
3342	♥7	185
3343	♠5	183
3344	♣T	193
3345	♣3	191
3346	♥3	187
3347	♠7	186
3348	♥5	185
3349	♣7	199
3350	♠Q	183
3351	♥4	193
3352	♣4	191
3353	♣5	199
3354	♠T	186
3355	♠2	187
3356	♥T	185
3357	♣2	191
3358	♣7	193
3359	♣K	187
3360	♠9	186
3361	♥A	185
3362	♣5	191
3363	♣3	193
3364	♣2	199
3365	♠J	186
3366	♥4	187
3367	♥J	185
3368	♦J	193
3369	♣8	191
3370	♣K	199
3371	♥Q	186
3372	♠2	185
3373	♠3	187
3374	♦5	193
3375	♣T	191
3376	♣3	197
3377	♠3	185
3378	♣J	199
3379	♠A	186
3380	♥6	187
3381	♦8	193
3382	♣9	191
3383	♣4	199
3384	♠5	185
3385	♥T	187
3386	♦Q	193
3387	♣4	197
3388	♣6	191
3389	♠8	185
3390	♣A	199
3391	♥J	187
3392	♣A	193
3393	♣Q	191
3394	♥Q	187
3395	♥K	185
3396	♥5	193
3397	♣K	191
3398	♣6	199
3399	♣5	197
3400	♠4	187
3401	♠6	185
3402	♥7	193
3403	♣7	191
3404	♣7	197
3405	♦2	199
3406	♥9	187
3407	♣J	193
3408	♠4	185
3409	♣A	191
3410	♣2	203
3411	♦7	199
3412	♥A	187
3413	♥9	193
3414	♥6	185
3415	♦9	191
3416	♣5	203
3417	♣8	199
3418	♥2	193
3419	♠7	187
3420	♣4	202
3421	♠Q	185
3422	♦2	197
3423	♦A	191
3424	♣7	203
3425	♦3	199
3426	♥3	193
3427	♠T	187
3428	♠K	185
3429	♣6	202
3430	♦8	191
3431	♣3	203
3432	♦4	197
3433	♥T	193
3434	♥K	187
3435	♣2	204
3436	♠7	185
3437	♣5	202
3438	♦5	199
3439	♦2	191
3440	♦2	203
3441	♠5	187
3442	♦K	193
3443	♠T	185
3444	♣3	202
3445	♣5	204
3446	♦5	191
3447	♦4	203
3448	♦3	197
3449	♦4	199
3450	♠9	187
3451	♥Q	193
3452	♣7	204
3453	♠9	185
3454	♣2	202
3455	♦Q	191
3456	♦3	203
3457	♦5	197
3458	♦8	199
3459	♠K	187
3460	♦T	193
3461	♠J	185
3462	♣3	204
3463	♣8	202
3464	♦3	191
3465	♦5	203
3466	♦2	193
3467	♣6	197
3468	♠6	187
3469	♥Q	185
3470	♦2	204
3471	♣T	202
3472	♦9	199
3473	♦T	191
3474	♣6	203
3475	♠A	187
3476	♣J	202
3477	♦4	204
3478	♠A	185
3479	♥K	193
3480	♦9	197
3481	♦9	203
3482	♦T	199
3483	♣J	191
3484	♠8	187
3485	♦3	204
3486	♠2	193
3487	♣9	202
3488	♦6	203
3489	♦4	191
3490	♦6	197
3491	♣9	199
3492	♠J	187
3493	♥6	193
3494	♦5	204
3495	♣7	202
3496	♣8	203
3497	♦K	191
3498	♦6	199
3499	♠Q	187
3500	♣8	197
3501	♥8	193
3502	♣A	202
3503	♣6	204
3504	♣4	203
3505	♦6	191
3506	♣T	199
3507	♥A	193
3508	♣Q	202
3509	♥2	204
3510	♦Q	199
3511	♣T	203
3512	♥4	191
3513	♣2	197
3514	♠6	193
3515	♦9	202
3516	♦6	204
3517	♦T	203
3518	♥9	191
3519	♦K	199
3520	♦9	193
3521	♣T	197
3522	♣4	204
3523	♦A	202
3524	♦Q	203
3525	♥2	191
3526	♦J	199
3527	♦T	197
3528	♥J	193
3529	♦9	204
3530	♦8	202
3531	♥3	191
3532	♣K	203
3533	♦Q	197
3534	♠4	193
3535	♦2	202
3536	♦Q	204
3537	♦7	191
3538	♣Q	199
3539	♥2	203
3540	♣K	197
3541	♠9	193
3542	♦A	199
3543	♦J	204
3544	♥8	191
3545	♦5	202
3546	♦A	203
3547	♠3	193
3548	♦7	204
3549	♥3	199
3550	♦J	191
3551	♦Q	202
3552	♣A	203
3553	♠5	193
3554	♥7	191
3555	♥2	197
3556	♦3	202
3557	♦A	204
3558	♥5	199
3559	♣9	203
3560	♥4	199
3561	♠T	193
3562	♥5	191
3563	♥9	204
3564	♦T	202
3565	♦7	203
3566	♦A	197
3567	♠A	193
3568	♥T	191
3569	♦8	204
3570	♣K	202
3571	♥6	203
3572	♣A	197
3573	♥8	199
3574	♥A	191
3575	♠8	193
3576	♦4	202
3577	♦T	204
3578	♥3	203
3579	♣9	197
3580	♥J	191
3581	♠7	193
3582	♦K	202
3583	♣8	204
3584	♣J	203
3585	♦7	197
3586	♠2	191
3587	♥K	199
3588	♦A	193
3589	♣T	204
3590	♦6	202
3591	♦8	203
3592	♠3	191
3593	♥2	202
3594	♠Q	193
3595	♥6	204
3596	♥6	199
3597	♥6	197
3598	♣2	206
3599	♥8	203
3600	♣5	206
3601	♠5	191
3602	♥3	202
3603	♠J	193
3604	♥T	204
3605	♠4	199
3606	♥3	197
3607	♥4	203
3608	♣3	206
3609	♠8	191
3610	♠K	193
3611	♥4	202
3612	♥3	204
3613	♣Q	203
3614	♣4	206
3615	♠5	199
3616	♣J	197
3617	♥9	202
3618	♥K	191
3619	♥K	204
3620	♦K	203
3621	♠6	199
3622	♣8	206
3623	♦8	197
3624	♠6	191
3625	♦7	202
3626	♥7	204
3627	♥J	203
3628	♣T	206
3629	♣J	208
3630	♠8	199
3631	♠4	191
3632	♥8	197
3633	♥8	202
3634	♣9	206
3635	♥8	204
3636	♥5	203
3637	♣3	208
3638	♥2	199
3639	♥6	191
3640	♦J	202
3641	♣6	206
3642	♣9	204
3643	♦J	203
3644	♣2	208
3645	♠7	199
3646	♥4	197
3647	♠Q	191
3648	♥7	202
3649	♣Q	206
3650	♣K	204
3651	♥7	203
3652	♣Q	208
3653	♣Q	197
3654	♠K	191
3655	♣K	206
3656	♥5	202
3657	♥J	204
3658	♥Q	203
3659	♥7	199
3660	♣T	208
3661	♦K	197
3662	♠7	191
3663	♣7	206
3664	♥T	202
3665	♥4	204
3666	♥T	203
3667	♥9	199
3668	♣K	208
3669	♠T	191
3670	♣A	206
3671	♥A	202
3672	♥Q	204
3673	♥9	203
3674	♣5	208
3675	♥J	197
3676	♠9	191
3677	♥T	199
3678	♥5	204
3679	♥J	202
3680	♦9	206
3681	♠2	203
3682	♣4	208
3683	♠J	191
3684	♥5	197
3685	♣J	204
3686	♠2	202
3687	♦A	206
3688	♥A	203
3689	♦3	208
3690	♥Q	191
3691	♦K	204
3692	♠3	202
3693	♦8	206
3694	♦J	197
3695	♥A	199
3696	♠4	203
3697	♦5	208
3698	♠A	191
3699	♠5	202
3700	♥A	204
3701	♦2	206
3702	♥7	197
3703	♠3	203
3704	♠9	199
3705	♦7	208
3706	♠4	204
3707	♠8	202
3708	♦5	206
3709	♠5	203
3710	♦8	208
3711	♥Q	199
3712	♥Q	197
3713	♣Q	204
3714	♦Q	206
3715	♥K	202
3716	♠7	203
3717	♦4	208
3718	♥T	197
3719	♦3	206
3720	♠2	204
3721	♣4	209
3722	♠6	202
3723	♠8	203
3724	♦6	208
3725	♠2	199
3726	♦T	206
3727	♠3	204
3728	♠4	202
3729	♣9	209
3730	♦2	208
3731	♠T	203
3732	♥9	197
3733	♠5	204
3734	♣J	206
3735	♥6	202
3736	♣6	209
3737	♣6	208
3738	♠K	203
3739	♠2	197
3740	♠7	204
3741	♦4	206
3742	♠Q	202
3743	♣8	209
3744	♦J	208
3745	♠6	203
3746	♠J	199
3747	♠8	204
3748	♠K	202
3749	♦K	206
3750	♦T	208
3751	♣2	209
3752	♠A	203
3753	♠T	199
3754	♥A	197
3755	♠7	202
3756	♦6	206
3757	♣9	208
3758	♠T	204
3759	♣Q	209
3760	♠K	199
3761	♥K	203
3762	♠4	197
3763	♠T	202
3764	♥2	206
3765	♦Q	208
3766	♠K	204
3767	♣A	209
3768	♠J	203
3769	♥J	199
3770	♥3	206
3771	♠3	197
3772	♠6	204
3773	♠9	202
3774	♣5	209
3775	♦9	208
3776	♠9	203
3777	♠3	199
3778	♥4	206
3779	♠A	204
3780	♠J	202
3781	♦3	209
3782	♦K	208
3783	♠Q	203
3784	♠A	199
3785	♠5	197
3786	♥9	206
3787	♥Q	202
3788	♣3	210
3789	♦4	209
3790	♣7	208
3791	♣A	204
3792	♠7	197
3793	♠A	202
3794	♦J	209
3795	♦7	206
3796	♣A	208
3797	♠J	204
3798	♣4	210
3799	♠Q	199
3800	♠8	197
3801	♦A	209
3802	♥8	206
3803	♠9	204
3804	♥2	208
3805	♣5	210
3806	♦J	206
3807	♠Q	204
3808	♦6	209
3809	♥6	208
3810	♣7	210
3811	♥7	206
3812	♦8	209
3813	♥5	208
3814	♦2	210
3815	♥5	206
3816	♦2	209
3817	♥3	208
3818	♦4	210
3819	♥T	206
3820	♦K	209
3821	♠T	197
3822	♦3	210
3823	♣8	208
3824	♥A	206
3825	♣3	209
3826	♥9	208
3827	♦5	210
3828	♠K	197
3829	♥J	206
3830	♦7	209
3831	♦A	208
3832	♣6	210
3833	♠6	197
3834	♠2	206
3835	♦5	209
3836	♥4	208
3837	♦9	210
3838	♠3	206
3839	♣7	209
3840	♥A	208
3841	♦6	210
3842	♠5	206
3843	♦T	209
3844	♥7	208
3845	♣2	210
3846	♣3	216
3847	♠8	206
3848	♦9	209
3849	♥8	208
3850	♦T	210
3851	♣7	216
3852	♣T	217
3853	♠A	197
3854	♦Q	209
3855	♥K	206
3856	♥T	208
3857	♣5	216
3858	♦Q	210
3859	♣J	217
3860	♣J	209
3861	♠6	206
3862	♠2	208
3863	♦J	210
3864	♣2	216
3865	♣3	217
3866	♣T	209
3867	♠4	206
3868	♠5	208
3869	♦7	210
3870	♣K	216
3871	♣2	217
3872	♥K	197
3873	♣K	209
3874	♥6	206
3875	♠3	208
3876	♣3	218
3877	♦A	210
3878	♣J	216
3879	♣K	217
3880	♠J	197
3881	♥2	209
3882	♠Q	206
3883	♠4	208
3884	♣7	218
3885	♣8	210
3886	♣4	216
3887	♣5	217
3888	♥3	209
3889	♠K	206
3890	♥K	208
3891	♣5	218
3892	♦8	210
3893	♣A	216
3894	♠9	197
3895	♣4	217
3896	♠7	206
3897	♥9	209
3898	♥J	208
3899	♥2	210
3900	♣2	218
3901	♣6	216
3902	♣Q	217
3903	♠T	206
3904	♥J	209
3905	♥Q	208
3906	♥3	210
3907	♦2	216
3908	♣K	218
3909	♦3	217
3910	♠9	206
3911	♥4	209
3912	♥9	210
3913	♠6	208
3914	♣J	218
3915	♦7	216
3916	♦5	217
3917	♥5	209
3918	♠J	206
3919	♠Q	197
3920	♥7	210
3921	♠T	208
3922	♣4	218
3923	♣8	216
3924	♦7	217
3925	♥6	209
3926	♥Q	206
3927	♥6	210
3928	♠7	208
3929	♣A	218
3930	♦8	217
3931	♦3	216
3932	♥7	209
3933	♠A	206
3934	♠Q	208
3935	♣9	210
3936	♦5	216
3937	♣6	218
3938	♦4	217
3939	♠3	209
3940	♠K	208
3941	♣T	210
3942	♦4	216
3943	♦2	218
3944	♦6	217
3945	♥T	209
3946	♥8	210
3947	♦8	216
3948	♠8	208
3949	♦7	218
3950	♦2	217
3951	♠4	209
3952	♥4	210
3953	♠J	208
3954	♣8	218
3955	♦9	216
3956	♣6	217
3957	♣K	210
3958	♠8	209
3959	♠9	208
3960	♦8	218
3961	♦T	216
3962	♦J	217
3963	♥J	210
3964	♠2	209
3965	♠A	208
3966	♦T	218
3967	♣9	216
3968	♦T	217
3969	♠5	209
3970	♥5	210
3971	♦5	218
3972	♦6	216
3973	♣9	217
3974	♥Q	209
3975	♣J	210
3976	♦4	218
3977	♣T	216
3978	♦9	217
3979	♥A	209
3980	♦K	210
3981	♦Q	216
3982	♦3	218
3983	♦K	217
3984	♠7	209
3985	♥Q	210
3986	♦K	216
3987	♣9	218
3988	♥6	217
3989	♠6	209
3990	♥T	210
3991	♦J	216
3992	♣5	219
3993	♦6	218
3994	♣A	217
3995	♣7	219
3996	♣Q	210
3997	♥8	209
3998	♣Q	216
3999	♦9	218
4000	♦Q	217
4001	♣3	219
4002	♠2	210
4003	♦A	216
4004	♠J	209
4005	♦K	218
4006	♣7	217
4007	♣2	219
4008	♠3	210
4009	♠K	209
4010	♥3	216
4011	♦J	218
4012	♥5	217
4013	♦2	219
4014	♠4	210
4015	♣4	220
4016	♥5	216
4017	♥K	209
4018	♦A	217
4019	♣T	218
4020	♦4	219
4021	♠7	210
4022	♦3	219
4023	♥4	216
4024	♣6	220
4025	♠9	209
4026	♥2	217
4027	♦A	218
4028	♦5	219
4029	♥8	216
4030	♣9	220
4031	♠T	209
4032	♣A	210
4033	♥9	217
4034	♦Q	218
4035	♥K	216
4036	♠8	210
4037	♣2	220
4038	♠Q	209
4039	♣6	219
4040	♥A	217
4041	♥3	218
4042	♥6	216
4043	♠A	209
4044	♥A	210
4045	♣T	220
4046	♦9	219
4047	♥5	218
4048	♥4	217
4049	♦6	219
4050	♣3	220
4051	♠4	216
4052	♠5	210
4053	♥8	217
4054	♣Q	218
4055	♣5	220
4056	♠5	216
4057	♥K	210
4058	♣8	219
4059	♥2	218
4060	♥3	217
4061	♣Q	220
4062	♠T	210
4063	♠6	216
4064	♣4	219
4065	♥7	217
4066	♥K	218
4067	♠8	216
4068	♣T	219
4069	♠9	210
4070	♣7	220
4071	♥J	217
4072	♥6	218
4073	♠6	210
4074	♦T	219
4075	♣J	220
4076	♥2	216
4077	♥Q	217
4078	♥4	218
4079	♦5	220
4080	♦Q	219
4081	♠A	210
4082	♠7	216
4083	♠4	218
4084	♥T	217
4085	♠J	210
4086	♣K	219
4087	♣K	220
4088	♥7	216
4089	♠5	218
4090	♠2	217
4091	♣2	214
4092	♠K	210
4093	♥9	216
4094	♦T	220
4095	♥2	219
4096	♠6	218
4097	♥K	217
4098	♣T	214
4099	♠Q	210
4100	♦J	220
4101	♦A	219
4102	♥T	216
4103	♠8	218
4104	♣8	217
4105	♣J	214
4106	♦2	220
4107	♣A	219
4108	♠5	217
4109	♥A	216
4110	♥8	218
4111	♦7	220
4112	♣3	214
4113	♣9	219
4114	♠7	217
4115	♠9	216
4116	♠7	218
4117	♣K	214
4118	♦4	220
4119	♦7	219
4120	♥Q	216
4121	♠4	217
4122	♥7	218
4123	♥6	219
4124	♣5	214
4125	♦6	220
4126	♠6	217
4127	♥9	218
4128	♠2	216
4129	♦8	220
4130	♣4	214
4131	♥3	219
4132	♠3	217
4133	♠J	216
4134	♥T	218
4135	♦K	220
4136	♣Q	214
4137	♣J	219
4138	♠Q	217
4139	♠T	216
4140	♥A	218
4141	♣6	221
4142	♦3	214
4143	♦8	219
4144	♠8	217
4145	♦A	220
4146	♠K	216
4147	♠9	218
4148	♠2	221
4149	♥8	219
4150	♦5	214
4151	♠T	217
4152	♦9	220
4153	♥Q	218
4154	♥J	216
4155	♣2	221
4156	♥4	219
4157	♦7	214
4158	♦3	220
4159	♠A	217
4160	♠3	216
4161	♠2	218
4162	♣Q	219
4163	♦8	214
4164	♣3	221
4165	♦Q	220
4166	♠K	217
4167	♠A	216
4168	♠J	218
4169	♦K	219
4170	♥2	220
4171	♠J	217
4172	♦4	214
4173	♦3	221
4174	♠Q	216
4175	♠T	218
4176	♥J	219
4177	♠9	217
4178	♦6	214
4179	♦5	221
4180	♥6	220
4181	♠K	218
4182	♥5	219
4183	♦2	214
4184	♦8	221
4185	♥5	220
4186	♥J	218
4187	♦J	219
4188	♦9	221
4189	♣6	214
4190	♥3	220
4191	♠3	218
4192	♥7	219
4193	♦J	214
4194	♥8	220
4195	♣7	221
4196	♣3	223
4197	♠A	218
4198	♥Q	219
4199	♥K	220
4200	♦T	214
4201	♠3	221
4202	♣4	223
4203	♠Q	218
4204	♥T	219
4205	♥4	220
4206	♣9	214
4207	♣8	221
4208	♣T	223
4209	♥9	219
4210	♥7	220
4211	♦9	214
4212	♣4	221
4213	♣J	223
4214	♠2	219
4215	♦K	214
4216	♣9	225
4217	♣8	220
4218	♦7	221
4219	♣K	223
4220	♥A	219
4221	♣7	214
4222	♣A	220
4223	♣2	225
4224	♦2	221
4225	♣5	223
4226	♠4	219
4227	♣A	214
4228	♣4	225
4229	♥J	220
4230	♦J	221
4231	♣2	223
4232	♠3	219
4233	♦Q	214
4234	♣Q	225
4235	♥9	220
4236	♦K	221
4237	♣Q	223
4238	♥2	214
4239	♠5	219
4240	♥Q	220
4241	♣6	225
4242	♦3	223
4243	♣J	221
4244	♠7	219
4245	♥6	214
4246	♠2	220
4247	♣T	225
4248	♦5	223
4249	♠4	221
4250	♣T	226
4251	♥5	214
4252	♠8	219
4253	♥T	220
4254	♣3	225
4255	♦7	223
4256	♣9	221
4257	♣J	226
4258	♥3	214
4259	♠T	219
4260	♠3	220
4261	♣5	225
4262	♦8	223
4263	♣5	221
4264	♣3	226
4265	♣8	214
4266	♠5	220
4267	♠K	219
4268	♣J	225
4269	♦4	223
4270	♦T	221
4271	♣2	226
4272	♥9	214
4273	♠6	220
4274	♦5	225
4275	♠6	219
4276	♦6	223
4277	♠T	221
4278	♣K	226
4279	♦A	214
4280	♠4	220
4281	♦2	223
4282	♣K	225
4283	♠A	219
4284	♦A	221
4285	♣5	226
4286	♠7	220
4287	♥4	214
4288	♣6	223
4289	♣7	225
4290	♦4	221
4291	♥K	219
4292	♣4	226
4293	♥8	214
4294	♦4	225
4295	♠Q	220
4296	♦J	223
4297	♣Q	221
4298	♠J	219
4299	♥T	214
4300	♣Q	226
4301	♦6	225
4302	♠K	220
4303	♦T	223
4304	♣A	221
4305	♣2	227
4306	♠9	219
4307	♦3	226
4308	♥A	214
4309	♦7	225
4310	♦6	221
4311	♣9	223
4312	♠8	220
4313	♣4	227
4314	♠Q	219
4315	♥7	214
4316	♦T	225
4317	♦5	226
4318	♠9	220
4319	♠7	221
4320	♦Q	223
4321	♣6	227
4322	♠2	214
4323	♦7	226
4324	♦K	225
4325	♠J	220
4326	♣9	227
4327	♦9	223
4328	♦Q	221
4329	♠5	214
4330	♦8	226
4331	♠T	220
4332	♦9	225
4333	♦K	223
4334	♠K	221
4335	♣T	227
4336	♠3	214
4337	♥A	220
4338	♦2	225
4339	♦4	226
4340	♣7	223
4341	♣T	221
4342	♣3	227
4343	♠4	214
4344	♠A	220
4345	♦8	225
4346	♦6	226
4347	♣A	223
4348	♥3	221
4349	♣5	227
4350	♥K	214
4351	♦A	225
4352	♦2	226
4353	♥2	223
4354	♣Q	227
4355	♣K	221
4356	♥J	214
4357	♦J	225
4358	♣6	226
4359	♥6	223
4360	♠6	221
4361	♣7	227
4362	♥Q	214
4363	♥5	223
4364	♦3	225
4365	♦J	226
4366	♥4	221
4367	♣J	227
4368	♣3	228
4369	♠6	214
4370	♦Q	225
4371	♥3	223
4372	♦T	226
4373	♥5	221
4374	♦5	227
4375	♣7	228
4376	♠T	214
4377	♥2	225
4378	♣8	223
4379	♣9	226
4380	♣K	227
4381	♥T	221
4382	♣5	228
4383	♠7	214
4384	♥6	225
4385	♦9	226
4386	♥9	223
4387	♥Q	221
4388	♦4	227
4389	♣2	228
4390	♥5	225
4391	♠Q	214
4392	♦K	226
4393	♦A	223
4394	♥7	221
4395	♦6	227
4396	♣K	228
4397	♥3	225
4398	♠K	214
4399	♥6	226
4400	♥4	223
4401	♥2	221
4402	♦7	227
4403	♥8	225
4404	♣J	228
4405	♣A	226
4406	♠8	214
4407	♥A	221
4408	♥A	223
4409	♦T	227
4410	♥K	225
4411	♣4	228
4412	♦Q	226
4413	♠J	214
4414	♥8	221
4415	♥7	223
4416	♦K	227
4417	♥4	225
4418	♣7	226
4419	♣A	228
4420	♠9	214
4421	♥6	221
4422	♥8	223
4423	♦9	227
4424	♥5	226
4425	♥7	225
4426	♠A	214
4427	♣6	228
4428	♥J	221
4429	♥T	223
4430	♦2	227
4431	♦A	226
4432	♥2	228
4433	♣8	225
4434	♠5	221
4435	♠2	223
4436	♦8	227
4437	♥2	226
4438	♣A	225
4439	♦7	228
4440	♠9	221
4441	♠5	223
4442	♦A	227
4443	♥J	225
4444	♣8	228
4445	♠A	221
4446	♥9	226
4447	♠3	223
4448	♦J	227
4449	♥9	225
4450	♠8	221
4451	♥A	226
4452	♦2	228
4453	♠4	223
4454	♦3	227
4455	♥Q	225
4456	♥9	221
4457	♥4	226
4458	♦8	228
4459	♦Q	227
4460	♥K	223
4461	♥8	226
4462	♥K	221
4463	♦3	228
4464	♠2	225
4465	♥2	227
4466	♥J	223
4467	♠J	221
4468	♦5	228
4469	♥3	226
4470	♥T	225
4471	♥Q	223
4472	♥6	227
4473	♦9	228
4474	♠3	225
4475	♥7	226
4476	♠Q	221
4477	♠6	223
4478	♥5	227
4479	♠5	225
4480	♥J	226
4481	♦T	228
4482	♠T	223
4483	♥3	227
4484	♥Q	226
4485	♠6	225
4486	♣9	228
4487	♠7	223
4488	♥8	227
4489	♦4	228
4490	♠4	225
4491	♠Q	223
4492	♥T	226
4493	♥K	227
4494	♦J	228
4495	♠7	225
4496	♠K	223
4497	♠2	226
4498	♥4	227
4499	♥4	228
4500	♥7	227
4501	♥K	226
4502	♠8	223
4503	♠Q	225
4504	♦6	228
4505	♣8	227
4506	♣8	226
4507	♠J	223
4508	♠K	225
4509	♣A	227
4510	♠5	226
4511	♦K	228
4512	♠9	223
4513	♠8	225
4514	♠7	226
4515	♥J	227
4516	♣T	228
4517	♠A	223
4518	♠9	225
4519	♣4	232
4520	♠4	226
4521	♠4	227
4522	♥8	228
4523	♠J	225
4524	♣6	232
4525	♠6	226
4526	♥9	227
4527	♥3	228
4528	♠T	225
4529	♠3	226
4530	♣9	232
4531	♠3	227
4532	♥5	228
4533	♥A	225
4534	♥Q	227
4535	♠Q	226
4536	♣2	232
4537	♦Q	228
4538	♠A	225
4539	♥K	228
4540	♠2	227
4541	♣T	232
4542	♠8	226
4543	♥6	228
4544	♣3	232
4545	♠T	226
4546	♠7	227
4547	♠J	227
4548	♣Q	228
4549	♠A	226
4550	♣5	232
4551	♠4	228
4552	♠6	227
4553	♠K	226
4554	♣Q	232
4555	♠9	227
4556	♠5	228
4557	♠J	226
4558	♣4	235
4559	♣7	232
4560	♠6	228
4561	♠9	226
4562	♠5	227
4563	♣J	232
4564	♣6	235
4565	♠8	228
4566	♠8	227
4567	♦5	232
4568	♣9	235
4569	♣K	232
4570	♥T	227
4571	♦A	228
4572	♣2	235
4573	♦T	232
4574	♠7	228
4575	♠Q	227
4576	♣T	235
4577	♣5	234
4578	♦J	232
4579	♥7	228
4580	♣6	236
4581	♣3	235
4582	♠A	227
4583	♣A	236
4584	♣7	234
4585	♦2	232
4586	♥9	228
4587	♣5	235
4588	♠K	227
4589	♣2	236
4590	♦7	232
4591	♣3	234
4592	♠T	227
4593	♣Q	235
4594	♣3	236
4595	♥T	228
4596	♦4	232
4597	♣2	234
4598	♥A	227
4599	♥A	228
4600	♣5	236
4601	♣7	235
4602	♦6	232
4603	♦2	234
4604	♣J	235
4605	♠9	228
4606	♣4	236
4607	♦8	232
4608	♦4	234
4609	♦5	235
4610	♥Q	228
4611	♣T	236
4612	♦K	232
4613	♦3	234
4614	♣K	235
4615	♠2	228
4616	♣Q	236
4617	♦5	234
4618	♦A	232
4619	♦T	235
4620	♠J	228
4621	♣7	236
4622	♦9	232
4623	♦J	235
4624	♣6	234
4625	♠T	228
4626	♦4	236
4627	♦2	235
4628	♦3	232
4629	♠3	234
4630	♦2	236
4631	♠K	228
4632	♣6	237
4633	♦7	235
4634	♦Q	232
4635	♦6	234
4636	♣J	236
4637	♥J	228
4638	♦4	235
4639	♥2	232
4640	♣9	237
4641	♣4	234
4642	♠3	228
4643	♣K	236
4644	♦9	234
4645	♦6	235
4646	♥6	232
4647	♣2	237
4648	♣2	238
4649	♠A	228
4650	♣8	236
4651	♥5	232
4652	♦8	235
4653	♦Q	234
4654	♣4	237
4655	♠Q	228
4656	♣3	238
4657	♦5	236
4658	♦K	235
4659	♦J	234
4660	♥3	232
4661	♣T	237
4662	♣6	238
4663	♦6	236
4664	♦7	234
4665	♣3	237
4666	♥8	232
4667	♦A	235
4668	♣A	238
4669	♦8	236
4670	♥K	232
4671	♦A	234
4672	♦9	235
4673	♣5	237
4674	♦3	236
4675	♣5	238
4676	♠7	234
4677	♦3	235
4678	♥4	232
4679	♣Q	237
4680	♣4	238
4681	♦7	236
4682	♦8	234
4683	♥7	232
4684	♦Q	235
4685	♣7	237
4686	♣T	238
4687	♦9	236
4688	♣8	232
4689	♥2	235
4690	♦T	234
4691	♣J	237
4692	♣Q	238
4693	♦J	236
4694	♥6	235
4695	♦5	237
4696	♣A	232
4697	♣8	234
4698	♥2	236
4699	♣7	238
4700	♥5	235
4701	♣T	234
4702	♥J	232
4703	♣K	237
4704	♣9	236
4705	♥6	238
4706	♥3	235
4707	♥9	232
4708	♥2	234
4709	♦4	237
4710	♦2	238
4711	♦T	236
4712	♠4	234
4713	♥8	235
4714	♥Q	232
4715	♦6	237
4716	♣J	238
4717	♦A	236
4718	♥K	235
4719	♦7	237
4720	♠2	232
4721	♥3	234
4722	♦4	238
4723	♥7	236
4724	♥4	235
4725	♦T	237
4726	♥9	234
4727	♥T	232
4728	♥3	236
4729	♦6	238
4730	♣6	241
4731	♥7	235
4732	♠3	232
4733	♥7	234
4734	♦K	237
4735	♦8	238
4736	♦Q	236
4737	♣9	241
4738	♦9	237
4739	♥6	234
4740	♠5	232
4741	♣8	235
4742	♦3	238
4743	♥5	236
4744	♣2	241
4745	♣A	235
4746	♦2	237
4747	♠6	232
4748	♣9	234
4749	♣K	238
4750	♥Q	236
4751	♥J	235
4752	♠4	232
4753	♦8	237
4754	♣K	234
4755	♥4	236
4756	♣8	238
4757	♣4	241
4758	♦A	237
4759	♠7	232
4760	♥8	234
4761	♥9	235
4762	♦5	238
4763	♥6	236
4764	♣T	241
4765	♥Q	235
4766	♠5	234
4767	♦J	237
4768	♥5	238
4769	♠Q	232
4770	♥A	236
4771	♠2	235
4772	♦3	237
4773	♥4	234
4774	♠K	232
4775	♥9	236
4776	♦9	238
4777	♥T	235
4778	♦Q	237
4779	♥K	234
4780	♠8	232
4781	♥8	236
4782	♥2	238
4783	♣3	241
4784	♥2	237
4785	♠3	235
4786	♠9	232
4787	♦K	234
4788	♥J	236
4789	♣9	238
4790	♣5	241
4791	♠5	235
4792	♥6	237
4793	♥J	234
4794	♠J	232
4795	♠3	236
4796	♦7	238
4797	♠6	235
4798	♥5	237
4799	♠T	232
4800	♣J	234
4801	♠7	236
4802	♥7	238
4803	♣Q	241
4804	♣J	239
4805	♠4	235
4806	♥3	237
4807	♥A	232
4808	♠2	234
4809	♠4	236
4810	♥9	238
4811	♣3	239
4812	♠7	235
4813	♥8	237
4814	♠A	232
4815	♥Q	234
4816	♠5	236
4817	♥8	238
4818	♣7	241
4819	♣2	239
4820	♥K	237
4821	♠Q	235
4822	♥5	234
4823	♠2	236
4824	♥J	238
4825	♣Q	239
4826	♥4	237
4827	♠K	235
4828	♠8	234
4829	♦K	236
4830	♣J	241
4831	♦J	238
4832	♣T	239
4833	♠8	235
4834	♥7	237
4835	♠6	236
4836	♠9	234
4837	♥Q	238
4838	♣K	239
4839	♠9	235
4840	♣8	237
4841	♠8	236
4842	♠6	234
4843	♥3	238
4844	♦5	241
4845	♣5	239
4846	♣4	239
4847	♠J	235
4848	♣A	237
4849	♠A	234
4850	♠T	236
4851	♦T	238
4852	♦3	239
4853	♠T	235
4854	♥J	237
4855	♠J	236
4856	♣Q	234
4857	♥A	238
4858	♦5	239
4859	♣K	241
4860	♥A	235
4861	♥9	237
4862	♠T	234
4863	♥T	236
4864	♥4	238
4865	♦7	239
4866	♠A	235
4867	♠9	236
4868	♥A	234
4869	♥Q	237
4870	♥T	238
4871	♦8	239
4872	♠A	236
4873	♥T	234
4874	♠2	237
4875	♦A	238
4876	♦4	241
4877	♦4	239
4878	♥K	236
4879	♠J	234
4880	♥T	237
4881	♠3	238
4882	♦6	239
4883	♦6	241
4884	♠K	236
4885	♠K	234
4886	♠3	237
4887	♠7	238
4888	♦2	239
4889	♠Q	236
4890	♠5	237
4891	♠Q	234
4892	♠4	238
4893	♦7	241
4894	♠6	237
4895	♣A	234
4896	♠5	238
4897	♦T	241
4898	♣6	239
4899	♠4	237
4900	♠2	238
4901	♦K	241
4902	♣9	239
4903	♠7	237
4904	♦Q	238
4905	♣5	245
4906	♦9	239
4907	♦9	241
4908	♠6	238
4909	♠Q	237
4910	♣2	245
4911	♦J	239
4912	♦2	241
4913	♠8	238
4914	♠K	237
4915	♣3	245
4916	♣7	239
4917	♦8	241
4918	♣2	244
4919	♠8	237
4920	♠T	238
4921	♣6	245
4922	♦A	241
4923	♣A	239
4924	♠9	237
4925	♣6	244
4926	♠J	238
4927	♣7	245
4928	♦Q	239
4929	♦J	241
4930	♣J	244
4931	♦K	238
4932	♠J	237
4933	♣A	245
4934	♦3	241
4935	♣A	244
4936	♠9	238
4937	♠T	237
4938	♣4	245
4939	♦K	239
4940	♦Q	241
4941	♣4	244
4942	♠A	238
4943	♥A	237
4944	♣T	245
4945	♣8	239
4946	♥2	241
4947	♥K	238
4948	♠A	237
4949	♣5	244
4950	♦4	245
4951	♥5	239
4952	♣9	244
4953	♠K	238
4954	♦6	245
4955	♥A	239
4956	♥6	241
4957	♣K	244
4958	♠Q	238
4959	♦8	245
4960	♥5	241
4961	♥2	239
4962	♦6	244
4963	♦3	245
4964	♥6	239
4965	♦9	244
4966	♣J	245
4967	♥3	241
4968	♦2	244
4969	♣Q	245
4970	♥8	241
4971	♦A	239
4972	♦5	245
4973	♦7	244
4974	♥4	239
4975	♥K	241
4976	♦9	245
4977	♣8	244
4978	♥4	241
4979	♦T	239
4980	♦2	245
4981	♣3	244
4982	♥7	241
4983	♣K	245
4984	♥9	239
4985	♣T	244
4986	♣8	241
4987	♣8	245
4988	♦A	244
4989	♦7	245
4990	♣Q	244
4991	♣A	241
4992	♥3	239
4993	♥2	244
4994	♦T	245
4995	♣4	252
4996	♥J	241
4997	♣2	247
4998	♦3	244
4999	♦J	245
5000	♥7	239
5001	♣6	252
5002	♥9	241
5003	♣6	247
5004	♥8	239
5005	♥2	245
5006	♣7	244
5007	♣9	252
5008	♥Q	241
5009	♣J	247
5010	♦T	244
5011	♣9	245
5012	♣2	252
5013	♥T	239
5014	♣A	247
5015	♠2	241
5016	♥4	244
5017	♦A	245
5018	♣T	252
5019	♥Q	239
5020	♣4	247
5021	♣J	251
5022	♦4	244
5023	♥7	245
5024	♣3	252
5025	♥T	241
5026	♣5	247
5027	♣A	251
5028	♦Q	244
5029	♥3	245
5030	♠2	239
5031	♣5	252
5032	♣9	247
5033	♣2	251
5034	♣Q	252
5035	♦Q	245
5036	♦8	244
5037	♠3	241
5038	♥K	239
5039	♣6	251
5040	♣K	247
5041	♥5	245
5042	♦J	244
5043	♣7	252
5044	♥J	239
5045	♠5	241
5046	♣4	251
5047	♦6	247
5048	♥Q	245
5049	♣J	252
5050	♥8	244
5051	♠5	239
5052	♠6	241
5053	♣5	251
5054	♦9	247
5055	♥4	245
5056	♦5	252
5057	♦5	244
5058	♠7	239
5059	♠4	241
5060	♣9	251
5061	♦2	247
5062	♥6	245
5063	♣K	252
5064	♥5	244
5065	♠7	241
5066	♠4	239
5067	♦7	247
5068	♣K	251
5069	♥9	244
5070	♥A	245
5071	♦4	252
5072	♠6	239
5073	♣8	247
5074	♦6	251
5075	♥T	244
5076	♥9	245
5077	♦6	252
5078	♠Q	241
5079	♦9	251
5080	♣3	247
5081	♥8	245
5082	♥3	244
5083	♦7	252
5084	♦2	251
5085	♠K	241
5086	♠3	239
5087	♣T	247
5088	♥J	245
5089	♦K	244
5090	♦T	252
5091	♦7	251
5092	♠8	241
5093	♠Q	239
5094	♦A	247
5095	♠3	245
5096	♥6	244
5097	♦K	252
5098	♠8	239
5099	♣8	251
5100	♣Q	247
5101	♠7	245
5102	♠9	241
5103	♠3	244
5104	♦9	252
5105	♠T	239
5106	♠4	245
5107	♣3	251
5108	♥2	247
5109	♥J	244
5110	♠A	239
5111	♦2	252
5112	♣T	251
5113	♦3	247
5114	♠5	245
5115	♥Q	244
5116	♦8	252
5117	♠K	239
5118	♠J	241
5119	♥2	251
5120	♣7	247
5121	♥7	244
5122	♠J	239
5123	♦A	252
5124	♠2	245
5125	♠9	239
5126	♠5	244
5127	♦T	247
5128	♦K	245
5129	♦J	252
5130	♠T	241
5131	♦A	251
5132	♥A	241
5133	♥4	247
5134	♥A	244
5135	♠6	245
5136	♦3	252
5137	♦3	251
5138	♦4	247
5139	♠7	244
5140	♠8	245
5141	♦Q	252
5142	♦8	251
5143	♣3	250
5144	♦Q	247
5145	♠8	244
5146	♠A	241
5147	♥T	245
5148	♥2	252
5149	♦T	251
5150	♣6	250
5151	♠2	244
5152	♦8	247
5153	♥6	252
5154	♥4	251
5155	♠9	245
5156	♣5	250
5157	♠9	244
5158	♥5	252
5159	♥T	251
5160	♦J	247
5161	♠T	245
5162	♣2	250
5163	♥3	252
5164	♥3	251
5165	♥8	247
5166	♠T	244
5167	♠J	245
5168	♥8	252
5169	♣7	250
5170	♥5	251
5171	♦5	247
5172	♥K	245
5173	♠Q	244
5174	♥K	252
5175	♣A	250
5176	♦4	251
5177	♠K	245
5178	♥5	247
5179	♠4	244
5180	♥4	252
5181	♣4	250
5182	♦Q	251
5183	♠Q	245
5184	♥9	247
5185	♠6	244
5186	♦J	251
5187	♥7	252
5188	♣T	250
5189	♠A	244
5190	♠A	245
5191	♥T	247
5192	♦4	250
5193	♥8	251
5194	♥K	244
5195	♥3	247
5196	♣8	252
5197	♦6	250
5198	♦K	247
5199	♠K	244
5200	♥9	251
5201	♣A	252
5202	♦8	250
5203	♠J	244
5204	♥6	247
5205	♥Q	251
5206	♥J	252
5207	♦3	250
5208	♠3	247
5209	♥6	251
5210	♥9	252
5211	♥J	247
5212	♣J	250
5213	♣Q	251
5214	♥Q	252
5215	♣Q	250
5216	♥Q	247
5217	♠2	252
5218	♦5	251
5219	♦5	250
5220	♥7	247
5221	♥T	252
5222	♥7	251
5223	♦2	250
5224	♠3	252
5225	♠5	247
5226	♠3	251
5227	♠5	252
5228	♣8	250
5229	♥J	251
5230	♥A	247
5231	♠6	252
5232	♥A	251
5233	♠7	247
5234	♦7	250
5235	♠4	252
5236	♥K	251
5237	♠8	247
5238	♦9	250
5239	♠7	252
5240	♣7	251
5241	♠2	247
5242	♣K	250
5243	♠Q	252
5244	♠9	247
5245	♥2	250
5246	♠5	251
5247	♠7	251
5248	♠T	247
5249	♠K	252
5250	♥3	250
5251	♥6	250
5252	♠8	251
5253	♠Q	247
5254	♠8	252
5255	♣2	254
5256	♠2	251
5257	♥J	250
5258	♠4	247
5259	♠9	252
5260	♣6	254
5261	♠J	252
5262	♦J	250
5263	♠6	247
5264	♠9	251
5265	♣J	254
5266	♠T	252
5267	♥7	250
5268	♠A	247
5269	♠T	251
5270	♣A	254
5271	♣9	250
5272	♠Q	251
5273	♥A	252
5274	♥K	247
5275	♣4	254
5276	♠4	251
5277	♦T	250
5278	♠A	252
5279	♠K	247
5280	♣5	254
5281	♠6	251
5282	♠J	247
5283	♦A	250
5284	♣9	254
5285	♠A	251
5286	♥Q	250
5287	♣K	254
5288	♦K	251
5289	♥4	250
5290	♦6	254
5291	♦Q	250
5292	♠K	251
5293	♦9	254
5294	♠J	251
5295	♥5	250
5296	♦2	254
5297	♥A	250
5298	♦7	254
5299	♥9	250
5300	♣8	254
5301	♥8	250
5302	♣3	254
5303	♠3	250
5304	♣T	254
5305	♠7	250
5306	♦A	254
5307	♠4	250
5308	♥2	254
5309	♠5	250
5310	♥T	254
5311	♠2	250
5312	♥3	254
5313	♦K	250
5314	♥5	254
5315	♣6	256
5316	♠6	250
5317	♦3	254
5318	♣J	256
5319	♠8	250
5320	♦8	254
5321	♣4	256
5322	♠T	250
5323	♦T	254
5324	♣2	256
5325	♠J	250
5326	♥4	254
5327	♣K	256
5328	♥T	250
5329	♣Q	254
5330	♣A	256
5331	♠9	250
5332	♥8	254
5333	♣3	256
5334	♠A	250
5335	♦4	254
5336	♣9	256
5337	♥K	250
5338	♣7	254
5339	♣8	256
5340	♠K	250
5341	♦5	254
5342	♣5	256
5343	♠Q	250
5344	♣T	256
5345	♦Q	254
5346	♦J	254
5347	♦6	256
5348	♣6	253
5349	♥9	254
5350	♣Q	256
5351	♣A	253
5352	♥6	254
5353	♦A	256
5354	♣2	253
5355	♠3	254
5356	♦3	256
5357	♣3	253
5358	♥J	254
5359	♣7	256
5360	♣5	253
5361	♥Q	254
5362	♦7	256
5363	♣4	253
5364	♥2	256
5365	♦K	254
5366	♣T	253
5367	♦4	256
5368	♣J	257
5369	♥7	254
5370	♣Q	253
5371	♣A	257
5372	♦8	256
5373	♠5	254
5374	♣7	253
5375	♥A	254
5376	♣2	257
5377	♦2	256
5378	♦4	253
5379	♣6	257
5380	♥K	254
5381	♦T	256
5382	♦2	253
5383	♥4	256
5384	♣4	257
5385	♠2	254
5386	♣J	253
5387	♣5	257
5388	♦5	256
5389	♠9	254
5390	♣K	253
5391	♦J	256
5392	♣9	257
5393	♠7	254
5394	♣8	253
5395	♣K	257
5396	♥8	256
5397	♠4	254
5398	♦5	253
5399	♦6	257
5400	♠6	254
5401	♦9	256
5402	♦6	253
5403	♦9	257
5404	♠T	254
5405	♦Q	256
5406	♦8	253
5407	♦2	257
5408	♠Q	254
5409	♥3	256
5410	♦3	253
5411	♦7	257
5412	♠A	254
5413	♥5	256
5414	♦7	253
5415	♣8	257
5416	♠8	254
5417	♥9	256
5418	♦9	253
5419	♣3	257
5420	♥T	256
5421	♠K	254
5422	♦J	253
5423	♦K	256
5424	♣T	257
5425	♠J	254
5426	♥2	253
5427	♥6	256
5428	♥2	257
5429	♣9	253
5430	♠3	256
5431	♦A	257
5432	♦T	253
5433	♥J	256
5434	♦3	257
5435	♦A	253
5436	♦8	257
5437	♥Q	256
5438	♥7	253
5439	♦T	257
5440	♥7	256
5441	♥3	253
5442	♠5	256
5443	♥4	257
5444	♦Q	253
5445	♥T	257
5446	♥A	256
5447	♥5	253
5448	♥3	257
5449	♠7	256
5450	♥Q	253
5451	♥5	257
5452	♠8	256
5453	♥4	253
5454	♦4	257
5455	♠2	256
5456	♥6	253
5457	♠9	256
5458	♦Q	257
5459	♥A	253
5460	♦J	257
5461	♠T	256
5462	♥9	253
5463	♠Q	256
5464	♥8	257
5465	♥8	253
5466	♠4	256
5467	♥9	257
5468	♥J	253
5469	♥Q	257
5470	♠6	256
5471	♠3	253
5472	♠A	256
5473	♥6	257
5474	♠7	253
5475	♣Q	257
5476	♥K	256
5477	♠4	253
5478	♦5	257
5479	♠K	256
5480	♠5	253
5481	♥7	257
5482	♠J	256
5483	♠2	253
5484	♠3	257
5485	♦K	253
5486	♥J	257
5487	♠6	253
5488	♥A	257
5489	♠8	253
5490	♥K	257
5491	♠T	253
5492	♣7	257
5493	♠J	253
5494	♠5	257
5495	♥T	253
5496	♠7	257
5497	♠9	253
5498	♠8	257
5499	♠A	253
5500	♠2	257
5501	♥K	253
5502	♠9	257
5503	♠K	253
5504	♠T	257
5505	♠Q	253
5506	♠Q	257
5507	♠4	257
5508	♠6	257
5509	♠A	257
5510	♦K	257
5511	♠K	257
5512	♠J	257
5513	♣6	260
5514	♣J	260
5515	♣4	260
5516	♣2	260
5517	♣K	260
5518	♣A	260
5519	♣3	260
5520	♣9	260
5521	♣8	260
5522	♣5	260
5523	♣T	260
5524	♠7	260
5525	♦6	260
5526	♦9	260
5527	♦2	260
5528	♦7	260
5529	♦3	260
5530	♦8	260
5531	♦T	260
5532	♦A	260
5533	♥2	260
5534	♥T	260
5535	♥3	260
5536	♥5	260
5537	♦4	260
5538	♦Q	260
5539	♦J	260
5540	♥4	260
5541	♣7	260
5542	♣Q	260
5543	♥8	260
5544	♠4	260
5545	♦5	260
5546	♠2	260
5547	♠3	260
5548	♠Q	260
5549	♥9	260
5550	♥Q	260
5551	♥6	260
5552	♠5	260
5553	♠9	260
5554	♠A	260
5555	♠8	260
5556	♠6	260
5557	♥J	260
5558	♥K	260
5559	♥7	260
5560	♠T	260
5561	♠J	260
5562	♥A	260
5563	♦K	260
5564	♠K	260
5565	♣2	261
5566	♣K	261
5567	♣8	261
5568	♣3	261
5569	♣A	261
5570	♣J	261
5571	♣6	261
5572	♣4	261
5573	♦4	261
5574	♦6	261
5575	♣7	261
5576	♦2	261
5577	♣9	261
5578	♣T	261
5579	♦5	261
5580	♦3	261
5581	♣5	261
5582	♦J	261
5583	♦7	261
5584	♣Q	261
5585	♥4	261
5586	♥J	261
5587	♥5	261
5588	♥3	261
5589	♦8	261
5590	♦K	261
5591	♦T	261
5592	♥T	261
5593	♥6	261
5594	♥7	261
5595	♥Q	261
5596	♥2	261
5597	♠4	261
5598	♠8	261
5599	♠3	261
5600	♦Q	261
5601	♦9	261
5602	♠5	261
5603	♥8	261
5604	♠7	261
5605	♦A	261
5606	♠6	261
5607	♥9	261
5608	♠9	261
5609	♠2	261
5610	♠T	261
5611	♥K	261
5612	♠J	261
5613	♠A	261
5614	♠Q	261
5615	♠K	261
5616	♥A	261
5617	♣5	269
5618	♣6	269
5619	♣2	269
5620	♣9	269
5621	♣Q	269
5622	♣K	269
5623	♣3	269
5624	♣4	269
5625	♣J	269
5626	♣T	269
5627	♣7	269
5628	♠3	269
5629	♦3	269
5630	♦9	269
5631	♦2	269
5632	♦7	269
5633	♣A	269
5634	♠2	269
5635	♣8	269
5636	♦4	269
5637	♦6	269
5638	♦8	269
5639	♦5	269
5640	♦J	269
5641	♥4	269
5642	♥5	269
5643	♥K	269
5644	♥A	269
5645	♦K	269
5646	♠8	269
5647	♦T	269
5648	♦Q	269
5649	♥6	269
5650	♥8	269
5651	♦A	269
5652	♥7	269
5653	♥2	269
5654	♠4	269
5655	♠6	269
5656	♥9	269
5657	♠7	269
5658	♠K	269
5659	♠5	269
5660	♠T	269
5661	♥T	269
5662	♥Q	269
5663	♠J	269
5664	♠A	269
5665	♠9	269
5666	♥J	269
5667	♥3	269
5668	♠Q	269
5669	♣6	277
5670	♣7	277
5671	♣5	277
5672	♣2	277
5673	♣4	277
5674	♣8	277
5675	♣3	277
5676	♣K	277
5677	♦2	277
5678	♣Q	277
5679	♦5	277
5680	♦3	277
5681	♣A	277
5682	♣T	277
5683	♣9	277
5684	♦8	277
5685	♥3	277
5686	♥J	277
5687	♥2	277
5688	♥4	277
5689	♣J	277
5690	♦4	277
5691	♦T	277
5692	♥5	277
5693	♦6	277
5694	♦Q	277
5695	♦J	277
5696	♥7	277
5697	♦K	277
5698	♥T	277
5699	♥9	277
5700	♦7	277
5701	♦A	277
5702	♠2	277
5703	♥K	277
5704	♦9	277
5705	♥6	277
5706	♠6	277
5707	♥A	277
5708	♠3	277
5709	♠7	277
5710	♠9	277
5711	♠4	277
5712	♠T	277
5713	♠J	277
5714	♠K	277
5715	♠5	277
5716	♥8	277
5717	♠8	277
5718	♠Q	277
5719	♥Q	277
5720	♠A	277
5721	♣2	280
5722	♣4	280
5723	♣9	280
5724	♣K	280
5725	♣6	280
5726	♣8	280
5727	♣5	280
5728	♣Q	280
5729	♦6	280
5730	♦4	280
5731	♦3	280
5732	♦7	280
5733	♣T	280
5734	♦J	280
5735	♣7	280
5736	♣3	280
5737	♦K	280
5738	♦5	280
5739	♦8	280
5740	♦A	280
5741	♣A	280
5742	♥4	280
5743	♥7	280
5744	♣J	280
5745	♦2	280
5746	♥5	280
5747	♥9	280
5748	♦T	280
5749	♥2	280
5750	♥3	280
5751	♥8	280
5752	♥Q	280
5753	♥K	280
5754	♠2	280
5755	♥6	280
5756	♥T	280
5757	♥A	280
5758	♠6	280
5759	♦9	280
5760	♥J	280
5761	♦Q	280
5762	♠5	280
5763	♠4	280
5764	♠9	280
5765	♠3	280
5766	♠8	280
5767	♠7	280
5768	♠T	280
5769	♠K	280
5770	♠A	280
5771	♠Q	280
5772	♠J	280
5773	♣6	284
5774	♣8	284
5775	♣4	284
5776	♣2	284
5777	♣A	284
5778	♣5	284
5779	♣3	284
5780	♣Q	284
5781	♦3	284
5782	♦4	284
5783	♦J	284
5784	♦A	284
5785	♦6	284
5786	♦8	284
5787	♦2	284
5788	♦K	284
5789	♣9	284
5790	♦7	284
5791	♦5	284
5792	♣7	284
5793	♦T	284
5794	♦9	284
5795	♦Q	284
5796	♣J	284
5797	♣T	284
5798	♣K	284
5799	♥2	284
5800	♥3	284
5801	♥9	284
5802	♥J	284
5803	♥4	284
5804	♥5	284
5805	♥6	284
5806	♥7	284
5807	♠3	284
5808	♥T	284
5809	♠4	284
5810	♠8	284
5811	♠2	284
5812	♠5	284
5813	♥Q	284
5814	♥A	284
5815	♠7	284
5816	♠6	284
5817	♥8	284
5818	♠J	284
5819	♠K	284
5820	♥K	284
5821	♠9	284
5822	♠T	284
5823	♠Q	284
5824	♠A	284
5825	♣2	287
5826	♣3	287
5827	♣6	287
5828	♠2	287
5829	♦3	287
5830	♦5	287
5831	♦8	287
5832	♦9	287
5833	♣7	287
5834	♠3	287
5835	♣8	287
5836	♣4	287
5837	♦7	287
5838	♦2	287
5839	♦J	287
5840	♦K	287
5841	♣J	287
5842	♠4	287
5843	♣9	287
5844	♣5	287
5845	♦T	287
5846	♠T	287
5847	♦A	287
5848	♦4	287
5849	♣Q	287
5850	♣A	287
5851	♦6	287
5852	♠7	287
5853	♦Q	287
5854	♠K	287
5855	♣T	287
5856	♥3	287
5857	♣K	287
5858	♠6	287
5859	♥4	287
5860	♥5	287
5861	♥T	287
5862	♥Q	287
5863	♥7	287
5864	♥2	287
5865	♥A	287
5866	♥8	287
5867	♥6	287
5868	♥J	287
5869	♠5	287
5870	♠9	287
5871	♠A	287
5872	♠8	287
5873	♥9	287
5874	♥K	287
5875	♠J	287
5876	♠Q	287
5877	♣2	291
5878	♣5	291
5879	♣3	291
5880	♣4	291
5881	♣8	291
5882	♣T	291
5883	♣9	291
5884	♣6	291
5885	♣Q	291
5886	♣K	291
5887	♣7	291
5888	♣A	291
5889	♦9	291
5890	♦A	291
5891	♦8	291
5892	♦2	291
5893	♦5	291
5894	♦Q	291
5895	♦3	291
5896	♦T	291
5897	♣J	291
5898	♦4	291
5899	♦K	291
5900	♦6	291
5901	♥4	291
5902	♥9	291
5903	♥2	291
5904	♥3	291
5905	♦7	291
5906	♥8	291
5907	♦J	291
5908	♥7	291
5909	♥5	291
5910	♥T	291
5911	♥A	291
5912	♥J	291
5913	♠2	291
5914	♠3	291
5915	♠5	291
5916	♠8	291
5917	♥K	291
5918	♠6	291
5919	♠4	291
5920	♥6	291
5921	♠Q	291
5922	♠K	291
5923	♠7	291
5924	♠T	291
5925	♠9	291
5926	♠J	291
5927	♥Q	291
5928	♠A	291
5929	♣7	294
5930	♣3	294
5931	♣2	294
5932	♣T	294
5933	♣5	294
5934	♦2	294
5935	♦4	294
5936	♣4	294
5937	♦6	294
5938	♦J	294
5939	♦5	294
5940	♦9	294
5941	♣8	294
5942	♣K	294
5943	♦T	294
5944	♦Q	294
5945	♦A	294
5946	♦3	294
5947	♦7	294
5948	♥2	294
5949	♥3	294
5950	♥9	294
5951	♥7	294
5952	♥6	294
5953	♣9	294
5954	♣6	294
5955	♥8	294
5956	♥4	294
5957	♣J	294
5958	♦8	294
5959	♥J	294
5960	♥5	294
5961	♦K	294
5962	♥Q	294
5963	♥T	294
5964	♣Q	294
5965	♠2	294
5966	♠3	294
5967	♠4	294
5968	♠7	294
5969	♣A	294
5970	♠8	294
5971	♥A	294
5972	♠5	294
5973	♥K	294
5974	♠T	294
5975	♠9	294
5976	♠6	294
5977	♠A	294
5978	♠J	294
5979	♠K	294
5980	♠Q	294
5981	♣5	298
5982	♣8	298
5983	♣3	298
5984	♣7	298
5985	♣2	298
5986	♣6	298
5987	♣K	298
5988	♣J	298
5989	♦2	298
5990	♦7	298
5991	♦3	298
5992	♦5	298
5993	♦8	298
5994	♦T	298
5995	♣9	298
5996	♦4	298
5997	♣T	298
5998	♦6	298
5999	♦9	298
6000	♣4	298
6001	♣Q	298
6002	♦Q	298
6003	♦K	298
6004	♦J	298
6005	♣A	298
6006	♦A	298
6007	♥3	298
6008	♥5	298
6009	♥4	298
6010	♥8	298
6011	♥K	298
6012	♥6	298
6013	♠4	298
6014	♠5	298
6015	♠6	298
6016	♠8	298
6017	♥2	298
6018	♠7	298
6019	♥7	298
6020	♥9	298
6021	♥T	298
6022	♥A	298
6023	♠9	298
6024	♥Q	298
6025	♠2	298
6026	♠J	298
6027	♠T	298
6028	♠K	298
6029	♥J	298
6030	♠3	298
6031	♠A	298
6032	♠Q	298
6033	♣2	304
6034	♣4	304
6035	♣6	304
6036	♣9	304
6037	♣T	304
6038	♣3	304
6039	♣5	304
6040	♣Q	304
6041	♣7	304
6042	♣J	304
6043	♦5	304
6044	♣K	304
6045	♦T	304
6046	♦J	304
6047	♦2	304
6048	♦7	304
6049	♦4	304
6050	♦6	304
6051	♦8	304
6052	♦K	304
6053	♦A	304
6054	♦9	304
6055	♦3	304
6056	♦Q	304
6057	♥2	304
6058	♥6	304
6059	♥5	304
6060	♥3	304
6061	♥8	304
6062	♥K	304
6063	♥4	304
6064	♥7	304
6065	♣8	304
6066	♣A	304
6067	♥J	304
6068	♥9	304
6069	♥Q	304
6070	♠2	304
6071	♥T	304
6072	♠3	304
6073	♠5	304
6074	♠6	304
6075	♠4	304
6076	♠7	304
6077	♠Q	304
6078	♠K	304
6079	♠8	304
6080	♠9	304
6081	♠J	304
6082	♠T	304
6083	♥A	304
6084	♠A	304
6085	♣5	305
6086	♣2	305
6087	♣3	305
6088	♣6	305
6089	♣7	305
6090	♣A	305
6091	♣4	305
6092	♣T	305
6093	♦4	305
6094	♦6	305
6095	♦8	305
6096	♦3	305
6097	♣J	305
6098	♣Q	305
6099	♦5	305
6100	♥5	305
6101	♦2	305
6102	♥2	305
6103	♣8	305
6104	♦7	305
6105	♣K	305
6106	♣9	305
6107	♦T	305
6108	♥J	305
6109	♦9	305
6110	♥7	305
6111	♥3	305
6112	♦Q	305
6113	♥Q	305
6114	♥4	305
6115	♥6	305
6116	♦J	305
6117	♥A	305
6118	♥9	305
6119	♥8	305
6120	♦A	305
6121	♠3	305
6122	♠7	305
6123	♠4	305
6124	♠5	305
6125	♠2	305
6126	♦K	305
6127	♠6	305
6128	♠8	305
6129	♠T	305
6130	♠J	305
6131	♥T	305
6132	♠9	305
6133	♥K	305
6134	♠K	305
6135	♠Q	305
6136	♠A	305
6137	♣5	315
6138	♣6	315
6139	♣3	315
6140	♣2	315
6141	♦5	315
6142	♦8	315
6143	♦2	315
6144	♦3	315
6145	♣4	315
6146	♣T	315
6147	♣J	315
6148	♥2	315
6149	♦6	315
6150	♦T	315
6151	♦9	315
6152	♦4	315
6153	♣7	315
6154	♣A	315
6155	♣8	315
6156	♦7	315
6157	♦K	315
6158	♦Q	315
6159	♦J	315
6160	♦A	315
6161	♥4	315
6162	♥6	315
6163	♥Q	315
6164	♥3	315
6165	♣K	315
6166	♥T	315
6167	♥5	315
6168	♥7	315
6169	♠3	315
6170	♠5	315
6171	♠2	315
6172	♠T	315
6173	♠J	315
6174	♠K	315
6175	♠6	315
6176	♠4	315
6177	♠7	315
6178	♥9	315
6179	♠8	315
6180	♠Q	315
6181	♥J	315
6182	♥K	315
6183	♣9	315
6184	♠9	315
6185	♥8	315
6186	♣Q	315
6187	♠A	315
6188	♥A	315
6189	♣4	316
6190	♣6	316
6191	♣3	316
6192	♣2	316
6193	♣J	316
6194	♥2	316
6195	♣5	316
6196	♣7	316
6197	♦5	316
6198	♦8	316
6199	♦2	316
6200	♦T	316
6201	♣K	316
6202	♥5	316
6203	♣T	316
6204	♣8	316
6205	♦6	316
6206	♦J	316
6207	♦3	316
6208	♦Q	316
6209	♣A	316
6210	♥8	316
6211	♣Q	316
6212	♣9	316
6213	♦7	316
6214	♦4	316
6215	♥3	316
6216	♦K	316
6217	♥4	316
6218	♥6	316
6219	♦9	316
6220	♥J	316
6221	♥Q	316
6222	♥K	316
6223	♥9	316
6224	♦A	316
6225	♥7	316
6226	♠4	316
6227	♠J	316
6228	♥A	316
6229	♠7	316
6230	♠2	316
6231	♠5	316
6232	♠Q	316
6233	♠K	316
6234	♠9	316
6235	♠3	316
6236	♠6	316
6237	♠A	316
6238	♠T	316
6239	♥T	316
6240	♠8	316
6241	♣6	318
\.


--
-- Data for Name: app_player; Type: TABLE DATA; Schema: public; Owner: postgres
--

COPY public.app_player (id, user_id, partner_id, currently_seated, synthetic, allow_bot_to_play_for_me) FROM stdin;
24	24	15	t	f	t
33	33	46	t	f	f
37	37	23	f	f	f
34	34	22	f	f	f
23	23	37	f	f	f
22	22	34	f	f	f
16	16	5	f	f	f
30	30	13	f	f	f
5	5	16	f	f	f
13	13	30	f	f	f
14	14	3	f	f	f
9	9	8	f	f	f
38	38	32	t	f	f
32	32	38	t	f	f
44	44	\N	f	f	f
1	1	43	t	f	f
11	11	26	t	f	f
26	26	11	t	f	f
43	43	1	t	f	f
3	3	14	f	f	f
46	47	33	t	f	f
8	8	9	f	f	f
21	21	31	f	f	f
19	19	36	f	f	f
31	31	21	f	f	f
36	36	19	f	f	f
2	2	29	f	f	f
40	40	20	f	f	f
29	29	2	f	f	f
20	20	40	f	f	f
35	35	12	f	f	f
17	17	7	f	f	f
12	12	35	f	f	f
7	7	17	f	f	f
4	4	27	f	f	f
25	25	28	f	f	f
27	27	4	f	f	f
28	28	25	f	f	f
10	10	18	f	f	f
39	39	6	f	f	f
18	18	10	f	f	f
6	6	39	f	f	f
15	15	24	t	f	t
\.


--
-- Data for Name: app_player_boards_played; Type: TABLE DATA; Schema: public; Owner: postgres
--

COPY public.app_player_boards_played (id, player_id, board_id) FROM stdin;
1	38	16
2	32	16
3	33	16
4	1	16
5	11	16
6	15	16
7	26	16
8	24	16
9	37	16
10	34	16
11	23	16
12	22	16
13	16	16
14	30	16
15	5	16
16	13	16
17	14	16
18	9	16
19	3	16
20	8	16
21	21	16
22	19	16
23	31	16
24	36	16
25	2	16
26	40	16
27	29	16
28	20	16
29	35	16
30	17	16
31	12	16
32	7	16
33	4	16
34	25	16
35	27	16
36	28	16
37	38	1
38	32	1
39	33	1
40	1	1
41	2	7
42	40	7
43	29	7
44	20	7
45	38	2
46	32	2
47	33	2
48	1	2
49	38	3
50	32	3
51	33	3
52	1	3
53	37	5
54	34	5
55	23	5
56	22	5
57	38	4
58	32	4
59	33	4
60	1	4
61	38	5
62	32	5
63	33	5
64	1	5
65	38	6
66	32	6
67	33	6
68	1	6
69	4	6
70	25	6
71	27	6
72	28	6
73	38	7
74	32	7
75	33	7
76	1	7
77	38	8
78	32	8
79	33	8
80	1	8
81	38	9
82	32	9
83	33	9
84	1	9
85	16	4
86	30	4
87	5	4
88	13	4
89	38	10
90	32	10
91	33	10
92	1	10
93	38	11
94	32	11
95	33	11
96	1	11
97	11	6
98	15	6
99	26	6
100	24	6
101	38	12
102	32	12
103	33	12
104	1	12
105	38	13
106	32	13
107	33	13
108	1	13
109	14	6
110	9	6
111	3	6
112	8	6
113	4	1
114	25	1
115	27	1
116	28	1
117	35	1
118	17	1
119	12	1
120	7	1
121	35	2
122	17	2
123	12	2
124	7	2
125	2	1
126	40	1
127	29	1
128	20	1
129	37	1
130	34	1
131	23	1
132	22	1
133	35	6
134	17	6
135	12	6
136	7	6
137	2	2
138	40	2
139	29	2
140	20	2
141	14	1
142	9	1
143	3	1
144	8	1
145	38	14
146	32	14
147	33	14
148	1	14
149	16	1
150	30	1
151	5	1
152	13	1
153	2	8
154	40	8
155	29	8
156	20	8
157	21	1
158	19	1
159	31	1
160	36	1
161	21	2
162	19	2
163	31	2
164	36	2
165	4	2
166	25	2
167	27	2
168	28	2
169	21	7
170	19	7
171	31	7
172	36	7
173	4	7
174	25	7
175	27	7
176	28	7
177	35	3
178	17	3
179	12	3
180	7	3
181	11	1
182	15	1
183	26	1
184	24	1
185	4	8
186	25	8
187	27	8
188	28	8
189	11	2
190	15	2
191	26	2
192	24	2
193	4	3
194	25	3
195	27	3
196	28	3
197	21	3
198	19	3
199	31	3
200	36	3
201	38	15
202	32	15
203	33	15
204	1	15
205	37	6
206	34	6
207	23	6
208	22	6
209	14	2
210	9	2
211	3	2
212	8	2
213	16	2
214	30	2
215	5	2
216	13	2
217	16	5
218	30	5
219	5	5
220	13	5
221	14	3
222	9	3
223	3	3
224	8	3
225	37	7
226	34	7
227	23	7
228	22	7
229	37	2
230	34	2
231	23	2
232	22	2
233	37	8
234	34	8
235	23	8
236	22	8
237	11	7
238	15	7
239	26	7
240	24	7
241	11	3
242	15	3
243	26	3
244	24	3
245	11	8
246	15	8
247	26	8
248	24	8
249	2	3
250	40	3
251	29	3
252	20	3
253	4	4
254	25	4
255	27	4
256	28	4
257	11	4
258	15	4
259	26	4
260	24	4
261	37	9
262	34	9
263	23	9
264	22	9
265	35	7
266	17	7
267	12	7
268	7	7
269	21	4
270	19	4
271	31	4
272	36	4
273	2	4
274	40	4
275	29	4
276	20	4
277	2	5
278	40	5
279	29	5
280	20	5
281	35	4
282	17	4
283	12	4
284	7	4
285	14	4
286	9	4
287	3	4
288	8	4
289	4	5
290	25	5
291	27	5
292	28	5
293	14	7
294	9	7
295	3	7
296	8	7
297	35	8
298	17	8
299	12	8
300	7	8
301	37	3
302	34	3
303	23	3
304	22	3
305	14	8
306	9	8
307	3	8
308	8	8
309	37	4
310	34	4
311	23	4
312	22	4
313	16	3
314	30	3
315	5	3
316	13	3
317	35	9
318	17	9
319	12	9
320	7	9
321	2	9
322	40	9
323	29	9
324	20	9
325	21	8
326	19	8
327	31	8
328	36	8
329	11	5
330	15	5
331	26	5
332	24	5
333	14	5
334	9	5
335	3	5
336	8	5
337	21	5
338	19	5
339	31	5
340	36	5
341	4	9
342	25	9
343	27	9
344	28	9
345	21	6
346	19	6
347	31	6
348	36	6
349	35	5
350	17	5
351	12	5
352	7	5
353	16	6
354	30	6
355	5	6
356	13	6
357	2	6
358	40	6
359	29	6
360	20	6
361	37	10
362	34	10
363	23	10
364	22	10
365	37	11
366	34	11
367	23	11
368	22	11
369	11	9
370	15	9
371	26	9
372	24	9
373	14	9
374	9	9
375	3	9
376	8	9
377	11	10
378	15	10
379	26	10
380	24	10
381	2	10
382	40	10
383	29	10
384	20	10
385	35	10
386	17	10
387	12	10
388	7	10
389	21	9
390	19	9
391	31	9
392	36	9
393	35	11
394	17	11
395	12	11
396	7	11
397	35	12
398	17	12
399	12	12
400	7	12
401	16	7
402	30	7
403	5	7
404	13	7
405	4	10
406	25	10
407	27	10
408	28	10
409	11	11
410	15	11
411	26	11
412	24	11
413	37	12
414	34	12
415	23	12
416	22	12
417	14	10
418	9	10
419	3	10
420	8	10
421	2	11
422	40	11
423	29	11
424	20	11
425	11	12
426	15	12
427	26	12
428	24	12
429	14	11
430	9	11
431	3	11
432	8	11
433	21	10
434	19	10
435	31	10
436	36	10
437	35	13
438	17	13
439	12	13
440	7	13
441	16	8
442	30	8
443	5	8
444	13	8
445	4	11
446	25	11
447	27	11
448	28	11
449	4	12
450	25	12
451	27	12
452	28	12
453	2	12
454	40	12
455	29	12
456	20	12
457	11	13
458	15	13
459	26	13
460	24	13
461	14	12
462	9	12
463	3	12
464	8	12
465	2	13
466	40	13
467	29	13
468	20	13
469	21	11
470	19	11
471	31	11
472	36	11
473	35	14
474	17	14
475	12	14
476	7	14
477	35	15
478	17	15
479	12	15
480	7	15
481	37	13
482	34	13
483	23	13
484	22	13
485	16	9
486	30	9
487	5	9
488	13	9
489	16	10
490	30	10
491	5	10
492	13	10
493	4	13
494	25	13
495	27	13
496	28	13
497	11	14
498	15	14
499	26	14
500	24	14
501	14	13
502	9	13
503	3	13
504	8	13
505	2	14
506	40	14
507	29	14
508	20	14
509	21	12
510	19	12
511	31	12
512	36	12
513	21	13
514	19	13
515	31	13
516	36	13
517	37	14
518	34	14
519	23	14
520	22	14
521	37	15
522	34	15
523	23	15
524	22	15
525	4	14
526	25	14
527	27	14
528	28	14
529	11	15
530	15	15
531	26	15
532	24	15
533	16	11
534	30	11
535	5	11
536	13	11
537	16	12
538	30	12
539	5	12
540	13	12
541	14	14
542	9	14
543	3	14
544	8	14
545	2	15
546	40	15
547	29	15
548	20	15
549	16	13
550	30	13
551	5	13
552	13	13
553	21	14
554	19	14
555	31	14
556	36	14
557	4	15
558	25	15
559	27	15
560	28	15
561	16	14
562	30	14
563	5	14
564	13	14
565	16	15
566	30	15
567	5	15
568	13	15
569	14	15
570	9	15
571	3	15
572	8	15
573	21	15
574	19	15
575	31	15
576	36	15
577	10	16
578	39	16
579	18	16
580	6	16
581	10	1
583	18	1
585	39	1
586	6	1
597	10	2
600	18	2
601	39	2
602	6	2
613	10	3
615	18	3
617	39	3
618	6	3
629	10	4
630	18	4
633	39	4
634	6	4
645	10	5
646	18	5
647	39	5
648	6	5
657	10	6
658	18	6
660	39	6
661	6	6
673	10	7
674	18	7
675	39	7
677	6	7
685	10	8
686	18	8
688	39	8
690	6	8
701	10	9
702	18	9
703	39	9
704	6	9
713	10	10
715	18	10
717	39	10
718	6	10
729	10	11
731	18	11
732	39	11
734	6	11
741	10	12
743	18	12
745	39	12
746	6	12
748	10	13
754	18	13
755	39	13
756	6	13
757	10	14
758	18	14
760	39	14
761	6	14
773	10	15
775	18	15
777	39	15
778	6	15
789	32	17
790	1	17
791	43	17
793	38	18
794	33	18
795	1	18
796	44	18
797	38	19
798	32	19
799	1	19
800	44	19
801	38	20
802	32	20
803	1	20
804	44	20
805	1	21
806	11	21
807	26	21
808	43	21
809	33	17
810	15	17
811	24	17
812	46	17
\.


--
-- Data for Name: app_seat; Type: TABLE DATA; Schema: public; Owner: postgres
--

COPY public.app_seat (id, player_id, table_id, direction) FROM stdin;
1	38	1	N
2	32	1	E
3	33	1	S
4	1	1	W
5	11	2	N
6	15	2	E
7	26	2	S
8	24	2	W
9	37	3	N
10	34	3	E
11	23	3	S
12	22	3	W
13	16	4	N
14	30	4	E
15	5	4	S
16	13	4	W
17	14	5	N
18	9	5	E
19	3	5	S
20	8	5	W
21	21	6	N
22	19	6	E
23	31	6	S
24	36	6	W
25	2	7	N
26	40	7	E
27	29	7	S
28	20	7	W
29	35	8	N
30	17	8	E
31	12	8	S
32	7	8	W
33	4	9	N
34	25	9	E
35	27	9	S
36	28	9	W
37	10	10	N
38	39	10	E
39	18	10	S
40	6	10	W
61	43	16	N
62	1	16	E
64	32	16	W
65	38	17	N
66	44	17	E
67	33	17	S
68	1	17	W
69	38	18	N
70	1	18	E
71	32	18	S
72	44	18	W
74	33	16	S
75	11	20	N
76	1	20	E
77	26	20	S
78	43	20	W
79	15	21	N
80	46	21	E
81	24	21	S
82	33	21	W
\.


--
-- Data for Name: app_table; Type: TABLE DATA; Schema: public; Owner: postgres
--

COPY public.app_table (id, tempo_seconds, tournament_id) FROM stdin;
1	0	1
2	0	1
3	0	1
4	0	1
5	0	1
6	0	1
7	0	1
8	0	1
9	0	1
10	0	1
16	1	2
17	1	2
18	1	2
20	1	2
21	1	2
\.


--
-- Data for Name: app_tournament; Type: TABLE DATA; Schema: public; Owner: postgres
--

COPY public.app_tournament (id, is_complete) FROM stdin;
1	t
2	f
\.


--
-- Data for Name: app_usermitplaya; Type: TABLE DATA; Schema: public; Owner: postgres
--

COPY public.app_usermitplaya (user_ptr_id) FROM stdin;
\.


--
-- Data for Name: auth_group; Type: TABLE DATA; Schema: public; Owner: postgres
--

COPY public.auth_group (id, name) FROM stdin;
\.


--
-- Data for Name: auth_group_permissions; Type: TABLE DATA; Schema: public; Owner: postgres
--

COPY public.auth_group_permissions (id, group_id, permission_id) FROM stdin;
\.


--
-- Data for Name: auth_permission; Type: TABLE DATA; Schema: public; Owner: postgres
--

COPY public.auth_permission (id, name, content_type_id, codename) FROM stdin;
1	Can add event	1	add_event
2	Can change event	1	change_event
3	Can delete event	1	delete_event
4	Can view event	1	view_event
5	Can add event counter	2	add_eventcounter
6	Can change event counter	2	change_eventcounter
7	Can delete event counter	2	delete_eventcounter
8	Can view event counter	2	view_eventcounter
9	Can add log entry	3	add_logentry
10	Can change log entry	3	change_logentry
11	Can delete log entry	3	delete_logentry
12	Can view log entry	3	view_logentry
13	Can add permission	4	add_permission
14	Can change permission	4	change_permission
15	Can delete permission	4	delete_permission
16	Can view permission	4	view_permission
17	Can add group	5	add_group
18	Can change group	5	change_group
19	Can delete group	5	delete_group
20	Can view group	5	view_group
21	Can add user	6	add_user
22	Can change user	6	change_user
23	Can delete user	6	delete_user
24	Can view user	6	view_user
25	Can add content type	7	add_contenttype
26	Can change content type	7	change_contenttype
27	Can delete content type	7	delete_contenttype
28	Can view content type	7	view_contenttype
29	Can add session	8	add_session
30	Can change session	8	change_session
31	Can delete session	8	delete_session
32	Can view session	8	view_session
33	Can add table	9	add_table
34	Can change table	9	change_table
35	Can delete table	9	delete_table
36	Can view table	9	view_table
37	Can add player	10	add_player
38	Can change player	10	change_player
39	Can delete player	10	delete_player
40	Can view player	10	view_player
41	Can add seat	11	add_seat
42	Can change seat	11	change_seat
43	Can delete seat	11	delete_seat
44	Can view seat	11	view_seat
45	Can add message	12	add_message
46	Can change message	12	change_message
47	Can delete message	12	delete_message
48	Can view message	12	view_message
49	Can add lobby	13	add_lobby
50	Can change lobby	13	change_lobby
51	Can delete lobby	13	delete_lobby
52	Can view lobby	13	view_lobby
53	Can add board	14	add_board
54	Can change board	14	change_board
55	Can delete board	14	delete_board
56	Can view board	14	view_board
57	Can add call	15	add_call
58	Can change call	15	change_call
59	Can delete call	15	delete_call
60	Can view call	15	view_call
61	Can add play	16	add_play
62	Can change play	16	change_play
63	Can delete play	16	delete_play
64	Can view play	16	view_play
65	Can add user	17	add_usermitplaya
66	Can change user	17	change_usermitplaya
67	Can delete user	17	delete_usermitplaya
68	Can view user	17	view_usermitplaya
69	Can add hand	18	add_hand
70	Can change hand	18	change_hand
71	Can delete hand	18	delete_hand
72	Can view hand	18	view_hand
73	Can add tournament	19	add_tournament
74	Can change tournament	19	change_tournament
75	Can delete tournament	19	delete_tournament
76	Can view tournament	19	view_tournament
77	Can add bot player	20	add_botplayer
78	Can change bot player	20	change_botplayer
79	Can delete bot player	20	delete_botplayer
80	Can view bot player	20	view_botplayer
\.


--
-- Data for Name: auth_user; Type: TABLE DATA; Schema: public; Owner: postgres
--

COPY public.auth_user (id, password, last_login, is_superuser, username, first_name, last_name, email, is_staff, is_active, date_joined) FROM stdin;
43	pbkdf2_sha256$870000$dl4epD53VRmrpcHn34cBQC$vJIX/XMEf40YhtfttTQY1e5BI5giw8FC+wb5Dba8I1k=	2025-01-28 22:44:25.539349+00	f	james				f	t	2025-01-17 15:55:22.637452+00
39	pbkdf2_sha256$870000$dl4epD53VRmrpcHn34cBQC$vJIX/XMEf40YhtfttTQY1e5BI5giw8FC+wb5Dba8I1k=	2025-01-24 18:42:31.095807+00	f	tristan				f	t	2025-01-17 15:55:18.961373+00
15	pbkdf2_sha256$870000$dl4epD53VRmrpcHn34cBQC$vJIX/XMEf40YhtfttTQY1e5BI5giw8FC+wb5Dba8I1k=	2025-02-01 21:33:05.851121+00	f	christine				f	t	2025-01-17 15:55:18.629768+00
36	pbkdf2_sha256$870000$dl4epD53VRmrpcHn34cBQC$vJIX/XMEf40YhtfttTQY1e5BI5giw8FC+wb5Dba8I1k=	2025-01-24 18:42:30.384274+00	f	mallory				f	t	2025-01-17 15:55:18.927605+00
3	pbkdf2_sha256$870000$dl4epD53VRmrpcHn34cBQC$vJIX/XMEf40YhtfttTQY1e5BI5giw8FC+wb5Dba8I1k=	2025-01-24 18:42:30.583312+00	f	katherine				f	t	2025-01-17 15:55:18.418919+00
38	pbkdf2_sha256$870000$dl4epD53VRmrpcHn34cBQC$vJIX/XMEf40YhtfttTQY1e5BI5giw8FC+wb5Dba8I1k=	2025-02-01 16:11:39.253328+00	f	aaron				f	t	2025-01-17 15:55:18.949806+00
13	pbkdf2_sha256$870000$dl4epD53VRmrpcHn34cBQC$vJIX/XMEf40YhtfttTQY1e5BI5giw8FC+wb5Dba8I1k=	2025-01-24 18:42:30.450568+00	f	juan				f	t	2025-01-17 15:55:18.595539+00
1	pbkdf2_sha256$870000$dl4epD53VRmrpcHn34cBQC$vJIX/XMEf40YhtfttTQY1e5BI5giw8FC+wb5Dba8I1k=	2025-02-01 16:10:46.577289+00	f	bob				f	t	2025-01-17 15:55:18.379091+00
21	pbkdf2_sha256$870000$dl4epD53VRmrpcHn34cBQC$vJIX/XMEf40YhtfttTQY1e5BI5giw8FC+wb5Dba8I1k=	2025-01-24 18:42:30.388622+00	f	kyle				f	t	2025-01-17 15:55:18.703925+00
6	pbkdf2_sha256$870000$dl4epD53VRmrpcHn34cBQC$vJIX/XMEf40YhtfttTQY1e5BI5giw8FC+wb5Dba8I1k=	2025-01-24 18:42:30.25774+00	f	william				f	t	2025-01-17 15:55:18.460355+00
23	pbkdf2_sha256$870000$dl4epD53VRmrpcHn34cBQC$vJIX/XMEf40YhtfttTQY1e5BI5giw8FC+wb5Dba8I1k=	2025-01-24 18:42:30.470127+00	f	gabriella				f	t	2025-01-17 15:55:18.73163+00
28	pbkdf2_sha256$870000$dl4epD53VRmrpcHn34cBQC$vJIX/XMEf40YhtfttTQY1e5BI5giw8FC+wb5Dba8I1k=	2025-01-24 18:42:30.30368+00	f	tammy				f	t	2025-01-17 15:55:18.811872+00
24	pbkdf2_sha256$870000$dl4epD53VRmrpcHn34cBQC$vJIX/XMEf40YhtfttTQY1e5BI5giw8FC+wb5Dba8I1k=	2025-02-01 21:33:20.80232+00	f	craig				f	t	2025-01-17 15:55:18.746554+00
19	pbkdf2_sha256$870000$dl4epD53VRmrpcHn34cBQC$vJIX/XMEf40YhtfttTQY1e5BI5giw8FC+wb5Dba8I1k=	2025-01-24 18:42:31.108973+00	f	lisa				f	t	2025-01-17 15:55:18.679987+00
4	pbkdf2_sha256$870000$dl4epD53VRmrpcHn34cBQC$vJIX/XMEf40YhtfttTQY1e5BI5giw8FC+wb5Dba8I1k=	2025-01-24 18:42:30.918899+00	f	robert				f	t	2025-01-17 15:55:18.430779+00
17	pbkdf2_sha256$870000$dl4epD53VRmrpcHn34cBQC$vJIX/XMEf40YhtfttTQY1e5BI5giw8FC+wb5Dba8I1k=	2025-01-24 18:42:31.117084+00	f	renee				f	t	2025-01-17 15:55:18.656184+00
12	pbkdf2_sha256$870000$dl4epD53VRmrpcHn34cBQC$vJIX/XMEf40YhtfttTQY1e5BI5giw8FC+wb5Dba8I1k=	2025-01-24 18:42:30.924006+00	f	rebecca				f	t	2025-01-17 15:55:18.584501+00
26	pbkdf2_sha256$870000$dl4epD53VRmrpcHn34cBQC$vJIX/XMEf40YhtfttTQY1e5BI5giw8FC+wb5Dba8I1k=	2025-02-01 16:11:39.195768+00	f	cheryl				f	t	2025-01-17 15:55:18.776937+00
5	pbkdf2_sha256$870000$dl4epD53VRmrpcHn34cBQC$vJIX/XMEf40YhtfttTQY1e5BI5giw8FC+wb5Dba8I1k=	2025-01-24 18:42:30.698544+00	f	jonathan				f	t	2025-01-17 15:55:18.446452+00
32	pbkdf2_sha256$870000$dl4epD53VRmrpcHn34cBQC$vJIX/XMEf40YhtfttTQY1e5BI5giw8FC+wb5Dba8I1k=	2025-02-01 16:11:39.228161+00	f	ana				f	t	2025-01-17 15:55:18.873794+00
8	pbkdf2_sha256$870000$dl4epD53VRmrpcHn34cBQC$vJIX/XMEf40YhtfttTQY1e5BI5giw8FC+wb5Dba8I1k=	2025-01-24 18:42:30.338835+00	f	kristen				f	t	2025-01-17 15:55:18.498893+00
20	pbkdf2_sha256$870000$dl4epD53VRmrpcHn34cBQC$vJIX/XMEf40YhtfttTQY1e5BI5giw8FC+wb5Dba8I1k=	2025-01-24 18:42:30.30533+00	f	rachel				f	t	2025-01-17 15:55:18.691766+00
27	pbkdf2_sha256$870000$dl4epD53VRmrpcHn34cBQC$vJIX/XMEf40YhtfttTQY1e5BI5giw8FC+wb5Dba8I1k=	2025-01-24 18:42:31.07301+00	f	robin				f	t	2025-01-17 15:55:18.797245+00
40	pbkdf2_sha256$870000$dl4epD53VRmrpcHn34cBQC$vJIX/XMEf40YhtfttTQY1e5BI5giw8FC+wb5Dba8I1k=	2025-01-24 18:42:30.713568+00	f	mikayla				f	t	2025-01-17 15:55:18.974851+00
29	pbkdf2_sha256$870000$dl4epD53VRmrpcHn34cBQC$vJIX/XMEf40YhtfttTQY1e5BI5giw8FC+wb5Dba8I1k=	2025-01-24 18:42:30.496477+00	f	michelle				f	t	2025-01-17 15:55:18.827783+00
41	pbkdf2_sha256$870000$dl4epD53VRmrpcHn34cBQC$vJIX/XMEf40YhtfttTQY1e5BI5giw8FC+wb5Dba8I1k=	2025-01-19 17:54:25.826605+00	f	mark				f	t	2025-01-17 15:55:22.601924+00
31	pbkdf2_sha256$870000$dl4epD53VRmrpcHn34cBQC$vJIX/XMEf40YhtfttTQY1e5BI5giw8FC+wb5Dba8I1k=	2025-01-24 18:42:30.815622+00	f	linda				f	t	2025-01-17 15:55:18.858892+00
11	pbkdf2_sha256$870000$dl4epD53VRmrpcHn34cBQC$vJIX/XMEf40YhtfttTQY1e5BI5giw8FC+wb5Dba8I1k=	2025-02-01 16:11:39.245663+00	f	brandy				f	t	2025-01-17 15:55:18.571415+00
25	pbkdf2_sha256$870000$dl4epD53VRmrpcHn34cBQC$vJIX/XMEf40YhtfttTQY1e5BI5giw8FC+wb5Dba8I1k=	2025-01-24 18:42:30.405145+00	f	ryan				f	t	2025-01-17 15:55:18.761876+00
2	pbkdf2_sha256$870000$dl4epD53VRmrpcHn34cBQC$vJIX/XMEf40YhtfttTQY1e5BI5giw8FC+wb5Dba8I1k=	2025-01-24 18:42:30.445982+00	f	megan				f	t	2025-01-17 15:55:18.401908+00
22	pbkdf2_sha256$870000$dl4epD53VRmrpcHn34cBQC$vJIX/XMEf40YhtfttTQY1e5BI5giw8FC+wb5Dba8I1k=	2025-01-24 18:42:30.305982+00	f	jessica				f	t	2025-01-17 15:55:18.718169+00
16	pbkdf2_sha256$870000$dl4epD53VRmrpcHn34cBQC$vJIX/XMEf40YhtfttTQY1e5BI5giw8FC+wb5Dba8I1k=	2025-01-24 18:42:30.50375+00	f	john				f	t	2025-01-17 15:55:18.641756+00
9	pbkdf2_sha256$870000$dl4epD53VRmrpcHn34cBQC$vJIX/XMEf40YhtfttTQY1e5BI5giw8FC+wb5Dba8I1k=	2025-01-24 18:42:30.551024+00	f	kevin				f	t	2025-01-17 15:55:18.515531+00
30	pbkdf2_sha256$870000$dl4epD53VRmrpcHn34cBQC$vJIX/XMEf40YhtfttTQY1e5BI5giw8FC+wb5Dba8I1k=	2025-01-24 18:42:31.09159+00	f	jorge				f	t	2025-01-17 15:55:18.842881+00
34	pbkdf2_sha256$870000$dl4epD53VRmrpcHn34cBQC$vJIX/XMEf40YhtfttTQY1e5BI5giw8FC+wb5Dba8I1k=	2025-01-24 18:42:30.616139+00	f	jennifer				f	t	2025-01-17 15:55:18.904137+00
14	pbkdf2_sha256$870000$dl4epD53VRmrpcHn34cBQC$vJIX/XMEf40YhtfttTQY1e5BI5giw8FC+wb5Dba8I1k=	2025-01-24 18:42:30.476502+00	f	katelyn				f	t	2025-01-17 15:55:18.617895+00
33	pbkdf2_sha256$870000$dl4epD53VRmrpcHn34cBQC$vJIX/XMEf40YhtfttTQY1e5BI5giw8FC+wb5Dba8I1k=	2025-02-01 21:33:42.324527+00	f	alexis				f	t	2025-01-17 15:55:18.88824+00
10	pbkdf2_sha256$870000$dl4epD53VRmrpcHn34cBQC$vJIX/XMEf40YhtfttTQY1e5BI5giw8FC+wb5Dba8I1k=	2025-01-24 18:42:30.262179+00	f	thomas				f	t	2025-01-17 15:55:18.553521+00
42	pbkdf2_sha256$870000$dl4epD53VRmrpcHn34cBQC$vJIX/XMEf40YhtfttTQY1e5BI5giw8FC+wb5Dba8I1k=	2025-01-19 17:54:32.298623+00	f	monica				f	t	2025-01-17 15:55:22.621027+00
18	pbkdf2_sha256$870000$dl4epD53VRmrpcHn34cBQC$vJIX/XMEf40YhtfttTQY1e5BI5giw8FC+wb5Dba8I1k=	2025-01-24 18:42:30.244714+00	f	tonya				f	t	2025-01-17 15:55:18.667093+00
37	pbkdf2_sha256$870000$dl4epD53VRmrpcHn34cBQC$vJIX/XMEf40YhtfttTQY1e5BI5giw8FC+wb5Dba8I1k=	2025-01-24 18:42:30.26629+00	f	elizabeth				f	t	2025-01-17 15:55:18.940668+00
35	pbkdf2_sha256$870000$dl4epD53VRmrpcHn34cBQC$vJIX/XMEf40YhtfttTQY1e5BI5giw8FC+wb5Dba8I1k=	2025-01-24 18:42:30.238292+00	f	raymond				f	t	2025-01-17 15:55:18.914743+00
7	pbkdf2_sha256$870000$dl4epD53VRmrpcHn34cBQC$vJIX/XMEf40YhtfttTQY1e5BI5giw8FC+wb5Dba8I1k=	2025-01-24 18:42:31.051396+00	f	richard				f	t	2025-01-17 15:55:18.472863+00
45	pbkdf2_sha256$870000$GGIJN1kNDEsmyFhzus7WRx$PXSzBfFFiNjndCL9DiyG8zrzJEynJnuzEBT6icXC5go=	2025-01-27 01:56:58.109915+00	t	admin			admin@admin.com	t	t	2025-01-25 14:09:21.518725+00
46	pbkdf2_sha256$870000$FP7Lwg1VEfvAsOit4VFqME$rt7uGZFkgR/hCsoIGCm5eXbXLqIQk5oICaBcF6SjE8k=	\N	f	pushkar				f	t	2025-01-28 11:35:13.888088+00
44	pbkdf2_sha256$870000$5g6zv1uPJicG6rCfNvUb2r$yidwXDxq8em3dRt074TUUtYvH0nWjj00+joGp85taY0=	2025-02-01 01:33:50.189393+00	f	foo				f	t	2025-01-25 13:53:21.521742+00
47	pbkdf2_sha256$870000$MhzbXhu8NTl8rmA9ApaWOU$1oc8tEvDRKR9t5HnuODxTFAGN57YKpZuBCUAKQpN0b4=	2025-02-01 21:30:40.904502+00	f	katie				f	t	2025-02-01 21:30:17.753684+00
\.


--
-- Data for Name: auth_user_groups; Type: TABLE DATA; Schema: public; Owner: postgres
--

COPY public.auth_user_groups (id, user_id, group_id) FROM stdin;
\.


--
-- Data for Name: auth_user_user_permissions; Type: TABLE DATA; Schema: public; Owner: postgres
--

COPY public.auth_user_user_permissions (id, user_id, permission_id) FROM stdin;
\.


--
-- Data for Name: django_admin_log; Type: TABLE DATA; Schema: public; Owner: postgres
--

COPY public.django_admin_log (id, action_time, object_id, object_repr, action_flag, change_message, content_type_id, user_id) FROM stdin;
\.


--
-- Data for Name: django_content_type; Type: TABLE DATA; Schema: public; Owner: postgres
--

COPY public.django_content_type (id, app_label, model) FROM stdin;
1	django_eventstream	event
2	django_eventstream	eventcounter
3	admin	logentry
4	auth	permission
5	auth	group
6	auth	user
7	contenttypes	contenttype
8	sessions	session
9	app	table
10	app	player
11	app	seat
12	app	message
13	app	lobby
14	app	board
15	app	call
16	app	play
17	app	usermitplaya
18	app	hand
19	app	tournament
20	app	botplayer
\.


--
-- Data for Name: django_eventstream_event; Type: TABLE DATA; Schema: public; Owner: postgres
--

COPY public.django_eventstream_event (id, channel, type, data, eid, created) FROM stdin;
48020	partnerships	message	"{\\"split\\": [44, 1], \\"joined\\": []}"	33	2025-02-01 01:34:26.822595+00
48051	players:33_46	message	"\\n      <div class=\\"chat-message-row\\">\\n        <div style=\\"display: inline; font-family: monospace;\\" class=\\"chat-message-timestamp\\">2025-02-01T21:32:15.146602+00:00</div>\\n        <div style=\\"display: inline;\\" class=\\"chat-message-sender-name\\">alexis</div>\\n        <div style=\\"display: inline;\\" class=\\"chat-message-text\\">Yeah baby</div>\\n      </div>\\n        "	2	2025-02-01 21:32:15.152216+00
48087	hand:318	message	"{\\"new-call\\": {\\"serialized\\": \\"1\\\\u2665\\", \\"seat_pk\\": 79}, \\"tempo_seconds\\": 1.0, \\"hand_pk\\": 318, \\"time\\": 1738445636.187631}"	5	2025-02-01 21:33:56.1904+00
48088	all-tables	message	"{\\"new-call\\": {\\"serialized\\": \\"1\\\\u2665\\", \\"seat_pk\\": 79}, \\"tempo_seconds\\": 1.0, \\"hand_pk\\": 318, \\"time\\": 1738445636.187631}"	7840	2025-02-01 21:33:56.20126+00
48089	system:player:15	message	"{\\"new-call\\": {\\"serialized\\": \\"1\\\\u2665\\", \\"seat_pk\\": 79}, \\"tempo_seconds\\": 1.0, \\"hand_pk\\": 318, \\"time\\": 1738445636.187631}"	753	2025-02-01 21:33:56.208361+00
48090	system:player:46	message	"{\\"new-call\\": {\\"serialized\\": \\"1\\\\u2665\\", \\"seat_pk\\": 79}, \\"tempo_seconds\\": 1.0, \\"hand_pk\\": 318, \\"time\\": 1738445636.187631}"	6	2025-02-01 21:33:56.215108+00
48091	system:player:24	message	"{\\"new-call\\": {\\"serialized\\": \\"1\\\\u2665\\", \\"seat_pk\\": 79}, \\"tempo_seconds\\": 1.0, \\"hand_pk\\": 318, \\"time\\": 1738445636.187631}"	753	2025-02-01 21:33:56.223065+00
48092	system:player:33	message	"{\\"new-call\\": {\\"serialized\\": \\"1\\\\u2665\\", \\"seat_pk\\": 79}, \\"tempo_seconds\\": 1.0, \\"hand_pk\\": 318, \\"time\\": 1738445636.187631}"	752	2025-02-01 21:33:56.230602+00
48129	hand:318	message	"{\\"new-call\\": {\\"serialized\\": \\"Pass\\", \\"seat_pk\\": 79}, \\"tempo_seconds\\": 1.0, \\"hand_pk\\": 318, \\"time\\": 1738445692.8073719}"	12	2025-02-01 21:34:52.810651+00
48130	all-tables	message	"{\\"new-call\\": {\\"serialized\\": \\"Pass\\", \\"seat_pk\\": 79}, \\"tempo_seconds\\": 1.0, \\"hand_pk\\": 318, \\"time\\": 1738445692.8073719}"	7847	2025-02-01 21:34:52.821705+00
48131	system:player:15	message	"{\\"new-call\\": {\\"serialized\\": \\"Pass\\", \\"seat_pk\\": 79}, \\"tempo_seconds\\": 1.0, \\"hand_pk\\": 318, \\"time\\": 1738445692.8073719}"	760	2025-02-01 21:34:52.83244+00
48132	system:player:46	message	"{\\"new-call\\": {\\"serialized\\": \\"Pass\\", \\"seat_pk\\": 79}, \\"tempo_seconds\\": 1.0, \\"hand_pk\\": 318, \\"time\\": 1738445692.8073719}"	13	2025-02-01 21:34:52.840962+00
48133	system:player:24	message	"{\\"new-call\\": {\\"serialized\\": \\"Pass\\", \\"seat_pk\\": 79}, \\"tempo_seconds\\": 1.0, \\"hand_pk\\": 318, \\"time\\": 1738445692.8073719}"	760	2025-02-01 21:34:52.848157+00
48134	system:player:33	message	"{\\"new-call\\": {\\"serialized\\": \\"Pass\\", \\"seat_pk\\": 79}, \\"tempo_seconds\\": 1.0, \\"hand_pk\\": 318, \\"time\\": 1738445692.8073719}"	759	2025-02-01 21:34:52.855321+00
48021	lobby	message	"\\"\\\\n      <div class=\\\\\\"chat-message-row\\\\\\">\\\\n        <div style=\\\\\\"display: inline; font-family: monospace;\\\\\\" class=\\\\\\"chat-message-timestamp\\\\\\">2025-02-01T01:34:32.343388+00:00</div>\\\\n        <div style=\\\\\\"display: inline;\\\\\\" class=\\\\\\"chat-message-sender-name\\\\\\">bob</div>\\\\n        <div style=\\\\\\"display: inline;\\\\\\" class=\\\\\\"chat-message-text\\\\\\">Partnered with james</div>\\\\n      </div>\\\\n        \\""	27	2025-02-01 01:34:32.346731+00
48022	partnerships	message	"{\\"split\\": [], \\"joined\\": [43, 1]}"	34	2025-02-01 01:34:32.353076+00
48052	lobby	message	"\\"\\\\n      <div class=\\\\\\"chat-message-row\\\\\\">\\\\n        <div style=\\\\\\"display: inline; font-family: monospace;\\\\\\" class=\\\\\\"chat-message-timestamp\\\\\\">2025-02-01T21:32:21.952454+00:00</div>\\\\n        <div style=\\\\\\"display: inline;\\\\\\" class=\\\\\\"chat-message-sender-name\\\\\\">katie</div>\\\\n        <div style=\\\\\\"display: inline;\\\\\\" class=\\\\\\"chat-message-text\\\\\\">Partnered with alexis</div>\\\\n      </div>\\\\n        \\""	28	2025-02-01 21:32:21.964609+00
48053	partnerships	message	"{\\"split\\": [], \\"joined\\": [33, 46]}"	35	2025-02-01 21:32:21.980609+00
48093	hand:318	message	"{\\"new-call\\": {\\"serialized\\": \\"Pass\\", \\"seat_pk\\": 79}, \\"tempo_seconds\\": 1.0, \\"hand_pk\\": 318, \\"time\\": 1738445650.8572295}"	6	2025-02-01 21:34:10.860952+00
48094	all-tables	message	"{\\"new-call\\": {\\"serialized\\": \\"Pass\\", \\"seat_pk\\": 79}, \\"tempo_seconds\\": 1.0, \\"hand_pk\\": 318, \\"time\\": 1738445650.8572295}"	7841	2025-02-01 21:34:10.870678+00
48095	system:player:15	message	"{\\"new-call\\": {\\"serialized\\": \\"Pass\\", \\"seat_pk\\": 79}, \\"tempo_seconds\\": 1.0, \\"hand_pk\\": 318, \\"time\\": 1738445650.8572295}"	754	2025-02-01 21:34:10.879806+00
48096	system:player:46	message	"{\\"new-call\\": {\\"serialized\\": \\"Pass\\", \\"seat_pk\\": 79}, \\"tempo_seconds\\": 1.0, \\"hand_pk\\": 318, \\"time\\": 1738445650.8572295}"	7	2025-02-01 21:34:10.887854+00
48097	system:player:24	message	"{\\"new-call\\": {\\"serialized\\": \\"Pass\\", \\"seat_pk\\": 79}, \\"tempo_seconds\\": 1.0, \\"hand_pk\\": 318, \\"time\\": 1738445650.8572295}"	754	2025-02-01 21:34:10.897406+00
48098	system:player:33	message	"{\\"new-call\\": {\\"serialized\\": \\"Pass\\", \\"seat_pk\\": 79}, \\"tempo_seconds\\": 1.0, \\"hand_pk\\": 318, \\"time\\": 1738445650.8572295}"	753	2025-02-01 21:34:10.914689+00
48135	hand:318	message	"{\\"new-call\\": {\\"serialized\\": \\"Pass\\", \\"seat_pk\\": 79}, \\"tempo_seconds\\": 1.0, \\"hand_pk\\": 318, \\"time\\": 1738445694.017505}"	13	2025-02-01 21:34:54.021119+00
48136	all-tables	message	"{\\"new-call\\": {\\"serialized\\": \\"Pass\\", \\"seat_pk\\": 79}, \\"tempo_seconds\\": 1.0, \\"hand_pk\\": 318, \\"time\\": 1738445694.017505}"	7848	2025-02-01 21:34:54.030581+00
48137	system:player:15	message	"{\\"new-call\\": {\\"serialized\\": \\"Pass\\", \\"seat_pk\\": 79}, \\"tempo_seconds\\": 1.0, \\"hand_pk\\": 318, \\"time\\": 1738445694.017505}"	761	2025-02-01 21:34:54.039538+00
48138	system:player:46	message	"{\\"new-call\\": {\\"serialized\\": \\"Pass\\", \\"seat_pk\\": 79}, \\"tempo_seconds\\": 1.0, \\"hand_pk\\": 318, \\"time\\": 1738445694.017505}"	14	2025-02-01 21:34:54.047309+00
48139	system:player:24	message	"{\\"new-call\\": {\\"serialized\\": \\"Pass\\", \\"seat_pk\\": 79}, \\"tempo_seconds\\": 1.0, \\"hand_pk\\": 318, \\"time\\": 1738445694.017505}"	761	2025-02-01 21:34:54.053885+00
48140	system:player:33	message	"{\\"new-call\\": {\\"serialized\\": \\"Pass\\", \\"seat_pk\\": 79}, \\"tempo_seconds\\": 1.0, \\"hand_pk\\": 318, \\"time\\": 1738445694.017505}"	760	2025-02-01 21:34:54.061656+00
48023	table:20			0	2025-02-01 01:34:35.092811+00
48024	table:20	message	"{\\"new-hand\\": 317, \\"time\\": 1738373675.0877032, \\"tempo_seconds\\": 1.0}"	1	2025-02-01 01:34:35.09393+00
48025	system:player:11	message	"{\\"new-hand\\": 317, \\"time\\": 1738373675.0972881, \\"tempo_seconds\\": 1.0}"	748	2025-02-01 01:34:35.100684+00
48026	system:player:1	message	"{\\"new-hand\\": 317, \\"time\\": 1738373675.1038344, \\"tempo_seconds\\": 1.0}"	880	2025-02-01 01:34:35.106696+00
48027	system:player:26	message	"{\\"new-hand\\": 317, \\"time\\": 1738373675.1100671, \\"tempo_seconds\\": 1.0}"	748	2025-02-01 01:34:35.112848+00
48028	system:player:43	message	"{\\"new-hand\\": 317, \\"time\\": 1738373675.1174464, \\"tempo_seconds\\": 1.0}"	2	2025-02-01 01:34:35.121403+00
48029	all-tables	message	"{\\"table\\": 20, \\"seats\\": [{\\"direction\\": \\"N\\", \\"player\\": 11, \\"table\\": 20}, {\\"direction\\": \\"E\\", \\"player\\": 1, \\"table\\": 20}, {\\"direction\\": \\"S\\", \\"player\\": 26, \\"table\\": 20}, {\\"direction\\": \\"W\\", \\"player\\": 43, \\"table\\": 20}], \\"action\\": \\"just formed\\", \\"time\\": 1738373675.142757}"	7831	2025-02-01 01:34:35.146208+00
48054	table:21			0	2025-02-01 21:32:26.470707+00
48055	table:21	message	"{\\"new-hand\\": 318, \\"time\\": 1738445546.4672933, \\"tempo_seconds\\": 1.0}"	1	2025-02-01 21:32:26.471675+00
48056	system:player:15	message	"{\\"new-hand\\": 318, \\"time\\": 1738445546.4744806, \\"tempo_seconds\\": 1.0}"	748	2025-02-01 21:32:26.476555+00
48057	system:player:46			0	2025-02-01 21:32:26.482777+00
48058	system:player:46	message	"{\\"new-hand\\": 318, \\"time\\": 1738445546.4797735, \\"tempo_seconds\\": 1.0}"	1	2025-02-01 21:32:26.483452+00
48059	system:player:24	message	"{\\"new-hand\\": 318, \\"time\\": 1738445546.485898, \\"tempo_seconds\\": 1.0}"	748	2025-02-01 21:32:26.487984+00
48060	system:player:33	message	"{\\"new-hand\\": 318, \\"time\\": 1738445546.4905608, \\"tempo_seconds\\": 1.0}"	747	2025-02-01 21:32:26.493024+00
48061	all-tables	message	"{\\"table\\": 21, \\"seats\\": [{\\"direction\\": \\"N\\", \\"player\\": 15, \\"table\\": 21}, {\\"direction\\": \\"E\\", \\"player\\": 46, \\"table\\": 21}, {\\"direction\\": \\"S\\", \\"player\\": 24, \\"table\\": 21}, {\\"direction\\": \\"W\\", \\"player\\": 33, \\"table\\": 21}], \\"action\\": \\"just formed\\", \\"time\\": 1738445546.5039399}"	7835	2025-02-01 21:32:26.506121+00
48099	hand:318	message	"{\\"new-call\\": {\\"serialized\\": \\"1\\\\u2660\\", \\"seat_pk\\": 81}, \\"tempo_seconds\\": 1.0, \\"hand_pk\\": 318, \\"time\\": 1738445652.1288712}"	7	2025-02-01 21:34:12.131807+00
48100	all-tables	message	"{\\"new-call\\": {\\"serialized\\": \\"1\\\\u2660\\", \\"seat_pk\\": 81}, \\"tempo_seconds\\": 1.0, \\"hand_pk\\": 318, \\"time\\": 1738445652.1288712}"	7842	2025-02-01 21:34:12.142455+00
48101	system:player:15	message	"{\\"new-call\\": {\\"serialized\\": \\"1\\\\u2660\\", \\"seat_pk\\": 81}, \\"tempo_seconds\\": 1.0, \\"hand_pk\\": 318, \\"time\\": 1738445652.1288712}"	755	2025-02-01 21:34:12.151409+00
48102	system:player:46	message	"{\\"new-call\\": {\\"serialized\\": \\"1\\\\u2660\\", \\"seat_pk\\": 81}, \\"tempo_seconds\\": 1.0, \\"hand_pk\\": 318, \\"time\\": 1738445652.1288712}"	8	2025-02-01 21:34:12.160016+00
48103	system:player:24	message	"{\\"new-call\\": {\\"serialized\\": \\"1\\\\u2660\\", \\"seat_pk\\": 81}, \\"tempo_seconds\\": 1.0, \\"hand_pk\\": 318, \\"time\\": 1738445652.1288712}"	755	2025-02-01 21:34:12.16834+00
48104	system:player:33	message	"{\\"new-call\\": {\\"serialized\\": \\"1\\\\u2660\\", \\"seat_pk\\": 81}, \\"tempo_seconds\\": 1.0, \\"hand_pk\\": 318, \\"time\\": 1738445652.1288712}"	754	2025-02-01 21:34:12.178156+00
48141	hand:318	message	"{\\"new-call\\": {\\"serialized\\": \\"Pass\\", \\"seat_pk\\": 79}, \\"tempo_seconds\\": 1.0, \\"hand_pk\\": 318, \\"time\\": 1738445697.0698473}"	14	2025-02-01 21:34:57.072648+00
48142	all-tables	message	"{\\"new-call\\": {\\"serialized\\": \\"Pass\\", \\"seat_pk\\": 79}, \\"tempo_seconds\\": 1.0, \\"hand_pk\\": 318, \\"time\\": 1738445697.0698473}"	7849	2025-02-01 21:34:57.082532+00
48143	system:player:15	message	"{\\"new-call\\": {\\"serialized\\": \\"Pass\\", \\"seat_pk\\": 79}, \\"tempo_seconds\\": 1.0, \\"hand_pk\\": 318, \\"time\\": 1738445697.0698473}"	762	2025-02-01 21:34:57.091822+00
48144	system:player:46	message	"{\\"new-call\\": {\\"serialized\\": \\"Pass\\", \\"seat_pk\\": 79}, \\"tempo_seconds\\": 1.0, \\"hand_pk\\": 318, \\"time\\": 1738445697.0698473}"	15	2025-02-01 21:34:57.101689+00
48145	system:player:24	message	"{\\"new-call\\": {\\"serialized\\": \\"Pass\\", \\"seat_pk\\": 79}, \\"tempo_seconds\\": 1.0, \\"hand_pk\\": 318, \\"time\\": 1738445697.0698473}"	762	2025-02-01 21:34:57.111156+00
48146	system:player:33	message	"{\\"new-call\\": {\\"serialized\\": \\"Pass\\", \\"seat_pk\\": 79}, \\"tempo_seconds\\": 1.0, \\"hand_pk\\": 318, \\"time\\": 1738445697.0698473}"	761	2025-02-01 21:34:57.120175+00
48147	hand:318	message	"{\\"table\\": 21, \\"contract_text\\": \\"seven notrump, doubled, played by     alexis, sitting  West\\", \\"contract\\": {\\"opening_leader\\": \\"N\\"}, \\"tempo_seconds\\": 1.0, \\"hand_pk\\": 318, \\"time\\": 1738445697.1290145}"	15	2025-02-01 21:34:57.132939+00
48148	all-tables	message	"{\\"table\\": 21, \\"contract_text\\": \\"seven notrump, doubled, played by     alexis, sitting  West\\", \\"contract\\": {\\"opening_leader\\": \\"N\\"}, \\"tempo_seconds\\": 1.0, \\"hand_pk\\": 318, \\"time\\": 1738445697.1290145}"	7850	2025-02-01 21:34:57.142913+00
48149	system:player:15	message	"{\\"table\\": 21, \\"contract_text\\": \\"seven notrump, doubled, played by     alexis, sitting  West\\", \\"contract\\": {\\"opening_leader\\": \\"N\\"}, \\"tempo_seconds\\": 1.0, \\"hand_pk\\": 318, \\"time\\": 1738445697.1290145}"	763	2025-02-01 21:34:57.153354+00
48150	system:player:46	message	"{\\"table\\": 21, \\"contract_text\\": \\"seven notrump, doubled, played by     alexis, sitting  West\\", \\"contract\\": {\\"opening_leader\\": \\"N\\"}, \\"tempo_seconds\\": 1.0, \\"hand_pk\\": 318, \\"time\\": 1738445697.1290145}"	16	2025-02-01 21:34:57.164708+00
48151	system:player:24	message	"{\\"table\\": 21, \\"contract_text\\": \\"seven notrump, doubled, played by     alexis, sitting  West\\", \\"contract\\": {\\"opening_leader\\": \\"N\\"}, \\"tempo_seconds\\": 1.0, \\"hand_pk\\": 318, \\"time\\": 1738445697.1290145}"	763	2025-02-01 21:34:57.172695+00
48152	system:player:33	message	"{\\"table\\": 21, \\"contract_text\\": \\"seven notrump, doubled, played by     alexis, sitting  West\\", \\"contract\\": {\\"opening_leader\\": \\"N\\"}, \\"tempo_seconds\\": 1.0, \\"hand_pk\\": 318, \\"time\\": 1738445697.1290145}"	762	2025-02-01 21:34:57.180375+00
48030	hand:317			0	2025-02-01 16:11:40.079449+00
48031	hand:317	message	"{\\"new-call\\": {\\"serialized\\": \\"Pass\\", \\"seat_pk\\": 75}, \\"tempo_seconds\\": 1.0, \\"hand_pk\\": 317, \\"time\\": 1738426300.065412}"	1	2025-02-01 16:11:40.081169+00
48032	all-tables	message	"{\\"new-call\\": {\\"serialized\\": \\"Pass\\", \\"seat_pk\\": 75}, \\"tempo_seconds\\": 1.0, \\"hand_pk\\": 317, \\"time\\": 1738426300.065412}"	7832	2025-02-01 16:11:40.435161+00
48033	system:player:11	message	"{\\"new-call\\": {\\"serialized\\": \\"Pass\\", \\"seat_pk\\": 75}, \\"tempo_seconds\\": 1.0, \\"hand_pk\\": 317, \\"time\\": 1738426300.065412}"	749	2025-02-01 16:11:40.455631+00
48034	system:player:1	message	"{\\"new-call\\": {\\"serialized\\": \\"Pass\\", \\"seat_pk\\": 75}, \\"tempo_seconds\\": 1.0, \\"hand_pk\\": 317, \\"time\\": 1738426300.065412}"	881	2025-02-01 16:11:40.472855+00
48035	system:player:26	message	"{\\"new-call\\": {\\"serialized\\": \\"Pass\\", \\"seat_pk\\": 75}, \\"tempo_seconds\\": 1.0, \\"hand_pk\\": 317, \\"time\\": 1738426300.065412}"	749	2025-02-01 16:11:40.49124+00
48036	system:player:43	message	"{\\"new-call\\": {\\"serialized\\": \\"Pass\\", \\"seat_pk\\": 75}, \\"tempo_seconds\\": 1.0, \\"hand_pk\\": 317, \\"time\\": 1738426300.065412}"	3	2025-02-01 16:11:40.51257+00
48062	hand:318			0	2025-02-01 21:33:06.059872+00
48063	hand:318	message	"{\\"new-call\\": {\\"serialized\\": \\"Pass\\", \\"seat_pk\\": 79}, \\"tempo_seconds\\": 1.0, \\"hand_pk\\": 318, \\"time\\": 1738445586.044524}"	1	2025-02-01 21:33:06.072916+00
48064	all-tables	message	"{\\"new-call\\": {\\"serialized\\": \\"Pass\\", \\"seat_pk\\": 79}, \\"tempo_seconds\\": 1.0, \\"hand_pk\\": 318, \\"time\\": 1738445586.044524}"	7836	2025-02-01 21:33:06.097922+00
48065	system:player:15	message	"{\\"new-call\\": {\\"serialized\\": \\"Pass\\", \\"seat_pk\\": 79}, \\"tempo_seconds\\": 1.0, \\"hand_pk\\": 318, \\"time\\": 1738445586.044524}"	749	2025-02-01 21:33:06.109148+00
48066	system:player:46	message	"{\\"new-call\\": {\\"serialized\\": \\"Pass\\", \\"seat_pk\\": 79}, \\"tempo_seconds\\": 1.0, \\"hand_pk\\": 318, \\"time\\": 1738445586.044524}"	2	2025-02-01 21:33:06.120314+00
48067	system:player:24	message	"{\\"new-call\\": {\\"serialized\\": \\"Pass\\", \\"seat_pk\\": 79}, \\"tempo_seconds\\": 1.0, \\"hand_pk\\": 318, \\"time\\": 1738445586.044524}"	749	2025-02-01 21:33:06.132006+00
48068	system:player:33	message	"{\\"new-call\\": {\\"serialized\\": \\"Pass\\", \\"seat_pk\\": 79}, \\"tempo_seconds\\": 1.0, \\"hand_pk\\": 318, \\"time\\": 1738445586.044524}"	748	2025-02-01 21:33:06.138378+00
48105	hand:318	message	"{\\"new-call\\": {\\"serialized\\": \\"7N\\", \\"seat_pk\\": 82}, \\"tempo_seconds\\": 1.0, \\"hand_pk\\": 318, \\"time\\": 1738445655.9898472}"	8	2025-02-01 21:34:15.992684+00
48106	all-tables	message	"{\\"new-call\\": {\\"serialized\\": \\"7N\\", \\"seat_pk\\": 82}, \\"tempo_seconds\\": 1.0, \\"hand_pk\\": 318, \\"time\\": 1738445655.9898472}"	7843	2025-02-01 21:34:16.00262+00
48107	system:player:15	message	"{\\"new-call\\": {\\"serialized\\": \\"7N\\", \\"seat_pk\\": 82}, \\"tempo_seconds\\": 1.0, \\"hand_pk\\": 318, \\"time\\": 1738445655.9898472}"	756	2025-02-01 21:34:16.010604+00
48108	system:player:46	message	"{\\"new-call\\": {\\"serialized\\": \\"7N\\", \\"seat_pk\\": 82}, \\"tempo_seconds\\": 1.0, \\"hand_pk\\": 318, \\"time\\": 1738445655.9898472}"	9	2025-02-01 21:34:16.018417+00
48109	system:player:24	message	"{\\"new-call\\": {\\"serialized\\": \\"7N\\", \\"seat_pk\\": 82}, \\"tempo_seconds\\": 1.0, \\"hand_pk\\": 318, \\"time\\": 1738445655.9898472}"	756	2025-02-01 21:34:16.02551+00
48110	system:player:33	message	"{\\"new-call\\": {\\"serialized\\": \\"7N\\", \\"seat_pk\\": 82}, \\"tempo_seconds\\": 1.0, \\"hand_pk\\": 318, \\"time\\": 1738445655.9898472}"	755	2025-02-01 21:34:16.035224+00
48153	hand:318	message	"{\\"new-play\\": {\\"serialized\\": \\"\\\\u26636\\", \\"seat_pk\\": 79}, \\"dummy\\": \\"\\\\u26632\\\\u26633\\\\u26637\\\\u26663\\\\u26666\\\\u26667\\\\u26668\\\\u26669\\\\u2666K\\\\u26653\\\\u26658\\\\u2665T\\\\u26605\\", \\"tempo_seconds\\": 1.0, \\"hand_pk\\": 318, \\"time\\": 1738445698.545418}"	16	2025-02-01 21:34:58.549675+00
48154	all-tables	message	"{\\"new-play\\": {\\"serialized\\": \\"\\\\u26636\\", \\"seat_pk\\": 79}, \\"dummy\\": \\"\\\\u26632\\\\u26633\\\\u26637\\\\u26663\\\\u26666\\\\u26667\\\\u26668\\\\u26669\\\\u2666K\\\\u26653\\\\u26658\\\\u2665T\\\\u26605\\", \\"tempo_seconds\\": 1.0, \\"hand_pk\\": 318, \\"time\\": 1738445698.545418}"	7851	2025-02-01 21:34:58.558902+00
48155	system:player:15	message	"{\\"new-play\\": {\\"serialized\\": \\"\\\\u26636\\", \\"seat_pk\\": 79}, \\"dummy\\": \\"\\\\u26632\\\\u26633\\\\u26637\\\\u26663\\\\u26666\\\\u26667\\\\u26668\\\\u26669\\\\u2666K\\\\u26653\\\\u26658\\\\u2665T\\\\u26605\\", \\"tempo_seconds\\": 1.0, \\"hand_pk\\": 318, \\"time\\": 1738445698.545418}"	764	2025-02-01 21:34:58.567782+00
48156	system:player:46	message	"{\\"new-play\\": {\\"serialized\\": \\"\\\\u26636\\", \\"seat_pk\\": 79}, \\"dummy\\": \\"\\\\u26632\\\\u26633\\\\u26637\\\\u26663\\\\u26666\\\\u26667\\\\u26668\\\\u26669\\\\u2666K\\\\u26653\\\\u26658\\\\u2665T\\\\u26605\\", \\"tempo_seconds\\": 1.0, \\"hand_pk\\": 318, \\"time\\": 1738445698.545418}"	17	2025-02-01 21:34:58.575105+00
48157	system:player:24	message	"{\\"new-play\\": {\\"serialized\\": \\"\\\\u26636\\", \\"seat_pk\\": 79}, \\"dummy\\": \\"\\\\u26632\\\\u26633\\\\u26637\\\\u26663\\\\u26666\\\\u26667\\\\u26668\\\\u26669\\\\u2666K\\\\u26653\\\\u26658\\\\u2665T\\\\u26605\\", \\"tempo_seconds\\": 1.0, \\"hand_pk\\": 318, \\"time\\": 1738445698.545418}"	764	2025-02-01 21:34:58.581611+00
48158	system:player:33	message	"{\\"new-play\\": {\\"serialized\\": \\"\\\\u26636\\", \\"seat_pk\\": 79}, \\"dummy\\": \\"\\\\u26632\\\\u26633\\\\u26637\\\\u26663\\\\u26666\\\\u26667\\\\u26668\\\\u26669\\\\u2666K\\\\u26653\\\\u26658\\\\u2665T\\\\u26605\\", \\"tempo_seconds\\": 1.0, \\"hand_pk\\": 318, \\"time\\": 1738445698.545418}"	763	2025-02-01 21:34:58.590183+00
48037	hand:317	message	"{\\"new-call\\": {\\"serialized\\": \\"Pass\\", \\"seat_pk\\": 75}, \\"tempo_seconds\\": 1.0, \\"hand_pk\\": 317, \\"time\\": 1738426318.8999655}"	2	2025-02-01 16:11:58.902433+00
48038	all-tables	message	"{\\"new-call\\": {\\"serialized\\": \\"Pass\\", \\"seat_pk\\": 75}, \\"tempo_seconds\\": 1.0, \\"hand_pk\\": 317, \\"time\\": 1738426318.8999655}"	7833	2025-02-01 16:11:58.911151+00
48039	system:player:11	message	"{\\"new-call\\": {\\"serialized\\": \\"Pass\\", \\"seat_pk\\": 75}, \\"tempo_seconds\\": 1.0, \\"hand_pk\\": 317, \\"time\\": 1738426318.8999655}"	750	2025-02-01 16:11:58.918371+00
48040	system:player:1	message	"{\\"new-call\\": {\\"serialized\\": \\"Pass\\", \\"seat_pk\\": 75}, \\"tempo_seconds\\": 1.0, \\"hand_pk\\": 317, \\"time\\": 1738426318.8999655}"	882	2025-02-01 16:11:58.925302+00
48041	system:player:26	message	"{\\"new-call\\": {\\"serialized\\": \\"Pass\\", \\"seat_pk\\": 75}, \\"tempo_seconds\\": 1.0, \\"hand_pk\\": 317, \\"time\\": 1738426318.8999655}"	750	2025-02-01 16:11:58.934153+00
48042	system:player:43	message	"{\\"new-call\\": {\\"serialized\\": \\"Pass\\", \\"seat_pk\\": 75}, \\"tempo_seconds\\": 1.0, \\"hand_pk\\": 317, \\"time\\": 1738426318.8999655}"	4	2025-02-01 16:11:58.942735+00
48069	hand:318	message	"{\\"new-call\\": {\\"serialized\\": \\"1\\\\u2666\\", \\"seat_pk\\": 80}, \\"tempo_seconds\\": 1.0, \\"hand_pk\\": 318, \\"time\\": 1738445632.225083}"	2	2025-02-01 21:33:52.229086+00
48070	all-tables	message	"{\\"new-call\\": {\\"serialized\\": \\"1\\\\u2666\\", \\"seat_pk\\": 80}, \\"tempo_seconds\\": 1.0, \\"hand_pk\\": 318, \\"time\\": 1738445632.225083}"	7837	2025-02-01 21:33:52.24102+00
48071	system:player:15	message	"{\\"new-call\\": {\\"serialized\\": \\"1\\\\u2666\\", \\"seat_pk\\": 80}, \\"tempo_seconds\\": 1.0, \\"hand_pk\\": 318, \\"time\\": 1738445632.225083}"	750	2025-02-01 21:33:52.253339+00
48072	system:player:46	message	"{\\"new-call\\": {\\"serialized\\": \\"1\\\\u2666\\", \\"seat_pk\\": 80}, \\"tempo_seconds\\": 1.0, \\"hand_pk\\": 318, \\"time\\": 1738445632.225083}"	3	2025-02-01 21:33:52.264434+00
48073	system:player:24	message	"{\\"new-call\\": {\\"serialized\\": \\"1\\\\u2666\\", \\"seat_pk\\": 80}, \\"tempo_seconds\\": 1.0, \\"hand_pk\\": 318, \\"time\\": 1738445632.225083}"	750	2025-02-01 21:33:52.273932+00
48074	system:player:33	message	"{\\"new-call\\": {\\"serialized\\": \\"1\\\\u2666\\", \\"seat_pk\\": 80}, \\"tempo_seconds\\": 1.0, \\"hand_pk\\": 318, \\"time\\": 1738445632.225083}"	749	2025-02-01 21:33:52.284279+00
48111	hand:318	message	"{\\"new-call\\": {\\"serialized\\": \\"Pass\\", \\"seat_pk\\": 79}, \\"tempo_seconds\\": 1.0, \\"hand_pk\\": 318, \\"time\\": 1738445657.2632802}"	9	2025-02-01 21:34:17.276761+00
48112	all-tables	message	"{\\"new-call\\": {\\"serialized\\": \\"Pass\\", \\"seat_pk\\": 79}, \\"tempo_seconds\\": 1.0, \\"hand_pk\\": 318, \\"time\\": 1738445657.2632802}"	7844	2025-02-01 21:34:17.302144+00
48113	system:player:15	message	"{\\"new-call\\": {\\"serialized\\": \\"Pass\\", \\"seat_pk\\": 79}, \\"tempo_seconds\\": 1.0, \\"hand_pk\\": 318, \\"time\\": 1738445657.2632802}"	757	2025-02-01 21:34:17.317904+00
48114	system:player:46	message	"{\\"new-call\\": {\\"serialized\\": \\"Pass\\", \\"seat_pk\\": 79}, \\"tempo_seconds\\": 1.0, \\"hand_pk\\": 318, \\"time\\": 1738445657.2632802}"	10	2025-02-01 21:34:17.337477+00
48115	system:player:24	message	"{\\"new-call\\": {\\"serialized\\": \\"Pass\\", \\"seat_pk\\": 79}, \\"tempo_seconds\\": 1.0, \\"hand_pk\\": 318, \\"time\\": 1738445657.2632802}"	757	2025-02-01 21:34:17.358529+00
48116	system:player:33	message	"{\\"new-call\\": {\\"serialized\\": \\"Pass\\", \\"seat_pk\\": 79}, \\"tempo_seconds\\": 1.0, \\"hand_pk\\": 318, \\"time\\": 1738445657.2632802}"	756	2025-02-01 21:34:17.378305+00
48043	hand:317	message	"{\\"new-call\\": {\\"serialized\\": \\"Pass\\", \\"seat_pk\\": 75}, \\"tempo_seconds\\": 1.0, \\"hand_pk\\": 317, \\"time\\": 1738426320.2404447}"	3	2025-02-01 16:12:00.246478+00
48044	all-tables	message	"{\\"new-call\\": {\\"serialized\\": \\"Pass\\", \\"seat_pk\\": 75}, \\"tempo_seconds\\": 1.0, \\"hand_pk\\": 317, \\"time\\": 1738426320.2404447}"	7834	2025-02-01 16:12:00.257578+00
48045	system:player:11	message	"{\\"new-call\\": {\\"serialized\\": \\"Pass\\", \\"seat_pk\\": 75}, \\"tempo_seconds\\": 1.0, \\"hand_pk\\": 317, \\"time\\": 1738426320.2404447}"	751	2025-02-01 16:12:00.272439+00
48046	system:player:1	message	"{\\"new-call\\": {\\"serialized\\": \\"Pass\\", \\"seat_pk\\": 75}, \\"tempo_seconds\\": 1.0, \\"hand_pk\\": 317, \\"time\\": 1738426320.2404447}"	883	2025-02-01 16:12:00.280674+00
48047	system:player:26	message	"{\\"new-call\\": {\\"serialized\\": \\"Pass\\", \\"seat_pk\\": 75}, \\"tempo_seconds\\": 1.0, \\"hand_pk\\": 317, \\"time\\": 1738426320.2404447}"	751	2025-02-01 16:12:00.302698+00
48048	system:player:43	message	"{\\"new-call\\": {\\"serialized\\": \\"Pass\\", \\"seat_pk\\": 75}, \\"tempo_seconds\\": 1.0, \\"hand_pk\\": 317, \\"time\\": 1738426320.2404447}"	5	2025-02-01 16:12:00.316908+00
48075	hand:318	message	"{\\"new-call\\": {\\"serialized\\": \\"Pass\\", \\"seat_pk\\": 79}, \\"tempo_seconds\\": 1.0, \\"hand_pk\\": 318, \\"time\\": 1738445633.5117126}"	3	2025-02-01 21:33:53.514485+00
48076	all-tables	message	"{\\"new-call\\": {\\"serialized\\": \\"Pass\\", \\"seat_pk\\": 79}, \\"tempo_seconds\\": 1.0, \\"hand_pk\\": 318, \\"time\\": 1738445633.5117126}"	7838	2025-02-01 21:33:53.525128+00
48077	system:player:15	message	"{\\"new-call\\": {\\"serialized\\": \\"Pass\\", \\"seat_pk\\": 79}, \\"tempo_seconds\\": 1.0, \\"hand_pk\\": 318, \\"time\\": 1738445633.5117126}"	751	2025-02-01 21:33:53.538787+00
48078	system:player:46	message	"{\\"new-call\\": {\\"serialized\\": \\"Pass\\", \\"seat_pk\\": 79}, \\"tempo_seconds\\": 1.0, \\"hand_pk\\": 318, \\"time\\": 1738445633.5117126}"	4	2025-02-01 21:33:53.56147+00
48079	system:player:24	message	"{\\"new-call\\": {\\"serialized\\": \\"Pass\\", \\"seat_pk\\": 79}, \\"tempo_seconds\\": 1.0, \\"hand_pk\\": 318, \\"time\\": 1738445633.5117126}"	751	2025-02-01 21:33:53.569972+00
48080	system:player:33	message	"{\\"new-call\\": {\\"serialized\\": \\"Pass\\", \\"seat_pk\\": 79}, \\"tempo_seconds\\": 1.0, \\"hand_pk\\": 318, \\"time\\": 1738445633.5117126}"	750	2025-02-01 21:33:53.577572+00
48117	hand:318	message	"{\\"new-call\\": {\\"serialized\\": \\"Pass\\", \\"seat_pk\\": 79}, \\"tempo_seconds\\": 1.0, \\"hand_pk\\": 318, \\"time\\": 1738445679.10708}"	10	2025-02-01 21:34:39.109783+00
48118	all-tables	message	"{\\"new-call\\": {\\"serialized\\": \\"Pass\\", \\"seat_pk\\": 79}, \\"tempo_seconds\\": 1.0, \\"hand_pk\\": 318, \\"time\\": 1738445679.10708}"	7845	2025-02-01 21:34:39.12235+00
48119	system:player:15	message	"{\\"new-call\\": {\\"serialized\\": \\"Pass\\", \\"seat_pk\\": 79}, \\"tempo_seconds\\": 1.0, \\"hand_pk\\": 318, \\"time\\": 1738445679.10708}"	758	2025-02-01 21:34:39.128372+00
48120	system:player:46	message	"{\\"new-call\\": {\\"serialized\\": \\"Pass\\", \\"seat_pk\\": 79}, \\"tempo_seconds\\": 1.0, \\"hand_pk\\": 318, \\"time\\": 1738445679.10708}"	11	2025-02-01 21:34:39.13768+00
48121	system:player:24	message	"{\\"new-call\\": {\\"serialized\\": \\"Pass\\", \\"seat_pk\\": 79}, \\"tempo_seconds\\": 1.0, \\"hand_pk\\": 318, \\"time\\": 1738445679.10708}"	758	2025-02-01 21:34:39.144504+00
48122	system:player:33	message	"{\\"new-call\\": {\\"serialized\\": \\"Pass\\", \\"seat_pk\\": 79}, \\"tempo_seconds\\": 1.0, \\"hand_pk\\": 318, \\"time\\": 1738445679.10708}"	757	2025-02-01 21:34:39.153369+00
48049	players:33_46			0	2025-02-01 21:31:31.100236+00
48050	players:33_46	message	"\\n      <div class=\\"chat-message-row\\">\\n        <div style=\\"display: inline; font-family: monospace;\\" class=\\"chat-message-timestamp\\">2025-02-01T21:31:31.089745+00:00</div>\\n        <div style=\\"display: inline;\\" class=\\"chat-message-sender-name\\">katie</div>\\n        <div style=\\"display: inline;\\" class=\\"chat-message-text\\">let&#x27;s win!!!</div>\\n      </div>\\n        "	1	2025-02-01 21:31:31.101236+00
48081	hand:318	message	"{\\"new-call\\": {\\"serialized\\": \\"Pass\\", \\"seat_pk\\": 79}, \\"tempo_seconds\\": 1.0, \\"hand_pk\\": 318, \\"time\\": 1738445634.9229147}"	4	2025-02-01 21:33:54.925892+00
48082	all-tables	message	"{\\"new-call\\": {\\"serialized\\": \\"Pass\\", \\"seat_pk\\": 79}, \\"tempo_seconds\\": 1.0, \\"hand_pk\\": 318, \\"time\\": 1738445634.9229147}"	7839	2025-02-01 21:33:54.935713+00
48083	system:player:15	message	"{\\"new-call\\": {\\"serialized\\": \\"Pass\\", \\"seat_pk\\": 79}, \\"tempo_seconds\\": 1.0, \\"hand_pk\\": 318, \\"time\\": 1738445634.9229147}"	752	2025-02-01 21:33:54.944195+00
48084	system:player:46	message	"{\\"new-call\\": {\\"serialized\\": \\"Pass\\", \\"seat_pk\\": 79}, \\"tempo_seconds\\": 1.0, \\"hand_pk\\": 318, \\"time\\": 1738445634.9229147}"	5	2025-02-01 21:33:54.954835+00
48085	system:player:24	message	"{\\"new-call\\": {\\"serialized\\": \\"Pass\\", \\"seat_pk\\": 79}, \\"tempo_seconds\\": 1.0, \\"hand_pk\\": 318, \\"time\\": 1738445634.9229147}"	752	2025-02-01 21:33:54.966489+00
48086	system:player:33	message	"{\\"new-call\\": {\\"serialized\\": \\"Pass\\", \\"seat_pk\\": 79}, \\"tempo_seconds\\": 1.0, \\"hand_pk\\": 318, \\"time\\": 1738445634.9229147}"	751	2025-02-01 21:33:54.976944+00
48123	hand:318	message	"{\\"new-call\\": {\\"serialized\\": \\"Double\\", \\"seat_pk\\": 81}, \\"tempo_seconds\\": 1.0, \\"hand_pk\\": 318, \\"time\\": 1738445680.312812}"	11	2025-02-01 21:34:40.315307+00
48124	all-tables	message	"{\\"new-call\\": {\\"serialized\\": \\"Double\\", \\"seat_pk\\": 81}, \\"tempo_seconds\\": 1.0, \\"hand_pk\\": 318, \\"time\\": 1738445680.312812}"	7846	2025-02-01 21:34:40.325837+00
48125	system:player:15	message	"{\\"new-call\\": {\\"serialized\\": \\"Double\\", \\"seat_pk\\": 81}, \\"tempo_seconds\\": 1.0, \\"hand_pk\\": 318, \\"time\\": 1738445680.312812}"	759	2025-02-01 21:34:40.334018+00
48126	system:player:46	message	"{\\"new-call\\": {\\"serialized\\": \\"Double\\", \\"seat_pk\\": 81}, \\"tempo_seconds\\": 1.0, \\"hand_pk\\": 318, \\"time\\": 1738445680.312812}"	12	2025-02-01 21:34:40.341738+00
48127	system:player:24	message	"{\\"new-call\\": {\\"serialized\\": \\"Double\\", \\"seat_pk\\": 81}, \\"tempo_seconds\\": 1.0, \\"hand_pk\\": 318, \\"time\\": 1738445680.312812}"	759	2025-02-01 21:34:40.348115+00
48128	system:player:33	message	"{\\"new-call\\": {\\"serialized\\": \\"Double\\", \\"seat_pk\\": 81}, \\"tempo_seconds\\": 1.0, \\"hand_pk\\": 318, \\"time\\": 1738445680.312812}"	758	2025-02-01 21:34:40.357624+00
\.


--
-- Data for Name: django_eventstream_eventcounter; Type: TABLE DATA; Schema: public; Owner: postgres
--

COPY public.django_eventstream_eventcounter (id, name, value, updated) FROM stdin;
143	hand:193	58	2025-01-17 17:56:13.157339+00
129	hand:166	5	2025-01-17 17:42:15.89528+00
59	hand:19	5	2025-01-17 17:00:31.492423+00
116	hand:128	5	2025-01-17 17:36:16.087479+00
202	hand:273	5	2025-01-19 17:56:31.918344+00
147	hand:202	63	2025-01-17 18:01:14.120846+00
180	hand:238	59	2025-01-17 18:37:18.04886+00
214	table:16	1	2025-01-24 18:42:54.494121+00
190	hand:251	65	2025-01-17 18:48:17.244282+00
156	hand:213	5	2025-01-17 18:02:18.190849+00
189	hand:250	87	2025-01-17 18:50:11.478189+00
151	hand:206	64	2025-01-17 18:06:24.119728+00
171	hand:228	59	2025-01-17 18:28:17.408051+00
216	system:player:41	1	2025-01-24 18:42:54.707121+00
194	hand:255	5	2025-01-17 18:48:24.503936+00
70	hand:6	64	2025-01-17 17:24:28.364239+00
144	hand:199	59	2025-01-17 18:01:17.797369+00
169	hand:226	58	2025-01-17 18:25:28.619178+00
139	hand:185	71	2025-01-17 17:52:22.605388+00
153	hand:208	59	2025-01-17 18:07:23.229757+00
66	hand:33	71	2025-01-17 17:05:48.428506+00
224	hand:316	65	2025-01-27 00:05:46.086899+00
167	hand:225	58	2025-01-17 18:24:30.893855+00
150	hand:205	5	2025-01-17 17:53:36.853129+00
56	hand:13	65	2025-01-17 16:59:10.367942+00
174	hand:232	68	2025-01-17 18:32:31.551373+00
164	hand:221	67	2025-01-17 18:22:27.263795+00
175	hand:233	5	2025-01-17 18:23:37.557041+00
188	hand:249	5	2025-01-17 18:37:33.10124+00
192	hand:253	69	2025-01-17 18:54:22.923126+00
193	hand:254	67	2025-01-17 18:52:19.960837+00
186	hand:247	75	2025-01-17 18:47:42.062777+00
221	hand:314	1	2025-01-25 14:18:48.304397+00
155	hand:210	63	2025-01-17 18:11:32.711523+00
166	hand:223	60	2025-01-17 18:23:47.658268+00
149	hand:204	60	2025-01-17 18:01:43.080916+00
146	hand:201	5	2025-01-17 17:48:46.278019+00
172	hand:229	5	2025-01-17 18:20:27.645713+00
76	hand:39	58	2025-01-17 17:24:33.074142+00
40	system:player:35	622	2025-01-17 18:20:27.731961+00
157	hand:215	5	2025-01-17 18:02:45.950847+00
160	hand:218	59	2025-01-17 18:14:39.565632+00
225	table:20	1	2025-02-01 01:34:35.0946+00
41	system:player:17	622	2025-01-17 18:20:27.797003+00
154	hand:209	65	2025-01-17 18:09:53.156903+00
42	system:player:12	622	2025-01-17 18:20:27.811181+00
43	system:player:7	622	2025-01-17 18:20:27.882843+00
181	hand:239	73	2025-01-17 18:42:39.599259+00
183	hand:243	5	2025-01-17 18:33:38.210188+00
230	hand:318	16	2025-02-01 21:34:58.550892+00
8	all-tables	7851	2025-02-01 21:34:58.560093+00
152	hand:207	5	2025-01-17 17:54:46.445341+00
141	hand:187	69	2025-01-17 17:52:57.824509+00
197	hand:260	68	2025-01-17 18:56:16.130511+00
161	hand:219	61	2025-01-17 18:17:47.63138+00
91	hand:71	64	2025-01-17 17:31:08.644501+00
184	hand:244	63	2025-01-17 18:45:03.64577+00
115	hand:124	58	2025-01-17 17:39:13.798803+00
30	system:player:21	973	2025-01-17 18:56:16.141094+00
31	system:player:19	973	2025-01-17 18:56:16.146465+00
179	hand:237	65	2025-01-17 18:36:51.732278+00
165	hand:222	5	2025-01-17 18:12:42.039176+00
79	hand:44	64	2025-01-17 17:29:10.889509+00
14	table:3	16	2025-01-17 18:33:49.972909+00
215	system:player:43	5	2025-02-01 16:12:00.317951+00
1	lobby	28	2025-02-01 21:32:21.965991+00
196	hand:257	61	2025-01-17 18:54:39.405137+00
2	partnerships	35	2025-02-01 21:32:21.981956+00
176	hand:235	60	2025-01-17 18:33:57.243888+00
162	hand:214	61	2025-01-17 18:21:01.878781+00
88	hand:66	5	2025-01-17 17:25:26.003495+00
3	table:1	16	2025-01-17 17:28:49.553811+00
195	hand:256	60	2025-01-17 18:53:43.31099+00
123	hand:149	66	2025-01-17 17:43:19.319923+00
122	hand:145	68	2025-01-17 17:43:19.345755+00
198	hand:10	7	2025-01-19 17:55:19.23409+00
209	hand:298	65	2025-01-19 18:00:26.291602+00
208	hand:294	62	2025-01-19 17:59:45.431529+00
84	hand:53	60	2025-01-17 17:28:53.898859+00
206	hand:287	81	2025-01-19 17:58:44.292901+00
210	hand:301	5	2025-01-19 18:00:32.100397+00
127	hand:161	62	2025-01-17 17:45:16.210494+00
213	hand:309	5	2025-01-19 18:01:39.617964+00
50	system:player:10	750	2025-01-19 18:01:39.637839+00
54	hand:1	60	2025-01-17 16:57:39.943039+00
204	hand:280	58	2025-01-19 17:57:33.77292+00
103	hand:99	61	2025-01-17 17:35:37.272427+00
55	hand:11	58	2025-01-17 16:59:00.906519+00
222	table:18	2	2025-01-27 00:03:48.570197+00
168	hand:224	5	2025-01-17 18:15:05.953564+00
217	players:44_44	1	2025-01-25 13:53:40.069641+00
60	hand:20	5	2025-01-17 17:00:38.490548+00
187	hand:248	5	2025-01-17 18:36:06.109784+00
74	hand:9	5	2025-01-17 17:20:22.962763+00
173	hand:231	5	2025-01-17 18:20:16.061098+00
6	system:player:33	763	2025-02-01 21:34:58.590835+00
182	hand:241	61	2025-01-17 18:43:15.565574+00
61	hand:24	5	2025-01-17 17:00:45.832657+00
4	system:player:38	878	2025-01-27 00:05:46.104729+00
5	system:player:32	877	2025-01-27 00:05:46.12108+00
158	hand:216	59	2025-01-17 18:13:38.848758+00
163	hand:220	60	2025-01-17 18:18:41.710775+00
93	hand:72	5	2025-01-17 17:29:09.619965+00
226	hand:317	3	2025-02-01 16:12:00.248773+00
185	hand:245	58	2025-01-17 18:44:30.198132+00
7	system:player:1	883	2025-02-01 16:12:00.281899+00
83	hand:52	58	2025-01-17 17:28:43.266163+00
191	hand:252	60	2025-01-17 18:47:32.369558+00
170	hand:227	65	2025-01-17 18:26:40.206388+00
26	system:player:9	857	2025-01-17 18:54:39.486003+00
145	hand:197	63	2025-01-17 18:05:59.642473+00
27	system:player:3	857	2025-01-17 18:54:39.49648+00
28	system:player:8	857	2025-01-17 18:54:39.558856+00
112	hand:120	59	2025-01-17 17:39:08.153893+00
148	hand:203	60	2025-01-17 18:00:51.475101+00
77	hand:40	65	2025-01-17 17:26:34.443633+00
177	hand:234	65	2025-01-17 18:34:56.447572+00
63	hand:26	5	2025-01-17 17:00:53.510542+00
119	hand:135	59	2025-01-17 17:41:08.135687+00
212	hand:305	58	2025-01-19 18:01:35.612115+00
49	table:10	16	2025-01-19 18:01:36.373805+00
82	hand:50	61	2025-01-17 17:28:53.897507+00
211	hand:304	63	2025-01-19 18:01:06.630316+00
20	system:player:16	806	2025-01-17 18:53:43.357044+00
21	system:player:30	806	2025-01-17 18:53:43.399786+00
22	system:player:5	806	2025-01-17 18:53:43.409587+00
23	system:player:13	806	2025-01-17 18:53:43.47896+00
80	hand:45	68	2025-01-17 17:29:22.348714+00
200	hand:265	5	2025-01-19 17:55:51.789857+00
107	hand:103	5	2025-01-17 17:35:23.716055+00
75	hand:2	69	2025-01-17 17:24:52.904186+00
205	hand:284	63	2025-01-19 17:58:06.953631+00
86	hand:59	5	2025-01-17 17:25:00.185891+00
96	hand:79	62	2025-01-17 17:33:32.401056+00
100	hand:90	5	2025-01-17 17:31:43.471766+00
113	hand:121	61	2025-01-17 17:39:30.760788+00
109	hand:110	58	2025-01-17 17:37:30.409331+00
15	system:player:37	740	2025-01-17 18:45:03.793031+00
16	system:player:34	740	2025-01-17 18:45:03.828935+00
17	system:player:23	740	2025-01-17 18:45:03.874692+00
18	system:player:22	740	2025-01-17 18:45:03.911691+00
34	table:7	16	2025-01-17 18:37:30.277815+00
24	table:5	16	2025-01-17 18:50:20.110359+00
19	table:4	16	2025-01-17 18:48:32.367206+00
29	table:6	16	2025-01-17 18:54:27.009164+00
218	players:1_44	1	2025-01-25 14:12:31.831132+00
227	players:33_46	2	2025-02-01 21:32:15.153363+00
106	hand:104	61	2025-01-17 17:37:36.839249+00
67	hand:36	60	2025-01-17 17:24:13.405426+00
178	hand:236	61	2025-01-17 18:34:44.846114+00
159	hand:217	58	2025-01-17 18:13:48.759197+00
71	hand:4	61	2025-01-17 17:24:17.947101+00
223	hand:315	65	2025-01-26 20:21:48.470443+00
39	table:8	16	2025-01-17 18:18:52.830508+00
104	hand:102	62	2025-01-17 17:35:49.129316+00
117	hand:131	64	2025-01-17 17:40:13.101127+00
69	hand:8	5	2025-01-17 17:20:23.105988+00
135	hand:178	5	2025-01-17 17:43:41.53602+00
110	hand:112	63	2025-01-17 17:38:14.970504+00
137	hand:182	5	2025-01-17 17:43:43.055068+00
199	hand:261	60	2025-01-19 17:55:48.372784+00
131	hand:169	5	2025-01-17 17:42:22.62031+00
128	hand:162	5	2025-01-17 17:41:51.852203+00
62	hand:25	59	2025-01-17 17:02:11.347506+00
78	hand:42	61	2025-01-17 17:24:42.474625+00
90	hand:70	67	2025-01-17 17:29:56.356543+00
121	hand:141	59	2025-01-17 17:41:55.171044+00
201	hand:269	70	2025-01-19 17:56:27.527286+00
81	hand:49	58	2025-01-17 17:29:57.901066+00
85	hand:57	61	2025-01-17 17:29:58.564632+00
111	hand:116	63	2025-01-17 17:38:19.683372+00
108	hand:108	5	2025-01-17 17:34:22.625315+00
125	hand:157	58	2025-01-17 17:44:21.527598+00
65	hand:29	67	2025-01-17 17:02:24.085365+00
57	hand:15	64	2025-01-17 17:00:13.706634+00
130	hand:165	65	2025-01-17 17:45:59.911838+00
97	hand:82	73	2025-01-17 17:33:59.241294+00
87	hand:61	5	2025-01-17 17:24:58.364729+00
58	hand:17	73	2025-01-17 17:00:16.426652+00
134	hand:177	61	2025-01-17 17:46:30.13391+00
95	hand:75	86	2025-01-17 17:34:26.914806+00
64	hand:31	68	2025-01-17 17:02:42.425727+00
219	table:17	1	2025-01-25 14:18:21.385158+00
94	hand:74	67	2025-01-17 17:33:29.826744+00
220	system:player:44	134	2025-01-27 00:05:46.1299+00
10	system:player:11	751	2025-02-01 16:12:00.273181+00
118	hand:133	66	2025-01-17 17:41:30.39664+00
12	system:player:26	751	2025-02-01 16:12:00.305415+00
228	table:21	1	2025-02-01 21:32:26.472379+00
136	hand:180	5	2025-01-17 17:43:41.899071+00
32	system:player:31	973	2025-01-17 18:56:16.154909+00
35	system:player:2	769	2025-01-17 18:48:17.393084+00
36	system:player:40	769	2025-01-17 18:48:17.40812+00
37	system:player:29	769	2025-01-17 18:48:17.475767+00
38	system:player:20	769	2025-01-17 18:48:17.483937+00
89	hand:69	61	2025-01-17 17:29:46.847505+00
33	system:player:36	973	2025-01-17 18:56:16.178221+00
92	hand:65	69	2025-01-17 17:32:08.649353+00
45	system:player:4	838	2025-01-17 18:52:20.030488+00
46	system:player:25	838	2025-01-17 18:52:20.042829+00
47	system:player:27	838	2025-01-17 18:52:20.056543+00
48	system:player:28	838	2025-01-17 18:52:20.110711+00
11	system:player:15	764	2025-02-01 21:34:58.568598+00
98	hand:86	5	2025-01-17 17:30:11.965145+00
229	system:player:46	17	2025-02-01 21:34:58.575883+00
13	system:player:24	764	2025-02-01 21:34:58.582208+00
133	hand:173	71	2025-01-17 17:47:24.359006+00
25	system:player:14	857	2025-01-17 18:54:39.475347+00
140	hand:186	58	2025-01-17 17:49:35.091905+00
102	hand:100	5	2025-01-17 17:32:09.461567+00
68	hand:3	59	2025-01-17 17:24:05.613753+00
99	hand:91	64	2025-01-17 17:33:55.366224+00
142	hand:191	62	2025-01-17 17:58:35.495668+00
72	hand:7	58	2025-01-17 17:24:05.665917+00
114	hand:123	59	2025-01-17 17:40:18.252057+00
138	hand:183	58	2025-01-17 17:48:33.414948+00
44	table:9	16	2025-01-17 18:44:42.118546+00
105	hand:101	62	2025-01-17 17:35:52.724217+00
124	hand:153	61	2025-01-17 17:44:01.391514+00
9	table:2	16	2025-01-17 18:34:56.144519+00
207	hand:291	62	2025-01-19 17:59:15.754253+00
126	hand:158	66	2025-01-17 17:46:18.573373+00
73	hand:5	58	2025-01-17 17:24:10.456951+00
120	hand:139	60	2025-01-17 17:41:51.683772+00
101	hand:95	71	2025-01-17 17:34:35.185822+00
203	hand:277	65	2025-01-19 17:57:05.978585+00
51	system:player:39	750	2025-01-19 18:01:39.648573+00
52	system:player:18	750	2025-01-19 18:01:39.66536+00
53	system:player:6	750	2025-01-19 18:01:39.67492+00
132	hand:168	5	2025-01-17 17:42:33.389261+00
\.


--
-- Data for Name: django_migrations; Type: TABLE DATA; Schema: public; Owner: postgres
--

COPY public.django_migrations (id, app, name, applied) FROM stdin;
1	contenttypes	0001_initial	2025-01-17 15:54:58.796967+00
2	auth	0001_initial	2025-01-17 15:54:58.904706+00
3	admin	0001_initial	2025-01-17 15:54:58.958908+00
4	admin	0002_logentry_remove_auto_add	2025-01-17 15:54:58.977252+00
5	admin	0003_logentry_add_action_flag_choices	2025-01-17 15:54:58.99847+00
6	contenttypes	0002_remove_content_type_name	2025-01-17 15:54:59.042266+00
7	auth	0002_alter_permission_name_max_length	2025-01-17 15:54:59.057988+00
8	auth	0003_alter_user_email_max_length	2025-01-17 15:54:59.077789+00
9	auth	0004_alter_user_username_opts	2025-01-17 15:54:59.09643+00
10	auth	0005_alter_user_last_login_null	2025-01-17 15:54:59.120138+00
11	auth	0006_require_contenttypes_0002	2025-01-17 15:54:59.124043+00
12	auth	0007_alter_validators_add_error_messages	2025-01-17 15:54:59.142215+00
13	auth	0008_alter_user_username_max_length	2025-01-17 15:54:59.161686+00
14	auth	0009_alter_user_last_name_max_length	2025-01-17 15:54:59.190114+00
15	auth	0010_alter_group_name_max_length	2025-01-17 15:54:59.210239+00
16	auth	0011_update_proxy_permissions	2025-01-17 15:54:59.228586+00
17	auth	0012_alter_user_first_name_max_length	2025-01-17 15:54:59.247089+00
18	app	0001_initial	2025-01-17 15:54:59.41628+00
19	app	0002_remove_seat_app_seat_direction_valid_and_more	2025-01-17 15:54:59.55423+00
20	app	0003_alter_player_partner_delete_call	2025-01-17 15:54:59.579653+00
21	app	0004_lobbymessage	2025-01-17 15:54:59.614516+00
22	app	0005_playermessage	2025-01-17 15:54:59.666583+00
23	app	0006_remove_playermessage_from_player_and_more	2025-01-17 15:54:59.831848+00
24	app	0007_lobby_remove_message_player_recipient_and_more	2025-01-17 15:55:00.099879+00
25	app	0008_remove_seat_no_more_than_one_player_per_table_and_more	2025-01-17 15:55:00.246028+00
26	app	0009_alter_seat_options	2025-01-17 15:55:00.32596+00
27	app	0010_player_app_player_cant_be_own_partner	2025-01-17 15:55:00.3547+00
28	app	0011_board	2025-01-17 15:55:00.410859+00
29	app	0012_remove_board_cards_board_east_cards_and_more	2025-01-17 15:55:00.470206+00
30	app	0013_handrecord_call_play	2025-01-17 15:55:00.69241+00
31	app	0014_remove_handrecord_seat_handrecord_table_and_more	2025-01-17 15:55:00.797646+00
32	app	0015_remove_board_table_handrecord_board	2025-01-17 15:55:00.879806+00
33	app	0016_usermitplaya	2025-01-17 15:55:00.916784+00
34	app	0017_player_is_human	2025-01-17 15:55:00.945329+00
35	app	0018_play_app_play_a_card_can_be_played_only_once	2025-01-17 15:55:00.957687+00
36	app	0019_alter_seat_player	2025-01-17 15:55:01.005106+00
37	app	0020_play_won_its_trick	2025-01-17 15:55:01.053178+00
38	app	0021_rename_handrecord_handaction	2025-01-17 15:55:01.301147+00
39	app	0022_rename_handaction_hand	2025-01-17 15:55:01.387555+00
40	app	0023_remove_player_is_human_and_more	2025-01-17 15:55:01.580809+00
41	app	0024_alter_hand_board_alter_seat_player	2025-01-17 15:55:01.758464+00
42	app	0025_hand_open_access	2025-01-17 15:55:01.779952+00
43	app	0026_alter_hand_open_access	2025-01-17 15:55:01.80256+00
44	app	0027_remove_play_won_its_trick	2025-01-17 15:55:01.814065+00
45	app	0028_remove_seat_app_seat_direction_valid_and_more	2025-01-17 15:55:01.867159+00
46	app	0029_table_tempo_seconds	2025-01-17 15:55:01.877921+00
47	app	0030_board_number	2025-01-17 15:55:01.889216+00
48	app	0031_auto_20241106_1511	2025-01-17 15:55:01.993956+00
49	app	0032_alter_board_number	2025-01-17 15:55:02.044674+00
50	app	0033_player_currently_seated	2025-01-17 15:55:02.088497+00
51	app	0034_auto_20241118_1952	2025-01-17 15:55:02.171586+00
52	app	0035_remove_seat_app_seat_no_more_than_one_seat_per_player	2025-01-17 15:55:02.212247+00
53	app	0033_tournament_remove_board_number_board_tournament	2025-01-17 15:55:02.27833+00
54	app	0034_backfill_tournaments	2025-01-17 15:55:02.327138+00
55	app	0035_alter_board_tournament	2025-01-17 15:55:02.375529+00
56	app	0036_merge_20241119_0336	2025-01-17 15:55:02.377775+00
57	app	0037_alter_table_tempo_seconds	2025-01-17 15:55:02.38586+00
58	app	0038_alter_table_tempo_seconds	2025-01-17 15:55:02.397935+00
59	app	0039_remove_player_allow_bot_to_play_for_me_botplayer	2025-01-17 15:55:02.488583+00
60	app	0040_board_dealer_letter_seat_direction_letter	2025-01-17 15:55:02.52154+00
61	app	0041_auto_20250113_1941	2025-01-17 15:55:02.578028+00
62	app	0042_board_app_board_dealer_must_be_compass_letter_and_more	2025-01-17 15:55:02.618716+00
63	app	0043_remove_board_app_board_dealer_must_be_compass_letter_and_more	2025-01-17 15:55:02.636232+00
64	app	0044_alter_seat_options_and_more	2025-01-17 15:55:03.101095+00
65	app	0045_hand_app_hand_a_board_can_be_played_only_once_at_a_given_table	2025-01-17 15:55:03.132475+00
66	django_eventstream	0001_initial	2025-01-17 15:55:03.183316+00
67	sessions	0001_initial	2025-01-17 15:55:03.202781+00
68	app	0046_player_boards_played	2025-01-19 02:23:09.698238+00
69	app	0047_auto_20250119_0005	2025-01-19 02:23:12.254785+00
70	app	0048_alter_botplayer_player	2025-01-19 02:23:12.323661+00
71	app	0049_alter_botplayer_player	2025-01-19 02:23:12.38401+00
72	app	0050_board_display_number	2025-01-19 17:52:41.217568+00
73	app	0051_auto_20250119_1709	2025-01-19 17:52:41.28495+00
74	app	0052_alter_board_display_number	2025-01-19 17:52:41.317927+00
75	app	0053_tournament_is_complete	2025-01-21 14:31:40.460879+00
76	app	0054_table_tournament	2025-01-24 18:41:05.872605+00
77	app	0055_auto_20250123_2237	2025-01-24 18:41:05.963838+00
78	app	0056_alter_table_tournament	2025-01-24 18:41:06.019196+00
79	app	0057_alter_seat_player	2025-01-25 15:05:23.500524+00
80	app	0058_player_synthetic	2025-01-26 23:54:40.790589+00
81	app	0059_player_allow_bot_to_play_for_me_delete_botplayer	2025-02-01 21:18:29.492433+00
82	app	0060_auto_20250201_1715	2025-02-01 21:18:29.538524+00
83	app	0061_player_synthetic_players_must_allow_bot_to_play_for_them	2025-02-01 21:18:29.567375+00
\.


--
-- Data for Name: django_session; Type: TABLE DATA; Schema: public; Owner: postgres
--

COPY public.django_session (session_key, session_data, expire_date) FROM stdin;
1rh5va6a5ub3hc0102hviz6qtet4yhd2	.eJxVjMsOgjAUBf-la9NwKS3WpXu-obkvLGpKQmFl_HclYaHbMzPnZRJua05b1SVNYi4GzOl3I-SHlh3IHctttjyXdZnI7oo9aLXDLPq8Hu7fQcaav3UbVRHP4nxD1LBC76BHL4KE4MYOA3kfVBXGyEjsXQwA0EqnTKzRvD8P5zk3:1tYpdX:8mWA5l3XosQeTLs_LeDR4GGMkRuVKwHNExYg7bEg5pE	2025-01-31 16:55:59.474354+00
f2dvk70ir2ygsosf0r8rofixn5vqgi06	.eJxVjMsOgjAUBf-la9NwKS3WpXu-obkvBDVtQmFl_HclYaHbMzPnZRJu65S2qkuaxVyM683pdyTkh-adyB3zrVgueV1msrtiD1rtUESf18P9O5iwTt-6jaqIZ3G-IWpYoXfQoxdBQnBjh4G8D6oKY2Qk9i4GAGilUybWaN4fOKI5cA:1tZLwG:hi8Szditchj8HE_rDV4Rn_ls0-1wvya4IkyxwCp45ZE	2025-02-02 03:25:28.534858+00
7nnju76uw1d5g57qxx7dxvw5ta02evow	.eJxVjMsOgjAUBf-la9NwKS3UpXu_obkvLGpKQmFl_HclYaHbMzPnZRJua05b1SVNYs7GDeb0OxLyQ8tO5I7lNluey7pMZHfFHrTa6yz6vBzu30HGmr91G1URB3G-IWpYoXfQoxdBQnBjh4G8D6oKY2Qk9i4GAGilUybWaN4fOTs5cQ:1tYpdh:e3rUjwuYRXm1q1zZ5zZzfjjG1muoyTd1vo-F-y-Qsk0	2025-01-31 16:56:09.110546+00
h6go0r3fp6kr2m6ee014pbsgojtu6btv	.eJxVjMsOgjAUBf-la9NwW1qsS_d8Q3NfWNRAQmFl_HclYaHbMzPnZTJua8lb1SWPYi7GO3P6HQn5odNO5I7TbbY8T-sykt0Ve9Bq-1n0eT3cv4OCtXxrl1QRz-JDQ9SwQuehwyCChOCHFiOFEFUVhsRIHHyKAOCkVSbWZN4fNaU5aw:1tYpdm:iNJwdGLVMab193b-Faw5n6rMQN-qb8F2JhPxHMlBqto	2025-01-31 16:56:14.041613+00
v8tnzg6ijhtnikffxk7of87vb14g9a8r	.eJxVjMsOgjAUBf-la9NwKS3WpXu-obkvLGpKQmFl_HclYaHbMzPnZRJua05b1SVNYi7GOXP6HQn5oWUncsdymy3PZV0msrtiD1rtMIs-r4f7d5Cx5m_dRlXEszjfEDWs0Dvo0YsgIbixw0DeB1WFMTISexcDALTSKRNrNO8PNj45bA:1tYpdq:5DxdLLgav9dQzYVNQraLFh702mhhO4yyis9xv54_lqc	2025-01-31 16:56:18.935527+00
24pv3qswxkzuvlkbqvicxiwbm462m7wg	.eJxVjMsOgjAUBf-la9NwKS3UpXu_obkvLGpKQmFl_HclYaHbMzPnZRJua05b1SVNYs5mMKffjZAfWnYgdyy32fJc1mUiuyv2oNVeZ9Hn5XD_DjLW_K3bqIo4iPMNUcMKvYMevQgSghs7DOR9UFUYIyOxdzEAQCudMrFG8_4AFBY5Pg:1tYq0s:sI3jzjpNLu4YA7plz01WoiNF3wEd5nv13B4-ZLc4KOU	2025-01-31 17:20:06.169353+00
by8nxvl545nvcd5r2zmf419w7qyvadtv	.eJxVjEsKwjAUAO-StYS-pEmNS_eeIbxfTVVaaNqVeHcJdKHbmWHeJuO-lbxXXfMk5mKcM6dfSMhPnZuRB873xfIyb-tEtiX2sNXeFtHX9Wj_BgVrad-kingWHzqijhUGDwMGESQEP_YYKYSoqjAmRuLgUwQAJ70ysSbz-QI1Czlq:1tYq0s:nmNxyx59zRUI8DDdmtZ3gGT5ENQ0bXaUF-k2q-vjs0c	2025-01-31 17:20:06.172037+00
0j9fc9ibjdop1556ya60n5pgua433490	.eJxVjMsOgjAUBf-la9NwKS3WpXu-obkvLGpKQmFl_HclYaHbMzPnZRJua05b1SVNYi7GOXP6HQn5oWUncsdymy3PZV0msrtiD1rtMIs-r4f7d5Cx5m_dRlXEszjfEDWs0Dvo0YsgIbixw0DeB1WFMTISexcDALTSKRNrNO8PNj45bA:1tYq0s:AGbHN2QeIG7DFoImP_EbRxNv3zS7NGjXLndbLfEFB4k	2025-01-31 17:20:06.174984+00
l4psv8f0r01mijvosg75w5qly7bue63o	.eJxVjEsOgjAUAO_StWl4lBbr0j1nIO-HRU2bUFgZ724wLHQ7M5mXGXFb07hVXcZZzMW00Zx-ISE_NO9G7phvxXLJ6zKT3RN72GqHIvq8Hu3fIGFN368q4lmcb4gaVugd9OhFkBDc1GEg74OqwhQZib2LAQBa6ZSJNZr3Bzk6OXE:1tYq0s:GMbz_e8XpRBZ8pIJUA2DNo9OzFeeSLYjEqyxV88-eqw	2025-01-31 17:20:06.177133+00
gss7ozc2wc36adknckhh8vsgbk7c1hrx	.eJxVjMsOgjAUBf-la9NwKW2tS_d8Q3NfWNRAQmFl_HclYaHbMzPnZTJua8lb1SWPYi4mmtPvRsgPnXYgd5xus-V5WpeR7K7Yg1bbz6LP6-H-HRSs5Vu3SRXxLM43RA0rRAcRvQgSghs6DOR9UFUYEiOxdykAQCudMrEm8_4AE305PQ:1tYq0s:N4Gq-ysMdkXtoJ2bV41N93olIY1pf0GthZ7d3ojJE8s	2025-01-31 17:20:06.179093+00
fbkyvbpr7ff679o0iwcqtw29lqbxlozu	.eJxVjMsOgjAUBf-la9P0UlqsS_d8Q3NfWNRAQmFl_HclYaHbMzPnZTJua8lb1SWPYi4GnDn9joT80GkncsfpNluep3UZye6KPWi1_Sz6vB7u30HBWr51k1QRz-KDI3Ks0HnoMIggIfihxUghRFWFITESB58iADTSKhNrMu8PMz85Zw:1tYq0s:_O_ycWEnDxtnAVqFkFnVKt3QLv9EgaRRwM-t6YekHt8	2025-01-31 17:20:06.182628+00
9clodxxngvrgybni1s4d6vj154adit11	.eJxVjMsOgjAUBf-la9NwW1qsS_d8Q3NfWNRAQmFl_HclYaHbMzPnZTJua8lb1SWPYi4GnDn9joT80GkncsfpNluep3UZye6KPWi1_Sz6vB7u30HBWr61S6qIZ_GhIWpYofPQYRBBQvBDi5FCiKoKQ2IkDj5FAHDSKhNrMu8PNHE5aQ:1tYq0s:8vsOi3imwmr7oPs3itPoJcvg14ebhPK0v_Vt1DvqSHc	2025-01-31 17:20:06.184941+00
c6ibyrkbvnb42nql17bo26ha9tpvtq5s	.eJxVjEsKwjAUAO-StYS8pkmNS_eeobxfTVVSaNqVeHcJdKHbmWHeZsR9y-NedR1nMRfTOXP6hYT81NKMPLDcF8tL2daZbEvsYau9LaKv69H-DTLW3L5JFfEsPjgixwqDhwGDCBKCn3qMFEJUVZgSI3HwKQJAJ70ysSbz-QIz2Tlo:1tYq0s:eRn21GX2bp_xutcK_ZBz1wXcHzh3Bm8t1dKe6sSKM2I	2025-01-31 17:20:06.187454+00
4yquklf5rgrae53l68ek0io3kk2kj1e6	.eJxVjMsOgjAUBf-la9NwKS3WpXu-obkvLGpKQmFl_HclYaHbMzPnZRJua05b1SVNYi4GwJx-R0J-aNmJ3LHcZstzWZeJ7K7Yg1Y7zKLP6-H-HWSs-Vu3URXxLM43RA0r9A569CJICG7sMJD3QVVhjIzE3sUAAK10ysQazfsDM9g5aA:1tYq0s:lUxgYgw4uNfJJE3OsMiNxBpYlXV-dP1H9izK5EDk5lY	2025-01-31 17:20:06.189342+00
co99h90w4fnrap918q7oppc7d0i5oupd	.eJxVjMsOgjAUBf-la9NwKS3WpXu-obkvLGpKQmFl_HclYaHbMzPnZRJua05b1SVNYi7Gm9PvRsgPLTuQO5bbbHku6zKR3RV70GqHWfR5Pdy_g4w1f-s2qiKexfmGqGGF3kGPXgQJwY0dBvI-qCqMkZHYuxgAoJVOmVijeX8AEks5Ow:1tYq0s:dZR_eU-9AN65HnBx9Rcf5jfeORCw8Yug_UYL2qb53UI	2025-01-31 17:20:06.193368+00
x996v0t5xnuyz9kd370yyugogkwchelb	.eJxVjMsOgjAUBf-la9Nw6QPr0j3f0NwXFjWQUFgZ_11JWOj2zMx5mYzbWvJWdcmjmItx3px-R0J-6LQTueN0my3P07qMZHfFHrTafhZ9Xg_376BgLd-6TaqIZ3GhIWpYoXPQYRBBQnCDx0ghRFWFITESB5ciALTilYk1mfcHNtc5bQ:1tYq0s:6s3bjzJsvidvPnaMlWi3LKDd2xba_2Ms-Pbtu5JcGOc	2025-01-31 17:20:06.195281+00
fle309mgo97633wg36jvy22bwkxtim0s	.eJxVjEsOgjAUAO_StWl4lBbq0j1nIO-HRQ1NKKyMdzdNWOh2ZjJvM-Gxp-kouk2LmKtpB3P5hYT81LUaeeB6z5bzum8L2ZrY0xY7ZtHX7Wz_BglLqt-oijiI8w1Rwwq9gx69CBKCmzsM5H1QVZgjI7F3MQBAK50ysUbz-QI4oTlw:1tYq0s:6E8G8RvenC8jgt4d88quvZbvwjegRKXMJ-zHbwJ1mwA	2025-01-31 17:20:06.197745+00
qku3eftjfiqw0uamyypiia7qgpr5nalj	.eJxVjMsOgjAUBf-la9NwKS3WpXu-obkvLGpKQmFl_HclYaHbMzPnZRJua05b1SVNYi4GvDn9joT80LITuWO5zZbnsi4T2V2xB612mEWf18P9O8hY87duoyriWZxviBpW6B306EWQENzYYSDvg6rCGBmJvYsBAFrplIk1mvcHNjw5bA:1tYq0s:FLsKDo7SCvk8K6LfCAuxqenFChONENJsgFwr6L5V9CY	2025-01-31 17:20:06.205331+00
ot1vnbnrnhkafhgeq025zgyegcclgy9h	.eJxVjMsOgjAUBf-la9NwKS3WpXu-obkvLGpKQmFl_HclYaHbMzPnZRJua05b1SVNYi4mmtPvRsgPLTuQO5bbbHku6zKR3RV70GqHWfR5Pdy_g4w1f-s2qiKexfmGqGGF3kGPXgQJwY0dBvI-qCqMkZHYuxgAoJVOmVijeX8AFK85Pw:1tYq0s:E2d2_TyC2msh3NUsrxu_0oQhfH4v5ICOMCaj8jdddPo	2025-01-31 17:20:06.210924+00
kbiorrii7w105hlbobv99s67sogo78wj	.eJxVjMsOgjAUBf-la9NwKS3WpXu-obkvLGpKQmFl_HclYaHbMzPnZRJua05b1SVNYi4Gojn9joT80LITuWO5zZbnsi4T2V2xB612mEWf18P9O8hY87duoyriWZxviBpW6B306EWQENzYYSDvg6rCGBmJvYsBAFrplIk1mvcHOKA5cA:1tYq0s:TOBORDf2RdvCXfT38NNO3rY9pth5ox3VtN6c_azTmd4	2025-01-31 17:20:06.222301+00
xjxq27c46r98a6d7ocvuiq9tn2k9g2cz	.eJxVjMsOgjAUBf-la9NwKS3WpXu-obkvLGpKQmFl_HclYaHbMzPnZRJua05b1SVNYi7GmdPvRsgPLTuQO5bbbHku6zKR3RV70GqHWfR5Pdy_g4w1f-s2qiKexfmGqGGF3kGPXgQJwY0dBvI-qCqMkZHYuxgAoJVOmVijeX8AERk5OQ:1tYq0s:elTZGJHdwkEbByz0-Mlx_jcuef_GrlIVvDKZ5DDs4c0	2025-01-31 17:20:06.225023+00
ygun07myswp9seebsps5pw0f0uxof0qm	.eJxVjMsOgjAUBf-la9NwKS3WpXu-obkvLGpKQmFl_HclYaHbMzPnZRJua05b1SVNYi4GnDn9joT80LITuWO5zZbnsi4T2V2xB612mEWf18P9O8hY87duoyriWZxviBpW6B306EWQENzYYSDvg6rCGBmJvYsBAFrplIk1mvcHNQo5ag:1tYq0s:uwWSa81Q4RNlZqsmXDF7HRVf0bDiHY0nfT56WraPtDc	2025-01-31 17:20:06.247797+00
figukwpwitenk42efcn2t6io4ef3n3gi	.eJxVjEsKwjAUAO-StYS-pkmNS_eeobxfTVUSaNqVeHcJdKHbmWHeZsJ9S9NedZ0WMRfTe3P6hYT81NyMPDDfi-WSt3Uh2xJ72GpvRfR1Pdq_QcKa2jeqIp7F-Y6oY4XRwYheBAnBzQMG8j6oKsyRkdi7GACgl0GZWKP5fAE21jlt:1tYq0s:KKh3cXaSR2F-bK36gksHt1XaeQKqDrxba0Z8J30lfng	2025-01-31 17:20:06.273315+00
oft8bqz12etgkuwny6b3tvbf0c1mk1j1	.eJxVjMsOgjAUBf-la9NwKS3WpXu-obkvLGpKQmFl_HclYaHbMzPnZRJua05b1SVNYi4Ggjn9joT80LITuWO5zZbnsi4T2V2xB612mEWf18P9O8hY87duoyriWZxviBpW6B306EWQENzYYSDvg6rCGBmJvYsBAFrplIk1mvcHNtU5bQ:1tYq0s:iYDNPdIo3GQ0PfGdO0hEWaJV7XHRwCFH1VZrgr2Dw3Q	2025-01-31 17:20:06.28676+00
e3hbv4fdd94efzu7gw5hhc1q6uc0fw5f	.eJxVjEsKwjAUAO-StYS-pkmNS_eeobxfTVUSaNqVeHcJdKHbmWHeZsJ9S9NedZ0WMRfTgzn9QkJ-am5GHpjvxXLJ27qQbYk9bLW3Ivq6Hu3fIGFN7RtVEc_ifEfUscLoYEQvgoTg5gEDeR9UFebISOxdDADQy6BMrNF8vjRyOWk:1tYq0s:zp0GQIhQfDVxByY421XaXfJ0U8miD8NsPTDx5_Vwl9Y	2025-01-31 17:20:06.293326+00
jtkgve4avf06vcuicjfyn64khhwhlrdr	.eJxVjMsOwiAQRf-FtSHlJYxL934DGYZBqoYmpV0Z_92QdKHbe865bxFx32rcO69xzuIirBWn3zEhPbkNkh_Y7oukpW3rnORQ5EG7vC2ZX9fD_Tuo2OuokwsBMPkpAzFoBVMplj2dDXhrg84uEzKSUaQSctEOgtIFjE4lGCs-Xx5XOHw:1tbgbG:sxZ4hukf__IK9cBamwCgsek1EEVzNUd3dMkvPFbJNXM	2025-02-08 13:53:26.394151+00
d8kwti8c7bvmjxshpx30p4jujjp53n66	.eJxVjMsOgjAUBf-la9Nw6QPr0j3f0NwXFjWQUFgZ_11JWOj2zMx5mYzbWvJWdcmjmIsBb06_IyE_dNqJ3HG6zZbnaV1GsrtiD1ptP4s-r4f7d1Cwlm_dJlXEs7jQEDWs0DnoMIggIbjBY6QQoqrCkBiJg0sRAFrxysSazPsDNaM5aw:1tZAw9:d-H9tJbudZy-Yjw5qylHmw7Vgt2bd4dGxB2cJYgQBUk	2025-02-01 15:40:37.046645+00
2fdhczdch8x6e50j0s1nesf9i1uqgq1f	.eJxVjEsKwjAUAO-StYS-pkmMS_eeobxfTVVSaNqVeHcJdKHbmWHeZsR9y-NedR1nMRfTR3P6hYT81NKMPLDcF8tL2daZbEvsYau9LaKv69H-DTLW3L5JFfEszndEHStEBxG9CBKCmwYM5H1QVZgSI7F3KQBAL4MysSbz-QI4CDlv:1tYq0s:2CuWVPDz5PBzYJxeCjSWlm6dzk8nQ7gbZQiXR1X_CVk	2025-01-31 17:20:06.29812+00
wtal5njqkm7793345iv6g1dlthm8nylk	.eJxVjEsKwjAUAO-StYS-pkmNS_eeobxfTVUSaNqVeHcJdKHbmWHeZsJ9S9NedZ0WMRfTB3P6hYT81NyMPDDfi-WSt3Uh2xJ72GpvRfR1Pdq_QcKa2jeqIp7F-Y6oY4XRwYheBAnBzQMG8j6oKsyRkdi7GACgl0GZWKP5fAE3bzlu:1tYq0s:NjU97xxkdVVZRV4ePNiLOWWL-XRK9iTbClhXT0i_oAs	2025-01-31 17:20:06.30228+00
lllwmminfcc5y75c01yv781u3ebz4ak8	.eJxVjMsOgjAUBf-la9NwKS3WpXu-obkvBDVtQmFl_HclYaHbMzPnZRJu65S2qkuaxVyM683pdyTkh-adyB3zrVgueV1msrtiD1rtUESf18P9O5iwTt-6jaqIZ3G-IWpYoXfQoxdBQnBjh4G8D6oKY2Qk9i4GAGilUybWaN4fOKI5cA:1tYq0s:cDCsNvWxlYxCRx-APev1lJxQ4EWBLNV_FwzgEAPAkYw	2025-01-31 17:20:06.306251+00
rtjn35my1vj22bwpva5swodb6slzkmh2	.eJxVjEsKwjAUAO-StYS-pkmNS_eeobxfTVUSaNqVeHcJdKHbmWHeZsJ9S9NedZ0WMRfTgzn9QkJ-am5GHpjvxXLJ27qQbYk9bLW3Ivq6Hu3fIGFN7RtVEc_ifEfUscLoYEQvgoTg5gEDeR9UFebISOxdDADQy6BMrNF8vjRyOWk:1tZL6L:18qtJVaNY9GgrA4RuSDkiK5qWtaXBMUrxsSbKAc2zts	2025-02-02 02:31:49.794699+00
apn70iltc7jtgbai781mj4jccx3u9sxy	.eJxVjMsOgjAUBf-la9NwKS3WpXu-obkvLGpKQmFl_HclYaHbMzPnZRJua05b1SVNYi7GBXP6HQn5oWUncsdymy3PZV0msrtiD1rtMIs-r4f7d5Cx5m_dRlXEszjfEDWs0Dvo0YsgIbixw0DeB1WFMTISexcDALTSKRNrNO8POAk5bw:1tZL1A:_alak9-dUEG1xoSVVISza1N7ZEnVszu54Accl6CZs4k	2025-02-02 02:26:28.552875+00
m57zg0r0co73zwr4sljs7clxs701nyh4	.eJxVjMsOgjAUBf-la9NwKS3WpXu-obkvLGpKQmFl_HclYaHbMzPnZRJua05b1SVNYi7Gm9PvRsgPLTuQO5bbbHku6zKR3RV70GqHWfR5Pdy_g4w1f-s2qiKexfmGqGGF3kGPXgQJwY0dBvI-qCqMkZHYuxgAoJVOmVijeX8AEks5Ow:1tZL1A:Sl7qEzX5GcxKdPUvGO40YTPUDPLo1b1jHiA-jRj0NOU	2025-02-02 02:26:28.573258+00
u50mop4pc9avcfjp7g48ih16bq218ql8	.eJxVjMsOgjAUBf-la9NwKS3WpXu-obkvLGpKQmFl_HclYaHbMzPnZRJua05b1SVNYi7GeXP6HQn5oWUncsdymy3PZV0msrtiD1rtMIs-r4f7d5Cx5m_dRlXEszjfEDWs0Dvo0YsgIbixw0DeB1WFMTISexcDALTSKRNrNO8PN3A5bg:1tZL6M:ar85nSHRoCD44ZCFt_DSWsebtiLOdPlyfmiuzNydmwc	2025-02-02 02:31:50.083473+00
kftuotj1ougonu050ay7uxc01n2gew8v	.eJxVjMsOgjAUBf-la9NwKS3WpXu-obkvLGpKQmFl_HclYaHbMzPnZRJua05b1SVNYi4mmNPvRsgPLTuQO5bbbHku6zKR3RV70GqHWfR5Pdy_g4w1f-s2qiKexfmGqGGF3kGPXgQJwY0dBvI-qCqMkZHYuxgAoJVOmVijeX8AEuQ5PA:1taFJh:i7HZnCAqyUDZ2Ck3nAQdAi4OuuCAt7OpIx3b2QU6UBc	2025-02-04 14:33:21.357235+00
afzi903bx3h5joxcyg4fh05g74jnyeb9	.eJxVjMsOgjAUBf-la9NwKS3WpXu-obkvLGpKQmFl_HclYaHbMzPnZRJua05b1SVNYi7GgTn9joT80LITuWO5zZbnsi4T2V2xB612mEWf18P9O8hY87duoyriWZxviBpW6B306EWQENzYYSDvg6rCGBmJvYsBAFrplIk1mvcHNQw5ag:1tZLwG:5BruzYpEA-KBlGsCjetw0ps9qVcqwjr1Xr2MgXmUJgY	2025-02-02 03:25:28.544116+00
8c085edbrz1io3yq0ktud58dn19qcm9b	.eJxVjMsOwiAQRf-FtSHlJYxL934DGYZBqoYmpV0Z_92QdKHbe865bxFx32rcO69xzuIirBWn3zEhPbkNkh_Y7oukpW3rnORQ5EG7vC2ZX9fD_Tuo2OuokwsBMPkpAzFoBVMplj2dDXhrg84uEzKSUaQSctEOgtIFjE4lGCs-Xx5XOHw:1tc8Ki:CZNyDjmQdkYMlmz1skIuU0hEt6cM5xOZpu7y4_4B4yk	2025-02-09 19:30:12.338625+00
wd4uzcszms23lfd6kw9zk585v4hnwmzx	.eJxVjMsOgjAUBf-la9NwW1qsS_d8Q3NfWNRAQmFl_HclYaHbMzPnZTJua8lb1SWPYi4GnDn9joT80GkncsfpNluep3UZye6KPWi1_Sz6vB7u30HBWr61S6qIZ_GhIWpYofPQYRBBQvBDi5FCiKoKQ2IkDj5FAHDSKhNrMu8PNHE5aQ:1tZZUW:2T0yC0zS_RZqoh4oivXEhjtxvvHL0WnqsAljvzjSWCY	2025-02-02 17:53:44.572504+00
i5c5i2u9ltinsf1qq2qvch410t7plfxs	.eJxVjMsOgjAUBf-la9NwKW2tS_d8Q3NfWNRAQmFl_HclYaHbMzPnZTJua8lb1SWPYi4mmtPvRsgPnXYgd5xus-V5WpeR7K7Yg1bbz6LP6-H-HRSs5Vu3SRXxLM43RA0rRAcRvQgSghs6DOR9UFUYEiOxdykAQCudMrEm8_4AE305PQ:1tZZUW:kY1-UHeFaoaGePIlO3PI7YFvS_4MoYAlnMTr-nAaZLg	2025-02-02 17:53:44.789652+00
9a7dhdrzqvzdzmz4g3n4dg07g39q78e8	.eJxVjMsOgjAUBf-la9NwKS3WpXu-obkvLGpKQmFl_HclYaHbMzPnZRJua05b1SVNYi7GRXP6HQn5oWUncsdymy3PZV0msrtiD1rtMIs-r4f7d5Cx5m_dRlXEszjfEDWs0Dvo0YsgIbixw0DeB1WFMTISexcDALTSKRNrNO8POdQ5cg:1taydM:y9zhKkxPu8QVhg9mB_KFUW5fZoIYp8pkDfG_Jj-lmqQ	2025-02-06 14:56:40.286457+00
jusfhkvwz19pc3n0xhp11hpdzs1n1tyc	.eJxVjMsOgjAUBf-la9Nw6QPr0j3f0NwXFjWQUFgZ_11JWOj2zMx5mYzbWvJWdcmjmItx3px-R0J-6LQTueN0my3P07qMZHfFHrTafhZ9Xg_376BgLd-6TaqIZ3GhIWpYoXPQYRBBQnCDx0ghRFWFITESB5ciALTilYk1mfcHNtc5bQ:1taydM:k22tHzyerm-TQqArJMhXN39SQ7Aht4S7RJf8rNuH5NQ	2025-02-06 14:56:40.655478+00
qbke2zdx5nutu3zffmqbsx0rwg8wabw8	.eJxVjMsOgjAUBf-la9NwKS3WpXu-obkvLGpKQmFl_HclYaHbMzPnZRJua05b1SVNYi4Ggjn9joT80LITuWO5zZbnsi4T2V2xB612mEWf18P9O8hY87duoyriWZxviBpW6B306EWQENzYYSDvg6rCGBmJvYsBAFrplIk1mvcHNtU5bQ:1tbOdT:spHFUHWmSw3iHD05bWoPc6vaiQDl-TWENBwuSR5MLGk	2025-02-07 18:42:31.291575+00
pk7jhs16xcajfo96xkzxcm3sk94bjjev	.eJxVjMsOgjAUBf-la9NwKS3UpXu_obkvLGpKQmFl_HclYaHbMzPnZRJua05b1SVNYs7GDeb0OxLyQ8tO5I7lNluey7pMZHfFHrTa6yz6vBzu30HGmr91G1URB3G-IWpYoXfQoxdBQnBjh4G8D6oKY2Qk9i4GAGilUybWaN4fOTs5cQ:1tYq0s:z4-mLJN1zxvWe3GODxOaw5LelbI75wuobK9Px37j75k	2025-01-31 17:20:06.199921+00
fu1ih94n1bghddnh8d534tamke6kxh6p	.eJxVjMsOgjAUBf-la9NwKS3WpXu-obkvLGpKQmFl_HclYaHbMzPnZRJua05b1SVNYi4GzOl3I-SHlh3IHctttjyXdZnI7oo9aLXDLPq8Hu7fQcaav3UbVRHP4nxD1LBC76BHL4KE4MYOA3kfVBXGyEjsXQwA0EqnTKzRvD8P5zk3:1tYvrm:Tt2lUmvzjGCU59BtnbSGbLCC18LWtCKIMV9UiomriCk	2025-01-31 23:35:06.516217+00
rjtv27qtgq51t60nlcw8xazf77nf1nu4	.eJxVjMsOgjAUBf-la9NwKS3WpXu-obkvLGpKQmFl_HclYaHbMzPnZRJua05b1SVNYi7GmdPvRsgPLTuQO5bbbHku6zKR3RV70GqHWfR5Pdy_g4w1f-s2qiKexfmGqGGF3kGPXgQJwY0dBvI-qCqMkZHYuxgAoJVOmVijeX8AERk5OQ:1tZAw9:Kj7CO-6n29I0A2BhloxFBK8Y5oWRe1d1IoWsT87lL4Y	2025-02-01 15:40:37.048554+00
6oi4whdc44qds5hk9u3rx7prycsva67q	.eJxVjEsOgjAUAO_StWl4lBbr0j1nIO-HRU2bUFgZ724wLHQ7M5mXGXFb07hVXcZZzMW00Zx-ISE_NO9G7phvxXLJ6zKT3RN72GqHIvq8Hu3fIGFN368q4lmcb4gaVugd9OhFkBDc1GEg74OqwhQZib2LAQBa6ZSJNZr3Bzk6OXE:1tZL6L:PoMNLR07G-juGnOtd9mLCqWhVbYmdAP1DU-FuSTMSkI	2025-02-02 02:31:49.836879+00
05p1rb7s86w0c4a1z54hbg6kfstvnwju	.eJxVjEsKwjAUAO-StYS-pkmMS_eeobxfTVVSaNqVeHcJdKHbmWHeZsR9y-NedR1nMRfTR3P6hYT81NKMPLDcF8tL2daZbEvsYau9LaKv69H-DTLW3L5JFfEszndEHStEBxG9CBKCmwYM5H1QVZgSI7F3KQBAL4MysSbz-QI4CDlv:1tZL1A:51n5AXJ8xtPLMZ4sZVpwDYFW5JDhmSp7xE_E02O1CI4	2025-02-02 02:26:28.569128+00
nzjil2k61pwmquimhob1d5k1u205cklu	.eJxVjEsKwjAUAO-StYS-pkmNS_eeobxfTVUSaNqVeHcJdKHbmWHeZsJ9S9NedZ0WMRfTm9MvI-Sn5ibkgfleLJe8rQvZltjDVnsroq_r0f4NEtbUtlEV8SzOd0QdK4wORvQiSAhuHjCQ90FVYY6MxN7FAAC9DMrEGs3nCxCAOTg:1tZL6M:pWRCRrZ-s47E3CD5IGk-fVS_mUmD10qQ14U1UmBOFEU	2025-02-02 02:31:50.085954+00
p3nhp5raxol9w0k0wnar9zbzddx4ww3e	.eJxVjMsOgjAUBf-la9NwW1qsS_d8Q3NfWNRAQmFl_HclYaHbMzPnZTJua8lb1SWPYi7GO3P6HQn5odNO5I7TbbY8T-sykt0Ve9Bq-1n0eT3cv4OCtXxrl1QRz-JDQ9SwQuehwyCChOCHFiOFEFUVhsRIHHyKAOCkVSbWZN4fNaU5aw:1tc8Ki:5rs5DE11TExgN_4FW_vjk0DV_gDBaOjlELVowk3cWKA	2025-02-09 19:30:12.347849+00
0zkd4a9sqzocvn82hyd2kha11lx6dvjr	.eJxVjMsOgjAUBf-la9NwKW2tS_d8Q3NfWNRAQmFl_HclYaHbMzPnZTJua8lb1SWPYi4mmtPvRsgPnXYgd5xus-V5WpeR7K7Yg1bbz6LP6-H-HRSs5Vu3SRXxLM43RA0rRAcRvQgSghs6DOR9UFUYEiOxdykAQCudMrEm8_4AE305PQ:1tZLwG:j96x0d3YWCVRq4rugJXaNjJQmhkfq34E7WxqNi3DG1g	2025-02-02 03:25:28.549516+00
z4tiatbjmmn4yn0nk7eugub8kn3ncv3x	.eJxVjEsKwjAUAO-StYS-5lPj0r1nKO9XU5UUmnYl3l0CXeh2Zpi3GXHf8rhXXcdZzMX03px-ISE_tTQjDyz3xfJStnUm2xJ72Gpvi-jrerR_g4w1t29SRTyLCx1RxwqDgwGDCBKCmzxGCiGqKkyJkTi4FAGgF69MrMl8vjY9OWw:1taFJh:mqCkBTSECUFZW6AWl7MLdKaaaZa_smSeA7UWGiPsThA	2025-02-04 14:33:21.361509+00
zsuyie5zvlnxs2yzv2phfxxgrusinf0o	.eJxVjMsOgjAUBf-la9NwKW2tS_d8Q3NfWNRAQmFl_HclYaHbMzPnZTJua8lb1SWPYi4Gojn9joT80GkncsfpNluep3UZye6KPWi1_Sz6vB7u30HBWr51m1QRz-J8Q9SwQnQQ0YsgIbihw0DeB1WFITESe5cCALTSKRNrMu8PN245bg:1tZZUW:HPEHxX0EatjeCLbcrD0zBV2rWfIbRnx_FmnDmo1vc8k	2025-02-02 17:53:44.46725+00
y459secjs3fdfy41erfa8zikwqurmkmf	.eJxVjMsOgjAUBf-la9NwKS3WpXu-obkvLGpKQmFl_HclYaHbMzPnZRJua05b1SVNYi7GBXP6HQn5oWUncsdymy3PZV0msrtiD1rtMIs-r4f7d5Cx5m_dRlXEszjfEDWs0Dvo0YsgIbixw0DeB1WFMTISexcDALTSKRNrNO8POAk5bw:1tZZUW:C7AwAzZl_6-mzyplbNWg_43ij3p8uNQywfwLXXuZ1NY	2025-02-02 17:53:44.616959+00
odyrnjjmlrqv72anj4ktzz0ode65ohn6	.eJxVjMsOgjAUBf-la9NwW1qsS_d8Q3NfWNRAQmFl_HclYaHbMzPnZTJua8lb1SWPYi7GO3P6HQn5odNO5I7TbbY8T-sykt0Ve9Bq-1n0eT3cv4OCtXxrl1QRz-JDQ9SwQuehwyCChOCHFiOFEFUVhsRIHHyKAOCkVSbWZN4fNaU5aw:1tdzo9:eoE7cFrVRkK-Ew9h4il3Fz8sPIL9BVA54zIR0P85Vd0	2025-02-14 22:48:17.593779+00
qd73n5f6ri9ac8t60jqe0afw7xifxvz3	.eJxVjMsOgjAUBf-la9Nw6QPr0j3f0NwXFjWQUFgZ_11JWOj2zMx5mYzbWvJWdcmjmIvx5vS7EfJDpx3IHafbbHme1mUkuyv2oNX2s-jzerh_BwVr-dZtUkU8iwsNUcMKnYMOgwgSghs8RgohqioMiZE4uBQBoBWvTKzJvD8Rsjk6:1taydM:G7ysQj-QmlwGo9Xfn__q6Vtrh63QnVQNSi7gLC-UEwk	2025-02-06 14:56:40.348377+00
h4ciwg0doj38rrxic6f7zrdkbqljnmxu	.eJxVjMsOgjAUBf-la9NwW1qsS_d8Q3NfWNRAQmFl_HclYaHbMzPnZTJua8lb1SWPYi4GnDn9joT80GkncsfpNluep3UZye6KPWi1_Sz6vB7u30HBWr61S6qIZ_GhIWpYofPQYRBBQvBDi5FCiKoKQ2IkDj5FAHDSKhNrMu8PNHE5aQ:1taydM:FMoMROJn_U0TcEgqSGErZ7KN9ouXGQMlJAVSLWGpAIc	2025-02-06 14:56:40.666591+00
vixi26stoe64jl8tfdcptghrdlkldc7g	.eJxVjEsKwjAUAO-StYS-5lPj0r1nKO9XU5UUmnYl3l0CXeh2Zpi3GXHf8rhXXcdZzMX03px-ISE_tTQjDyz3xfJStnUm2xJ72Gpvi-jrerR_g4w1t29SRTyLCx1RxwqDgwGDCBKCmzxGCiGqKkyJkTi4FAGgF69MrMl8vjY9OWw:1tbOdT:MYYfVHutfL6quURCAk10FttH7UT7iL0wKn63rBVeFuQ	2025-02-07 18:42:31.314377+00
7ydfiq08qntnvrhdb63kxet2mnkli1vi	.eJxVjMsOgjAUBf-la9Nw6QPr0j3f0NwXFjWQUFgZ_11JWOj2zMx5mYzbWvJWdcmjmIvx5vS7EfJDpx3IHafbbHme1mUkuyv2oNX2s-jzerh_BwVr-dZtUkU8iwsNUcMKnYMOgwgSghs8RgohqioMiZE4uBQBoBWvTKzJvD8Rsjk6:1tYq0s:C-4DAZ69R5GOiOXxZTZw9ozI7-TCxtNeTHug-OHrC58	2025-01-31 17:20:06.20219+00
mwiynrwk16wwml64unin865sr5enpkz5	.eJxVjMsOgjAUBf-la9NwKS3WpXu-obkvLGpKQmFl_HclYaHbMzPnZRJua05b1SVNYi4GzOl3I-SHlh3IHctttjyXdZnI7oo9aLXDLPq8Hu7fQcaav3UbVRHP4nxD1LBC76BHL4KE4MYOA3kfVBXGyEjsXQwA0EqnTKzRvD8P5zk3:1tYw6K:T085U8rSLLZNzej3RO86nA26DfCAuEdUgdsos2o-Cjo	2025-01-31 23:50:08.300848+00
4zvctnqwavdvy87fztwy06e6aqqvsh6m	.eJxVjEsKwjAUAO-StYS-pkmNS_eeobxfTVUSaNqVeHcJdKHbmWHeZsJ9S9NedZ0WMRfTO3P6hYT81NyMPDDfi-WSt3Uh2xJ72GpvRfR1Pdq_QcKa2jeqIp7F-Y6oY4XRwYheBAnBzQMG8j6oKsyRkdi7GACgl0GZWKP5fAE1pDlr:1tZAw9:KL0kNRrTGrhQlmioe5efv2AfZQMr0rXD6EyW_aRa6lU	2025-02-01 15:40:37.052194+00
nkmf4k3vxzsz5c09feekvjae558sd4ll	.eJxVjEsOgjAUAO_StWl4lBbq0j1nIO-HRQ1NKKyMdzdNWOh2ZjJvM-Gxp-kouk2LmKtpB3P5hYT81LUaeeB6z5bzum8L2ZrY0xY7ZtHX7Wz_BglLqt-oijiI8w1Rwwq9gx69CBKCmzsM5H1QVZgjI7F3MQBAK50ysUbz-QI4oTlw:1tZL6L:lWfUiMpovi3U_9y6if0D_-E0PRfmNnoCeDVR-n8x0bU	2025-02-02 02:31:49.83613+00
5f63qis44kut13jgf72jbjvvwl2iol9g	.eJxVjMsOgjAUBf-la9NwKS3WpXu-obkvLGpKQmFl_HclYaHbMzPnZRJua05b1SVNYi7GgTn9joT80LITuWO5zZbnsi4T2V2xB612mEWf18P9O8hY87duoyriWZxviBpW6B306EWQENzYYSDvg6rCGBmJvYsBAFrplIk1mvcHNQw5ag:1tZL1A:vDdUNozkEy7I1EZF7SsQJvlQAzdDNLZF9gAReJvqyRc	2025-02-02 02:26:28.58014+00
enpb0qwp8bvzw5vris6vy4f9qmy9jf9b	.eJxVjEsKwjAUAO-StYS-pEmNS_eeIbxfTVVaaNqVeHcJdKHbmWHeJuO-lbxXXfMk5mKcM6dfSMhPnZuRB873xfIyb-tEtiX2sNXeFtHX9Wj_BgVrad-kingWHzqijhUGDwMGESQEP_YYKYSoqjAmRuLgUwQAJ70ysSbz-QI1Czlq:1tZL6M:Aik9_jBLDpSYtvrba_KZ_07IW2722cSJzpFSIHIM7-M	2025-02-02 02:31:50.091742+00
o5ifqldcc8hwvd6doeop49goqj3hvo26	.eJxVjMsOgjAUBf-la9NwKS3UpXu_obkvLGpKQmFl_HclYaHbMzPnZRJua05b1SVNYs7GDeb0OxLyQ8tO5I7lNluey7pMZHfFHrTa6yz6vBzu30HGmr91G1URB3G-IWpYoXfQoxdBQnBjh4G8D6oKY2Qk9i4GAGilUybWaN4fOTs5cQ:1tc8Ki:RlBg_WUfgUhnEw-9jefe8ld-KsT8fMbBAZwQrZ4cznA	2025-02-09 19:30:12.336517+00
4qphcv0e60jgravxyyn4n0zyo6o6mw2b	.eJxVjEsKwjAUAO-StYS-pkmNS_eeobxfTVUSaNqVeHcJdKHbmWHeZsJ9S9NedZ0WMRfTm9MvI-Sn5ibkgfleLJe8rQvZltjDVnsroq_r0f4NEtbUtlEV8SzOd0QdK4wORvQiSAhuHjCQ90FVYY6MxN7FAAC9DMrEGs3nCxCAOTg:1tZLwG:lAkiZsq-8D0FC6_TgrkeQVcrejnftDq9tzGx2aWr5I4	2025-02-02 03:25:28.546588+00
flgk1mlp5nz1c8undvu0plbx525tha6w	.eJxVjMsOgjAUBf-la9NwKS3WpXu-obkvLGpKQmFl_HclYaHbMzPnZRJua05b1SVNYi7GmdPvRsgPLTuQO5bbbHku6zKR3RV70GqHWfR5Pdy_g4w1f-s2qiKexfmGqGGF3kGPXgQJwY0dBvI-qCqMkZHYuxgAoJVOmVijeX8AERk5OQ:1taFJh:OvM7gAtFAlGul_X9gheixcsdpW9kFjCjRI1N1WM3Sq0	2025-02-04 14:33:21.365646+00
5a3i738okzrwst3sw26nfkf7iuo8crql	.eJxVjEsOgjAUAO_StWl4lBbr0j1nIO-HRU2bUFgZ724wLHQ7M5mXGXFb07hVXcZZzMW00Zx-ISE_NO9G7phvxXLJ6zKT3RN72GqHIvq8Hu3fIGFN368q4lmcb4gaVugd9OhFkBDc1GEg74OqwhQZib2LAQBa6ZSJNZr3Bzk6OXE:1tZZUW:UMaQoVSLOpVQg2w_cND4v3Yijv0iiNwqMnO48Zs3hH8	2025-02-02 17:53:44.615913+00
4uo07bx43lxxiwhcdlfl974w6nrnc7ov	.eJxVjEsKwjAUAO-StYS-5lPj0r1nKO9XU5UUmnYl3l0CXeh2Zpi3GXHf8rhXXcdZzMX03px-ISE_tTQjDyz3xfJStnUm2xJ72Gpvi-jrerR_g4w1t29SRTyLCx1RxwqDgwGDCBKCmzxGCiGqKkyJkTi4FAGgF69MrMl8vjY9OWw:1tZZUW:ktiOoT1Peel6xaywFyc2ptRXmTtqQCrKXCFZh7NmIJc	2025-02-02 17:53:44.749586+00
wyuiakj49v5khu33qhrq68vvi0ij70ho	.eJxVjMsOgjAUBf-la9NwKS3UpXu_obkvLGpKQmFl_HclYaHbMzPnZRJua05b1SVNYs7GDeb0OxLyQ8tO5I7lNluey7pMZHfFHrTa6yz6vBzu30HGmr91G1URB3G-IWpYoXfQoxdBQnBjh4G8D6oKY2Qk9i4GAGilUybWaN4fOTs5cQ:1tdzo9:NzAB0Oe66Rm5aAh0_D6J_NczZkfklFgCNyp5QeKLG_Y	2025-02-14 22:48:17.601514+00
0cprh7i8dzr840adbkam3sivdsgat3v9	.eJxVjMsOgjAUBf-la9NwKS3WpXu-obkvLGpKQmFl_HclYaHbMzPnZRJua05b1SVNYi4Ggjn9joT80LITuWO5zZbnsi4T2V2xB612mEWf18P9O8hY87duoyriWZxviBpW6B306EWQENzYYSDvg6rCGBmJvYsBAFrplIk1mvcHNtU5bQ:1taydM:g5yTvaBH2OjmT2At3ZtRipJz0Uhr-RRrxpqUzlfDv9U	2025-02-06 14:56:40.353404+00
orv09bcl8wc3udmh5myc73zxujkdlaxo	.eJxVjMsOgjAUBf-la9NwKS3WpXu-obkvLGpKQmFl_HclYaHbMzPnZRJua05b1SVNYi7GmdPvRsgPLTuQO5bbbHku6zKR3RV70GqHWfR5Pdy_g4w1f-s2qiKexfmGqGGF3kGPXgQJwY0dBvI-qCqMkZHYuxgAoJVOmVijeX8AERk5OQ:1taydM:cE7qZpw84kKFyz6qs6Ww1x1q_Du3dVgBkpZ_mKrp4_8	2025-02-06 14:56:40.661995+00
4pv9ei9fsydc6nll4qu7avcj9cmn7ofo	.eJxVjMsOgjAUBf-la9NwKS3WpXu-obkvLGpKQmFl_HclYaHbMzPnZRJua05b1SVNYi7GmdPvRsgPLTuQO5bbbHku6zKR3RV70GqHWfR5Pdy_g4w1f-s2qiKexfmGqGGF3kGPXgQJwY0dBvI-qCqMkZHYuxgAoJVOmVijeX8AERk5OQ:1tbOdT:mao74g1zRIwNTfm4QH9zdsHLhZ9MPwZaHd2SArFNJvc	2025-02-07 18:42:31.308302+00
jzcw6ssl5lylztipdf9hgjmv4odj6hvm	.eJxVjMsOgjAUBf-la9NwKS3WpXu-obkvLGpKQmFl_HclYaHbMzPnZRJua05b1SVNYi4GzOl3I-SHlh3IHctttjyXdZnI7oo9aLXDLPq8Hu7fQcaav3UbVRHP4nxD1LBC76BHL4KE4MYOA3kfVBXGyEjsXQwA0EqnTKzRvD8P5zk3:1tYq0s:BPs9Y8fq7Uxt9RK8qRsdU-G9Rfh_TJXBynvH8XhwAKA	2025-01-31 17:20:06.207085+00
4l1rm91agk5o8cy8qrbpct1lz6uv2el8	.eJxVjMsOgjAUBf-la9NwKW2tS_d8Q3NfWNRAQmFl_HclYaHbMzPnZTJua8lb1SWPYi4Gojn9joT80GkncsfpNluep3UZye6KPWi1_Sz6vB7u30HBWr51m1QRz-J8Q9SwQnQQ0YsgIbihw0DeB1WFITESe5cCALTSKRNrMu8PN245bg:1tZL6L:UKMHiGoseHpyW4juX8mb2gUOV-EPTp2IvIL0awmNyhU	2025-02-02 02:31:49.840659+00
m080g7mnyj8c4y4rtdm290f481zr7m0v	.eJxVjMsOgjAUBf-la9NwKS3UpXu_obkvLGpKQmFl_HclYaHbMzPnZRJua05b1SVNYs5mMKffjZAfWnYgdyy32fJc1mUiuyv2oNVeZ9Hn5XD_DjLW_K3bqIo4iPMNUcMKvYMevQgSghs7DOR9UFUYIyOxdzEAQCudMrFG8_4AFBY5Pg:1tZAw9:iJ0g7bddYRfuMxkyjvCriiT8HcjLoEPxhUpLGCkIPQo	2025-02-01 15:40:37.053969+00
8ts728pvywfny241q1iq3t441fgkyagn	.eJxVjEsKwjAUAO-StYS-pkmNS_eeobxfTVUSaNqVeHcJdKHbmWHeZsJ9S9NedZ0WMRfTe3P6hYT81NyMPDDfi-WSt3Uh2xJ72GpvRfR1Pdq_QcKa2jeqIp7F-Y6oY4XRwYheBAnBzQMG8j6oKsyRkdi7GACgl0GZWKP5fAE21jlt:1tZL6M:SzFu4rO0BvD4fZfM7kbebrZBpY1yO0bcNn0F8a5L4L8	2025-02-02 02:31:50.099516+00
drvhbppg0ciuw6ebxt1a0qos1obslew3	.eJxVjMsOgjAUBf-la9NwKS3WpXu-obkvLGpKQmFl_HclYaHbMzPnZRJua05b1SVNYi7GRXP6HQn5oWUncsdymy3PZV0msrtiD1rtMIs-r4f7d5Cx5m_dRlXEszjfEDWs0Dvo0YsgIbixw0DeB1WFMTISexcDALTSKRNrNO8POdQ5cg:1tZL1A:kjuTBo7zCcP0kdXEDarnjaXDkAH4bG16dh1Qb4iibOE	2025-02-02 02:26:28.577794+00
gys7suwsa8r14vlhhgvbkhedqrmd6h6j	.eJxVjEsKwjAUAO-StYS-pEmNS_eeIbxfTVVaaNqVeHcJdKHbmWHeJuO-lbxXXfMk5mKcM6dfSMhPnZuRB873xfIyb-tEtiX2sNXeFtHX9Wj_BgVrad-kingWHzqijhUGDwMGESQEP_YYKYSoqjAmRuLgUwQAJ70ysSbz-QI1Czlq:1tZLwG:01r0DQ3950Q_NlOrrBHHmruWHD1xc4uIAFBjiMaPUyg	2025-02-02 03:25:28.552514+00
2efaii7frv1wfnp4h0m05ap1u8yajnz6	.eJxVjMsOgjAUBf-la9NwKS3WpXu-obkvLGpKQmFl_HclYaHbMzPnZRJua05b1SVNYi7GBXP6HQn5oWUncsdymy3PZV0msrtiD1rtMIs-r4f7d5Cx5m_dRlXEszjfEDWs0Dvo0YsgIbixw0DeB1WFMTISexcDALTSKRNrNO8POAk5bw:1taFJh:jxi3YJFPtyuaNVsuZkg80eCYkuJbYV_oOq1ASy70Y4E	2025-02-04 14:33:21.367488+00
pl5dyszrt9l0vss5ilm5bsfcbed6ixpy	.eJxVjEsKwjAUAO-StYS-pEmNS_eeIbxfTVVaaNqVeHcJdKHbmWHeJuO-lbxXXfMk5mKcM6dfSMhPnZuRB873xfIyb-tEtiX2sNXeFtHX9Wj_BgVrad-kingWHzqijhUGDwMGESQEP_YYKYSoqjAmRuLgUwQAJ70ysSbz-QI1Czlq:1tZZUW:URTRf1zEh58E7NwdZRcR79sNs4Mm_1Z_tMkWvaPM6wM	2025-02-02 17:53:44.621396+00
k3obm3tlyze39wr9tj6sw4tku0tthefl	.eJxVjMsOgjAUBf-la9NwKS3WpXu-obkvLGpKQmFl_HclYaHbMzPnZRJua05b1SVNYi4GzOl3I-SHlh3IHctttjyXdZnI7oo9aLXDLPq8Hu7fQcaav3UbVRHP4nxD1LBC76BHL4KE4MYOA3kfVBXGyEjsXQwA0EqnTKzRvD8P5zk3:1tZZUW:WJvnN6vPmkNGFx6GAL4ENiSt75kcRp0Dk9U7jCCe8ko	2025-02-02 17:53:44.784962+00
c9cgjwrr9txex73hvlrhigjvm03oagru	.eJxVjMsOgjAUBf-la9NwKS3UpXu_obkvLGpKQmFl_HclYaHbMzPnZRJua05b1SVNYs5mMKffjZAfWnYgdyy32fJc1mUiuyv2oNVeZ9Hn5XD_DjLW_K3bqIo4iPMNUcMKvYMevQgSghs7DOR9UFUYIyOxdzEAQCudMrFG8_4AFBY5Pg:1taydM:OQ_nweIM7MHU7fNIK6DxEjHIYhlfnvIfCJreAhB1BBI	2025-02-06 14:56:40.288801+00
lf8k2rrohu3pfqywuymt9wntjg1tg86i	.eJxVjMsOgjAUBf-la9NwKS3WpXu-obkvLGpKQmFl_HclYaHbMzPnZRJua05b1SVNYi7GgTn9joT80LITuWO5zZbnsi4T2V2xB612mEWf18P9O8hY87duoyriWZxviBpW6B306EWQENzYYSDvg6rCGBmJvYsBAFrplIk1mvcHNQw5ag:1taydM:p3zAgVIq6KYZys-cvYnZVQTgAFkeQMeWuc5lm3bM3bk	2025-02-06 14:56:40.376242+00
dbwob2xtn40wq9w7atphjbrpli8dsbxn	.eJxVjMsOgjAUBf-la9NwKS3UpXu_obkvLGpKQmFl_HclYaHbMzPnZRJua05b1SVNYs7GDeb0OxLyQ8tO5I7lNluey7pMZHfFHrTa6yz6vBzu30HGmr91G1URB3G-IWpYoXfQoxdBQnBjh4G8D6oKY2Qk9i4GAGilUybWaN4fOTs5cQ:1tbOdT:Jqf7Gmr_7ZVwpEM1jjtDfdBs9JhX6rq0JbNDwxLWj34	2025-02-07 18:42:31.313312+00
d7cdhzsy954neld58dyb2pynnuhpbttn	.eJxVjMsOwiAQRf-FtSHlJYxL934DGYZBqoYmpV0Z_92QdKHbe865bxFx32rcO69xzuIirBWn3zEhPbkNkh_Y7oukpW3rnORQ5EG7vC2ZX9fD_Tuo2OuokwsBMPkpAzFoBVMplj2dDXhrg84uEzKSUaQSctEOgtIFjE4lGCs-Xx5XOHw:1tdzo9:iwJ4wAtrT_Bu8oD9iQYO6Em_REG1UDHjNbz-mdzdNsE	2025-02-14 22:48:17.602354+00
efpmzv9j5hlwrcocvkuors46nukbij87	.eJxVjMsOgjAUBf-la9NwKS3WpXu-obkvLGpKQmFl_HclYaHbMzPnZRJua05b1SVNYi7GBXP6HQn5oWUncsdymy3PZV0msrtiD1rtMIs-r4f7d5Cx5m_dRlXEszjfEDWs0Dvo0YsgIbixw0DeB1WFMTISexcDALTSKRNrNO8POAk5bw:1tYq0s:h82PiY18a80XeHa51dY__qh-rhHrqj1YFp0wPcV1xoU	2025-01-31 17:20:06.213631+00
fopijv6h0r58g39iehsq652lghgojugy	.eJxVjMsOgjAUBf-la9NwKS3WpXu-obkvLGpKQmFl_HclYaHbMzPnZRJua05b1SVNYi7GRXP6HQn5oWUncsdymy3PZV0msrtiD1rtMIs-r4f7d5Cx5m_dRlXEszjfEDWs0Dvo0YsgIbixw0DeB1WFMTISexcDALTSKRNrNO8POdQ5cg:1tYzc9:FNrMmP8YAbyWrGeY2TfZ58Sd9zhmk-uw1haYdu2y_10	2025-02-01 03:35:13.509378+00
1s31gq1zmz5wojzstlvxerpc3mfjk7w7	.eJxVjMsOgjAUBf-la9NwKS3UpXu_obkvLGpKQmFl_HclYaHbMzPnZRJua05b1SVNYs4GBnP6HQn5oWUncsdymy3PZV0msrtiD1rtdRZ9Xg737yBjzd-6jaqIgzjfEDWs0Dvo0YsgIbixw0DeB1WFMTISexcDALTSKRNrNO8POAc5bw:1tZZW1:Ok9amRv0a5iAmtnshCZ0ieuYHPQfkSUTGUwhPeuPJcs	2025-02-02 17:55:17.431414+00
gcwj8a4qmuemeph25xavk0iwaaq58069	.eJxVjEsOgjAUAO_StWl4lBbq0j1nIO-HRQ1NKKyMdzdNWOh2ZjJvM-Gxp-kouk2LmKtpB3P5hYT81LUaeeB6z5bzum8L2ZrY0xY7ZtHX7Wz_BglLqt-oijiI8w1Rwwq9gx69CBKCmzsM5H1QVZgjI7F3MQBAK50ysUbz-QI4oTlw:1tZAw9:psXxSn1vpvTlRdPlkASfB9qUqhhcc_jTUJQrXOQPLa8	2025-02-01 15:40:37.078009+00
lzon1eowadk0l4nndm14eftrtjybe5rv	.eJxVjMsOgjAUBf-la9NwKS3WpXu-obkvBDVtQmFl_HclYaHbMzPnZRJu65S2qkuaxVyM683pdyTkh-adyB3zrVgueV1msrtiD1rtUESf18P9O5iwTt-6jaqIZ3G-IWpYoXfQoxdBQnBjh4G8D6oKY2Qk9i4GAGilUybWaN4fOKI5cA:1tZL6L:bBmGdgryl_WTxi-pVgv0poO9wvjbn0AvaE-kqotaU0c	2025-02-02 02:31:49.843966+00
xyswe4pdgo5y187id7xfuwwwx4hzzcmf	.eJxVjMsOgjAUBf-la9NwKS3WpXu-obkvLGpKQmFl_HclYaHbMzPnZRJua05b1SVNYi4mmtPvRsgPLTuQO5bbbHku6zKR3RV70GqHWfR5Pdy_g4w1f-s2qiKexfmGqGGF3kGPXgQJwY0dBvI-qCqMkZHYuxgAoJVOmVijeX8AFK85Pw:1tZL1A:Tm33AYNGhnwtVAojCZ6VP-uB3MZF09Es-d1Yx3S_hYE	2025-02-02 02:26:28.589629+00
a7p04xb5pqc1ws5beorxw3lyqip09s7f	.eJxVjEsKwjAUAO-StYS-pkmNS_eeobxfTVUSaNqVeHcJdKHbmWHeZsJ9S9NedZ0WMRfTO3P6hYT81NyMPDDfi-WSt3Uh2xJ72GpvRfR1Pdq_QcKa2jeqIp7F-Y6oY4XRwYheBAnBzQMG8j6oKsyRkdi7GACgl0GZWKP5fAE1pDlr:1tZL6M:0gfj8ePpVwCl-S6sMt1GdJTjEbRhcV5cCITu4pb2CEI	2025-02-02 02:31:50.088387+00
7rcl227r8o0r1yta4a8h8ujla5ttjo84	.eJxVjMsOgjAUBf-la9NwKS3WpXu-obkvLGpKQmFl_HclYaHbMzPnZRJua05b1SVNYi4mmtPvRsgPLTuQO5bbbHku6zKR3RV70GqHWfR5Pdy_g4w1f-s2qiKexfmGqGGF3kGPXgQJwY0dBvI-qCqMkZHYuxgAoJVOmVijeX8AFK85Pw:1tZLwG:8vfQgQRHYjKhsmHyBqZcsCz_i4Raihy3yN-Gi7wax5I	2025-02-02 03:25:28.556354+00
3y4v4kthjo2r6a3xulbmxd97xu2wqw8t	.eJxVjMsOgjAUBf-la9NwW1qsS_d8Q3NfWNRAQmFl_HclYaHbMzPnZTJua8lb1SWPYi4GnDn9joT80GkncsfpNluep3UZye6KPWi1_Sz6vB7u30HBWr61S6qIZ_GhIWpYofPQYRBBQvBDi5FCiKoKQ2IkDj5FAHDSKhNrMu8PNHE5aQ:1taFJh:59E_bhtqvtgvW-sNn2QGWB7njxJj3ii8UTop10Fglq0	2025-02-04 14:33:21.390822+00
xrloi3ep4ivplvfsbu26zr765ss584cg	.eJxVjMsOgjAUBf-la9NwKS3UpXu_obkvLGpKQmFl_HclYaHbMzPnZRJua05b1SVNYs5mMKffjZAfWnYgdyy32fJc1mUiuyv2oNVeZ9Hn5XD_DjLW_K3bqIo4iPMNUcMKvYMevQgSghs7DOR9UFUYIyOxdzEAQCudMrFG8_4AFBY5Pg:1tZZUW:IdWwi6lR0Lh0jf6rp3H4MWbe-gSRYMH_PpMJWulXPZA	2025-02-02 17:53:44.681485+00
ewcbdfgm0ki3v8tf6agv3arw09yguh8v	.eJxVjMsOgjAUBf-la9NwKS3UpXu_obkvLGpKQmFl_HclYaHbMzPnZRJua05b1SVNYs7GDeb0OxLyQ8tO5I7lNluey7pMZHfFHrTa6yz6vBzu30HGmr91G1URB3G-IWpYoXfQoxdBQnBjh4G8D6oKY2Qk9i4GAGilUybWaN4fOTs5cQ:1taydM:KaumLIiJAOsuIxxHbBDaKFfw4CwFv-KIkcTTpjRH4s4	2025-02-06 14:56:40.395546+00
flydori3mykb0kxsleen2a6f6fwcmo1f	.eJxVjMsOgjAUBf-la9NwKS3UpXu_obkvLGpKQmFl_HclYaHbMzPnZRJua05b1SVNYs4GBnP6HQn5oWUncsdymy3PZV0msrtiD1rtdRZ9Xg737yBjzd-6jaqIgzjfEDWs0Dvo0YsgIbixw0DeB1WFMTISexcDALTSKRNrNO8POAc5bw:1taydM:Ju4aO82PddM3QVtqIP-8jmMKve7lRkbnopI2UlgNeoo	2025-02-06 14:56:40.501935+00
n5dmtpjt8wqpnn87j8vq0ptagxjxbe0a	.eJxVjMsOgjAUBf-la9NwKS3UpXu_obkvLGpKQmFl_HclYaHbMzPnZRJua05b1SVNYs7GDeb0OxLyQ8tO5I7lNluey7pMZHfFHrTa6yz6vBzu30HGmr91G1URB3G-IWpYoXfQoxdBQnBjh4G8D6oKY2Qk9i4GAGilUybWaN4fOTs5cQ:1tc8q4:HkOrRT5JdzQ-56FT38u6BRRHQ1n3bdi_NSfaTAMcg6I	2025-02-09 20:02:36.368397+00
pv358jse5iojfbgrtv0ay601vd88z8cl	.eJxVjMsOgjAUBf-la9Nw6QPr0j3f0NwXFjWQUFgZ_11JWOj2zMx5mYzbWvJWdcmjmItx3px-R0J-6LQTueN0my3P07qMZHfFHrTafhZ9Xg_376BgLd-6TaqIZ3GhIWpYoXPQYRBBQnCDx0ghRFWFITESB5ciALTilYk1mfcHNtc5bQ:1tbOdT:gUQDCvbZf5LO1_S9TiBgccLo4dkGutPfNL9tRG2Fe0s	2025-02-07 18:42:31.323876+00
fq1awrqiyt35r8za8v8icy002h1kbrf7	.eJxVjMsOgjAUBf-la9NwKS3WpXu-obkvLGpKQmFl_HclYaHbMzPnZRJua05b1SVNYi7GeXP6HQn5oWUncsdymy3PZV0msrtiD1rtMIs-r4f7d5Cx5m_dRlXEszjfEDWs0Dvo0YsgIbixw0DeB1WFMTISexcDALTSKRNrNO8PN3A5bg:1tYq0s:LUJqWt2m8NlS1WgzVbRmrSesFF8CsD_W461PFQI8NR4	2025-01-31 17:20:06.215794+00
zii9xffz52w0ylz9jv7h9mdf3qf6qyyt	.eJxVjMsOgjAUBf-la9NwKS3WpXu-obkvLGpKQmFl_HclYaHbMzPnZRJua05b1SVNYi7GRXP6HQn5oWUncsdymy3PZV0msrtiD1rtMIs-r4f7d5Cx5m_dRlXEszjfEDWs0Dvo0YsgIbixw0DeB1WFMTISexcDALTSKRNrNO8POdQ5cg:1tYzcE:ElXUVx9-oFx5JylQUJ_uG1drbiemC4E6yYGpgjVxhu8	2025-02-01 03:35:18.48282+00
9adm9p24g6xsvazw3ckgupjri7c25t3u	.eJxVjMsOgjAUBf-la9P0UlqsS_d8Q3NfWNRAQmFl_HclYaHbMzPnZTJua8lb1SWPYi4GnDn9joT80GkncsfpNluep3UZye6KPWi1_Sz6vB7u30HBWr51k1QRz-KDI3Ks0HnoMIggIfihxUghRFWFITESB58iADTSKhNrMu8PMz85Zw:1tZZW1:HgnMa84-E8Js71PQZS3yMqOz0pzFdHMVq13weEVZn24	2025-02-02 17:55:17.553657+00
55mpd75rqgbequ4i1qi11rtimhd37um2	.eJxVjEsKwjAUAO-StYS-pkmNS_eeobxfTVUSaNqVeHcJdKHbmWHeZsJ9S9NedZ0WMRfTB3P6hYT81NyMPDDfi-WSt3Uh2xJ72GpvRfR1Pdq_QcKa2jeqIp7F-Y6oY4XRwYheBAnBzQMG8j6oKsyRkdi7GACgl0GZWKP5fAE3bzlu:1tZAw9:DSfVDF8fkjYix_BM0bX1VSKuAtcEGL63TV-yx-bGKw0	2025-02-01 15:40:37.056929+00
gph2f91ky7gdso38mzslan43tncznirc	.eJxVjMsOgjAUBf-la9NwKS3WpXu-obkvLGpKQmFl_HclYaHbMzPnZRJua05b1SVNYi7GOXP6HQn5oWUncsdymy3PZV0msrtiD1rtMIs-r4f7d5Cx5m_dRlXEszjfEDWs0Dvo0YsgIbixw0DeB1WFMTISexcDALTSKRNrNO8PNj45bA:1tZL6L:ejJtjPx0xXBDf4bekAqYNHsPBwTSNg_Vli7dlElp5Ss	2025-02-02 02:31:49.847171+00
ypxojsdts0x1owbfqujlp9d9060x4z1z	.eJxVjEsKwjAUAO-StYS-pkmNS_eeobxfTVUSaNqVeHcJdKHbmWHeZsJ9S9NedZ0WMRfTgzn9QkJ-am5GHpjvxXLJ27qQbYk9bLW3Ivq6Hu3fIGFN7RtVEc_ifEfUscLoYEQvgoTg5gEDeR9UFebISOxdDADQy6BMrNF8vjRyOWk:1tZL1A:v6LpbsAxuMKkSs1zPVU550SqAfpsHaNaoU7vMssLDME	2025-02-02 02:26:28.584029+00
6ibuexo607jvpvb9el5btrwd0pw5viej	.eJxVjEsKwjAUAO-StYS-pkmNS_eeobxfTVUSaNqVeHcJdKHbmWHeZsJ9S9NedZ0WMRfTB3P6hYT81NyMPDDfi-WSt3Uh2xJ72GpvRfR1Pdq_QcKa2jeqIp7F-Y6oY4XRwYheBAnBzQMG8j6oKsyRkdi7GACgl0GZWKP5fAE3bzlu:1tZL6M:Oa6O-MfkpfZqOTMUqK4CdZyAfnsXSRJo5h5lzERkWtY	2025-02-02 02:31:50.101416+00
iiwqo5ih5wiakyldd58lebim30exyao1	.eJxVjMsOgjAUBf-la9NwW1qsS_d8Q3NfWNRAQmFl_HclYaHbMzPnZTJua8lb1SWPYi7GO3P6HQn5odNO5I7TbbY8T-sykt0Ve9Bq-1n0eT3cv4OCtXxrl1QRz-JDQ9SwQuehwyCChOCHFiOFEFUVhsRIHHyKAOCkVSbWZN4fNaU5aw:1tbh2h:pUyuuPpf0ipJia_SyJOKi85mDjbrYGRUhzo8BblueXg	2025-02-08 14:21:47.797582+00
g85zmbzn3b23jfq494w0w3w0edt3kebz	.eJxVjMsOgjAUBf-la9NwW1qsS_d8Q3NfWNRAQmFl_HclYaHbMzPnZTJua8lb1SWPYi4GnDn9joT80GkncsfpNluep3UZye6KPWi1_Sz6vB7u30HBWr61S6qIZ_GhIWpYofPQYRBBQvBDi5FCiKoKQ2IkDj5FAHDSKhNrMu8PNHE5aQ:1tZLwG:k5RCuo3maD-6AkUki0vWaAp_ZIxIiySdFp_OgCVr5Jc	2025-02-02 03:25:28.560451+00
ej287ta928atw6k5u6r7wknrqlbkz10u	.eJxVjEsKwjAUAO-StYS-pkmNS_eeobxfTVUSaNqVeHcJdKHbmWHeZsJ9S9NedZ0WMRfTe3P6hYT81NyMPDDfi-WSt3Uh2xJ72GpvRfR1Pdq_QcKa2jeqIp7F-Y6oY4XRwYheBAnBzQMG8j6oKsyRkdi7GACgl0GZWKP5fAE21jlt:1taFJh:B6bCmzMInBBSgmjOfk-nUtb11V9hxiBfsgLQ1qEdIN8	2025-02-04 14:33:21.396825+00
ldxpdrscb4mhb8xhixsaaph8ghf9evz7	.eJxVjEsOgjAUAO_StWl4lBbq0j1nIO-HRQ1NKKyMdzdNWOh2ZjJvM-Gxp-kouk2LmKtpB3P5hYT81LUaeeB6z5bzum8L2ZrY0xY7ZtHX7Wz_BglLqt-oijiI8w1Rwwq9gx69CBKCmzsM5H1QVZgjI7F3MQBAK50ysUbz-QI4oTlw:1tZZUW:GOgQuqWvNYdAZ1RFYNdzFQU0_H4BKq4rquehTIcS7ik	2025-02-02 17:53:44.686298+00
urkj7t0jexyua23npg9oyzxkyzqs1i68	.eJxVjMsOgjAUBf-la9NwKS3WpXu-obkvLGpKQmFl_HclYaHbMzPnZRJua05b1SVNYi4GwJx-R0J-aNmJ3LHcZstzWZeJ7K7Yg1Y7zKLP6-H-HWSs-Vu3URXxLM43RA0r9A569CJICG7sMJD3QVVhjIzE3sUAAK10ysQazfsDM9g5aA:1taydM:vnW8I6o5JwK7mOfrwJvaVw5xaJJcO-mFzR35JKZvVhc	2025-02-06 14:56:40.400254+00
4vzb1c1ro3p2rle7obelb62pwhcjprgj	.eJxVjMsOgjAUBf-la9NwKS3WpXu-obkvLGpKQmFl_HclYaHbMzPnZRJua05b1SVNYi4mmtPvRsgPLTuQO5bbbHku6zKR3RV70GqHWfR5Pdy_g4w1f-s2qiKexfmGqGGF3kGPXgQJwY0dBvI-qCqMkZHYuxgAoJVOmVijeX8AFK85Pw:1taydM:i81OK_VpcjLNv3JT27CDNmMACsaC4_Y03MGljNsbZZw	2025-02-06 14:56:40.652558+00
ginjhqprc1e9w4qvsrerbfb1iv3lxezk	.eJxVjMsOwiAQRf-FtSHlJYxL934DGYZBqoYmpV0Z_92QdKHbe865bxFx32rcO69xzuIirBWn3zEhPbkNkh_Y7oukpW3rnORQ5EG7vC2ZX9fD_Tuo2OuokwsBMPkpAzFoBVMplj2dDXhrg84uEzKSUaQSctEOgtIFjE4lGCs-Xx5XOHw:1tc8q4:ORzq6pAkk3rxRv17JDDjqau2yf9be2Td95DdvTSjOvE	2025-02-09 20:02:36.373233+00
uto2yzk5psb1t7g34gzq81ytz3762y5a	.eJxVjMsOgjAUBf-la9NwKS3WpXu-obkvLGpKQmFl_HclYaHbMzPnZRJua05b1SVNYi7Gm9PvRsgPLTuQO5bbbHku6zKR3RV70GqHWfR5Pdy_g4w1f-s2qiKexfmGqGGF3kGPXgQJwY0dBvI-qCqMkZHYuxgAoJVOmVijeX8AEks5Ow:1tbOdT:8Pn8VaSATwo8aq5trGLAYyB42bCCG5cp6vcO6oCtM_g	2025-02-07 18:42:31.354008+00
x6ajxi2vhto965yt9aapmemc4vjc1yti	.eJxVjMsOgjAUBf-la9NwKS3UpXu_obkvLGpKQmFl_HclYaHbMzPnZRJua05b1SVNYs7GDeb0OxLyQ8tO5I7lNluey7pMZHfFHrTa6yz6vBzu30HGmr91G1URB3G-IWpYoXfQoxdBQnBjh4G8D6oKY2Qk9i4GAGilUybWaN4fOTs5cQ:1te2OM:wZ_zeCEz1dZ7_aOrZlSe63J7Pdh0qqmnQ4sgb1715Wg	2025-02-15 01:33:50.227182+00
z75addoite6gc0gmi5hqh09kb4nd0aft	.eJxVjMsOgjAUBf-la9Nw6QPr0j3f0NwXFjWQUFgZ_11JWOj2zMx5mYzbWvJWdcmjmIsBb06_IyE_dNqJ3HG6zZbnaV1GsrtiD1ptP4s-r4f7d1Cwlm_dJlXEs7jQEDWs0DnoMIggIbjBY6QQoqrCkBiJg0sRAFrxysSazPsDNaM5aw:1tYq0s:sB6bh75cbZLE-zaAsGNhCK_05QsPf81jOIU2IS7YFZk	2025-01-31 17:20:06.218043+00
w2nna79h8k9xhyxlgvpqbkatqt9mnxlt	.eJxVjMsOgjAUBf-la9NwKS3WpXu-obkvLGpKQmFl_HclYaHbMzPnZRJua05b1SVNYi4GzOl3I-SHlh3IHctttjyXdZnI7oo9aLXDLPq8Hu7fQcaav3UbVRHP4nxD1LBC76BHL4KE4MYOA3kfVBXGyEjsXQwA0EqnTKzRvD8P5zk3:1tZAvy:eS_nEPFa4VHjwm34cJaps01uTiU0mwg5u9rY_y64LnU	2025-02-01 15:40:26.782698+00
a8q183ki67xjn26j1sl1snxtos6ajtrl	.eJxVjMsOgjAUBf-la9NwKS3WpXu-obkvLGpKQmFl_HclYaHbMzPnZRJua05b1SVNYi4GzOl3I-SHlh3IHctttjyXdZnI7oo9aLXDLPq8Hu7fQcaav3UbVRHP4nxD1LBC76BHL4KE4MYOA3kfVBXGyEjsXQwA0EqnTKzRvD8P5zk3:1tZL6L:Kfa61XghantPLViEIFp3ewdMbq3_sa0S1knwYBiDKUU	2025-02-02 02:31:49.789338+00
h4vrmqhi2tc3q83hcrk1z52ncmcko0sg	.eJxVjMsOgjAUBf-la9NwKS3WpXu-obkvLGpKQmFl_HclYaHbMzPnZRJua05b1SVNYi7GgTn9joT80LITuWO5zZbnsi4T2V2xB612mEWf18P9O8hY87duoyriWZxviBpW6B306EWQENzYYSDvg6rCGBmJvYsBAFrplIk1mvcHNQw5ag:1tZAw9:y2iByLqzgG6xIOvfWYSaPj3r--KKIi6QQ8K08xKWEAA	2025-02-01 15:40:37.089972+00
n3tsy63eotdb87sacnhd870501huakd3	.eJxVjEsKwjAUAO-StYS-5lPj0r1nKO9XU5UUmnYl3l0CXeh2Zpi3GXHf8rhXXcdZzMX03px-ISE_tTQjDyz3xfJStnUm2xJ72Gpvi-jrerR_g4w1t29SRTyLCx1RxwqDgwGDCBKCmzxGCiGqKkyJkTi4FAGgF69MrMl8vjY9OWw:1tZL6L:i9pC7QRMphVnWWpp4GZ3RtZZN8z_JcRZw5w1KLmBk44	2025-02-02 02:31:49.893768+00
slrutk85mrpteoo2mshe545cxahw8smc	.eJxVjMsOgjAUBf-la9Nw6QPr0j3f0NwXFjWQUFgZ_11JWOj2zMx5mYzbWvJWdcmjmIvx5vS7EfJDpx3IHafbbHme1mUkuyv2oNX2s-jzerh_BwVr-dZtUkU8iwsNUcMKnYMOgwgSghs8RgohqioMiZE4uBQBoBWvTKzJvD8Rsjk6:1tZL1A:GVXSf_gaP2RsNGhqAceNF7R6I-MqyHIhsgTHv8ftTT8	2025-02-02 02:26:28.597218+00
rix6jf0qmldkw1bl0p1qy5rfsmm0fum1	.eJxVjMsOgjAUBf-la9NwKS3WpXu-obkvLGpKQmFl_HclYaHbMzPnZRJua05b1SVNYi4mmNPvRsgPLTuQO5bbbHku6zKR3RV70GqHWfR5Pdy_g4w1f-s2qiKexfmGqGGF3kGPXgQJwY0dBvI-qCqMkZHYuxgAoJVOmVijeX8AEuQ5PA:1tZZW1:slebMeklg1S97qY7xhhROWU9ojc1kDoXGlaJn5YQ7Yw	2025-02-02 17:55:17.602389+00
v4pdiys7olithhfydcsz6hq6er3u4c3o	.eJxVjMsOgjAUBf-la9NwKS3WpXu-obkvLGpKQmFl_HclYaHbMzPnZRJua05b1SVNYi4GnDn9joT80LITuWO5zZbnsi4T2V2xB612mEWf18P9O8hY87duoyriWZxviBpW6B306EWQENzYYSDvg6rCGBmJvYsBAFrplIk1mvcHNQo5ag:1tZLwG:sAveKpmT-IXJoOfZSFoXVwOZ-GfbzGMhPOUEgJi2mM4	2025-02-02 03:25:28.565795+00
eg9xj5d6jpgyqgto3a1dg6x6og9vkr7m	.eJxVjMsOgjAUBf-la9NwKS3WpXu-obkvLGpKQmFl_HclYaHbMzPnZRJua05b1SVNYi7GmdPvRsgPLTuQO5bbbHku6zKR3RV70GqHWfR5Pdy_g4w1f-s2qiKexfmGqGGF3kGPXgQJwY0dBvI-qCqMkZHYuxgAoJVOmVijeX8AERk5OQ:1tZZUW:vV5hBG5Iw5xvl-M43nkhCdtsiA3KaByDcmP7o1Jku0g	2025-02-02 17:53:44.691833+00
p4a1scxwce7j2aifeu4u5pz6h1hj7jxm	.eJxVjMsOgjAUBf-la9NwKS3WpXu-obkvLGpKQmFl_HclYaHbMzPnZRJua05b1SVNYi4GzOl3I-SHlh3IHctttjyXdZnI7oo9aLXDLPq8Hu7fQcaav3UbVRHP4nxD1LBC76BHL4KE4MYOA3kfVBXGyEjsXQwA0EqnTKzRvD8P5zk3:1taFJh:3LW6sLWKH3lnkyJFdUchr-rnftHS6jxzjnggnuvT4Ns	2025-02-04 14:33:21.39435+00
5r9cth58z7scgnjekvpa3vez3gkp3gsw	.eJxVjMsOgjAUBf-la9NwKS3WpXu-obkvLGpKQmFl_HclYaHbMzPnZRJua05b1SVNYi4GvDn9joT80LITuWO5zZbnsi4T2V2xB612mEWf18P9O8hY87duoyriWZxviBpW6B306EWQENzYYSDvg6rCGBmJvYsBAFrplIk1mvcHNjw5bA:1taydM:dYKKiGC9p1G1MHgwJeaFUFlUiDQKCSCKBuvGdJ0JbQs	2025-02-06 14:56:40.402956+00
1qkipvy7j3pkk2ylk8zxt36i4ugga99g	.eJxVjMsOgjAUBf-la9NwW1qsS_d8Q3NfWNRAQmFl_HclYaHbMzPnZTJua8lb1SWPYi7GO3P6HQn5odNO5I7TbbY8T-sykt0Ve9Bq-1n0eT3cv4OCtXxrl1QRz-JDQ9SwQuehwyCChOCHFiOFEFUVhsRIHHyKAOCkVSbWZN4fNaU5aw:1tc8q4:Cd9nx51FxjdgWv9Bt0rsZJ8PmZIJJRDSufh4pVwHOQc	2025-02-09 20:02:36.377149+00
dpi17ux05jhoq1ugg8gxdr2vyk4zhwrv	.eJxVjMsOgjAUBf-la9Nw6QPr0j3fQO4Li5qSUFgZ_11JWOj2zMx5mQG3NQ9b1WWYxFyMb8zpdyTkh5adyB3LbbY8l3WZyO6KPWi1_Sz6vB7u30HGmr91m1QRz-JCQ9SwQuegwyCChOBGj5FCiKoKY2IkDi5FAGjFKxNrMu8PNQ05ag:1tbOdT:Pj9dfxKoGi9s0xFhUtD7ay6w2LcrO4j5rm0U3mHtTO0	2025-02-07 18:42:31.359637+00
b8z0sfkdc3hbjcmzrx783ngx88kedq2j	.eJxVjMsOwiAQRf-FtSHlJYxL934DGYZBqoYmpV0Z_92QdKHbe865bxFx32rcO69xzuIirBWn3zEhPbkNkh_Y7oukpW3rnORQ5EG7vC2ZX9fD_Tuo2OuokwsBMPkpAzFoBVMplj2dDXhrg84uEzKSUaQSctEOgtIFjE4lGCs-Xx5XOHw:1te2OM:ZJQ1b5_QZ-SBNfhDiuQ4Nr47BJLK4oXdqCYPftxkPv8	2025-02-15 01:33:50.224855+00
44etm32xe9pv7na9dfc85r9g1ffy71c6	.eJxVjMsOgjAUBf-la9NwKW2tS_d8Q3NfWNRAQmFl_HclYaHbMzPnZTJua8lb1SWPYi4Gojn9joT80GkncsfpNluep3UZye6KPWi1_Sz6vB7u30HBWr51m1QRz-J8Q9SwQnQQ0YsgIbihw0DeB1WFITESe5cCALTSKRNrMu8PN245bg:1tYq0s:yC-VvHltLagABujrrPt4oZGH2LeWhOIFjmxVP0YmqzI	2025-01-31 17:20:06.228196+00
rf33jwj9ryfamu1an4vd2hsj3nkbb6yu	.eJxVjEsKwjAUAO-StYS8pkmNS_eeobxfTVVSaNqVeHcJdKHbmWHeZsR9y-NedR1nMRfTOXP6hYT81NKMPLDcF8tL2daZbEvsYau9LaKv69H-DTLW3L5JFfEsPjgixwqDhwGDCBKCn3qMFEJUVZgSI3HwKQJAJ70ysSbz-QIz2Tlo:1tZAw8:IuWKMVU9IBln8TVvBlwMqSCCnYRGosbGtwGNIFvJBjU	2025-02-01 15:40:36.875968+00
wsx7emfrcnyc6p3jelkg3272uhx2xtxv	.eJxVjMsOgjAUBf-la9Nw6QPr0j3fQO4Li5qSUFgZ_11JWOj2zMx5mQG3NQ9b1WWYxFyMb8zpdyTkh5adyB3LbbY8l3WZyO6KPWi1_Sz6vB7u30HGmr91m1QRz-JCQ9SwQuegwyCChOBGj5FCiKoKY2IkDi5FAGjFKxNrMu8PNQ05ag:1tZAw9:k4Bd2AwB1L5ztg9lNiUqNFStE5HZe1xx0pFadDh1Jv4	2025-02-01 15:40:37.092827+00
27iwkokot4f68m93jihdamkjhett8o10	.eJxVjMsOgjAUBf-la9NwKS3WpXu-obkvLGpKQmFl_HclYaHbMzPnZRJua05b1SVNYi7Gm9PvRsgPLTuQO5bbbHku6zKR3RV70GqHWfR5Pdy_g4w1f-s2qiKexfmGqGGF3kGPXgQJwY0dBvI-qCqMkZHYuxgAoJVOmVijeX8AEks5Ow:1tZL6L:drf_M0S03BhRTT-DUpD5S6TtBwGR1P3BtZBC4vDbgpA	2025-02-02 02:31:49.897048+00
frndazzlyhyi9z5kp3l6pqq1im0x8zkw	.eJxVjMsOgjAUBf-la9NwKS3UpXu_obkvLGpKQmFl_HclYaHbMzPnZRJua05b1SVNYs5mMKffjZAfWnYgdyy32fJc1mUiuyv2oNVeZ9Hn5XD_DjLW_K3bqIo4iPMNUcMKvYMevQgSghs7DOR9UFUYIyOxdzEAQCudMrFG8_4AFBY5Pg:1tZL1A:AGATKHF3uSP5egfRLIxfGA1aYLDR0HD2d-XZKXH0ZJ4	2025-02-02 02:26:28.59352+00
jzd7k55tofy9et2w7bgk4naa4t4toino	.eJxVjMsOgjAUBf-la9NwKS3WpXu-obkvLGpKQmFl_HclYaHbMzPnZRJua05b1SVNYi7GgTn9joT80LITuWO5zZbnsi4T2V2xB612mEWf18P9O8hY87duoyriWZxviBpW6B306EWQENzYYSDvg6rCGBmJvYsBAFrplIk1mvcHNQw5ag:1tZL6M:D3p32vqAnMLgUSXHe5mBLLNfZ6_yXMuDsPcXS-gIth8	2025-02-02 02:31:50.17182+00
6fmlg0w1kbjfaoz5g4boslfb4lki6j79	.eJxVjEsKwjAUAO-StYS-pkmNS_eeobxfTVUSaNqVeHcJdKHbmWHeZsJ9S9NedZ0WMRfTm9MvI-Sn5ibkgfleLJe8rQvZltjDVnsroq_r0f4NEtbUtlEV8SzOd0QdK4wORvQiSAhuHjCQ90FVYY6MxN7FAAC9DMrEGs3nCxCAOTg:1taFJh:Of306OkywbobAdshrGKLgFMZ-mq0JGqfZbESwXOm2p0	2025-02-04 14:33:21.241092+00
vu6zsev3qfkhjh9hwhbb2xzfs921wqe4	.eJxVjMsOgjAUBf-la9NwKS3UpXu_obkvLGpKQmFl_HclYaHbMzPnZRJua05b1SVNYs7GDeb0OxLyQ8tO5I7lNluey7pMZHfFHrTa6yz6vBzu30HGmr91G1URB3G-IWpYoXfQoxdBQnBjh4G8D6oKY2Qk9i4GAGilUybWaN4fOTs5cQ:1tZLwG:pudM1D24H5Y-mWrlydEQ3o9s4OFixm-nHJR6K0zWpeY	2025-02-02 03:25:28.570242+00
gkqdegxdzsucx1sycm82yrlqjro0whoo	.eJxVjMsOgjAUBf-la9Nw6QPr0j3f0NwXFjWQUFgZ_11JWOj2zMx5mYzbWvJWdcmjmItx3px-R0J-6LQTueN0my3P07qMZHfFHrTafhZ9Xg_376BgLd-6TaqIZ3GhIWpYoXPQYRBBQnCDx0ghRFWFITESB5ciALTilYk1mfcHNtc5bQ:1taFJh:iciwVTbTFPMUeck7OGt7qz76FHWLQ265fZvHgz3AVqE	2025-02-04 14:33:21.408266+00
jmuk71dwd3c5pc3qd1wni2m1r9yzv4a3	.eJxVjEsKwjAUAO-StYS-pkmNS_eeobxfTVUSaNqVeHcJdKHbmWHeZsJ9S9NedZ0WMRfTO3P6hYT81NyMPDDfi-WSt3Uh2xJ72GpvRfR1Pdq_QcKa2jeqIp7F-Y6oY4XRwYheBAnBzQMG8j6oKsyRkdi7GACgl0GZWKP5fAE1pDlr:1tZZUW:B0KddtvZLnzr3F0sgDVPr6CxRZ153ZKtX8cGiOCVIVo	2025-02-02 17:53:44.718168+00
96bnfr3uslh2sm4dhsgh3ry15fwngpu6	.eJxVjMsOgjAUBf-la9NwKS3WpXu-obkvLGpKQmFl_HclYaHbMzPnZRJua05b1SVNYi7GeXP6HQn5oWUncsdymy3PZV0msrtiD1rtMIs-r4f7d5Cx5m_dRlXEszjfEDWs0Dvo0YsgIbixw0DeB1WFMTISexcDALTSKRNrNO8PN3A5bg:1taydM:gWd556fh059pkGByOMV7FFEwRPT9Yeza8z0eDO09iaM	2025-02-06 14:56:40.416113+00
qtakpfj2xpab3rrvz8z62wm1f20fxra7	.eJxVjMsOgjAUBf-la9Nw6QPr0j3f0NwXFjWQUFgZ_11JWOj2zMx5mYzbWvJWdcmjmIvxzpx-R0J-6LQTueN0my3P07qMZHfFHrTafhZ9Xg_376BgLd-6TaqIZ3GhIWpYoXPQYRBBQnCDx0ghRFWFITESB5ciALTilYk1mfcHNtg5bQ:1tayeb:N4-hK083uBaKluNXC_5vsz4hReouWoAjaQd2OJ28kdE	2025-02-06 14:57:57.763153+00
h8ij06jk5xw5zsj5ehfehwy8dcbx1lte	.eJxVjMsOgjAUBf-la9NwKS3WpXu-obkvLGpKQmFl_HclYaHbMzPnZRJua05b1SVNYi7GgTn9joT80LITuWO5zZbnsi4T2V2xB612mEWf18P9O8hY87duoyriWZxviBpW6B306EWQENzYYSDvg6rCGBmJvYsBAFrplIk1mvcHNQw5ag:1tbOdT:svgjtgPiAo5LKDrb3rf0qll4m6mNco_KZd-mYRAp6uQ	2025-02-07 18:42:31.375105+00
kkymow1mlr2x5czldxvhvzw56dcczyrf	.eJxVjMsOgjAUBf-la9NwW1qsS_d8Q3NfWNRAQmFl_HclYaHbMzPnZTJua8lb1SWPYi7GO3P6HQn5odNO5I7TbbY8T-sykt0Ve9Bq-1n0eT3cv4OCtXxrl1QRz-JDQ9SwQuehwyCChOCHFiOFEFUVhsRIHHyKAOCkVSbWZN4fNaU5aw:1te2OM:4mg4gIPy5Y6vWu82N2qRBfJ4Qjo0ik76h6tTOC0De5E	2025-02-15 01:33:50.229596+00
5axcszzpw8if4ckngf0yjzvg28mbzv48	.eJxVjMsOgjAUBf-la9Nw6QPr0j3fQO4Li5qSUFgZ_11JWOj2zMx5mQG3NQ9b1WWYxFyMb8zpdyTkh5adyB3LbbY8l3WZyO6KPWi1_Sz6vB7u30HGmr91m1QRz-JCQ9SwQuegwyCChOBGj5FCiKoKY2IkDi5FAGjFKxNrMu8PNQ05ag:1tYq0s:XUzECQP1vMWfvmzsIJxH3x54Fr-itgP9vcd2jUAZ4MQ	2025-01-31 17:20:06.229685+00
zlt7za9sx7q74n5r63byxke6i85mlkee	.eJxVjMsOgjAUBf-la9NwKS3WpXu-obkvLGpKQmFl_HclYaHbMzPnZRJua05b1SVNYi4GnDn9joT80LITuWO5zZbnsi4T2V2xB612mEWf18P9O8hY87duoyriWZxviBpW6B306EWQENzYYSDvg6rCGBmJvYsBAFrplIk1mvcHNQo5ag:1tZL6L:D4EjIvm1J0TlHmQ5GQyB4ZpJXCOAiyfLO1a681l7AF0	2025-02-02 02:31:49.903893+00
0ny01d03tb9igsxpsca60kq0w1lstczu	.eJxVjMsOgjAUBf-la9NwKS3WpXu-obkvLGpKQmFl_HclYaHbMzPnZRJua05b1SVNYi7GBXP6HQn5oWUncsdymy3PZV0msrtiD1rtMIs-r4f7d5Cx5m_dRlXEszjfEDWs0Dvo0YsgIbixw0DeB1WFMTISexcDALTSKRNrNO8POAk5bw:1tZAw8:ta_474-7b7a10oVznzGM6ONlZqDGq7gbR0UJlD_qZMM	2025-02-01 15:40:36.881427+00
1iviog4dcilz8zt2ic1o2f2ebk6k2cmh	.eJxVjMsOgjAUBf-la9P0UlqsS_d8Q3NfWNRAQmFl_HclYaHbMzPnZTJua8lb1SWPYi7GO3P6HQn5odNO5I7TbbY8T-sykt0Ve9Bq-1n0eT3cv4OCtXzrJqkinsUHR-RYofPQYRBBQvBDi5FCiKoKQ2IkDj5FAGikVSbWZN4fNHM5aQ:1tZAw9:ukbAPbI57sZLr7jU3-A9QJEhQ3-qx2USLq_zRr7xPys	2025-02-01 15:40:37.098334+00
gpvir4vq44wwnt0s1g8tmbd3widt705d	.eJxVjMsOgjAUBf-la9Nw6QPr0j3fQO4Li5qSUFgZ_11JWOj2zMx5mQG3NQ9b1WWYxFyMb8zpdyTkh5adyB3LbbY8l3WZyO6KPWi1_Sz6vB7u30HGmr91m1QRz-JCQ9SwQuegwyCChOBGj5FCiKoKY2IkDi5FAGjFKxNrMu8PNQ05ag:1tZL6L:l8MPMIJrmxEfkZjrq2bpoOh3L4kKcBVhwuF5MJb9Hjs	2025-02-02 02:31:49.972081+00
9x7gytfn0pxyb8di444ppdwjphxrwx9p	.eJxVjMsOgjAUBf-la9NwKS3WpXu-obkvBDVtQmFl_HclYaHbMzPnZRJu65S2qkuaxVyM683pdyTkh-adyB3zrVgueV1msrtiD1rtUESf18P9O5iwTt-6jaqIZ3G-IWpYoXfQoxdBQnBjh4G8D6oKY2Qk9i4GAGilUybWaN4fOKI5cA:1tZL1A:oXdrzkREu2yaHlKD8u73NYRZrxzYuS5ct_1aomnTWLc	2025-02-02 02:26:28.602553+00
2l4kgx00yyj7opptspda8oy16z3zx8zc	.eJxVjMsOgjAUBf-la9NwKS3UpXu_obkvLGpKQmFl_HclYaHbMzPnZRJua05b1SVNYs7GDeb0OxLyQ8tO5I7lNluey7pMZHfFHrTa6yz6vBzu30HGmr91G1URB3G-IWpYoXfQoxdBQnBjh4G8D6oKY2Qk9i4GAGilUybWaN4fOTs5cQ:1tbhkp:Y1CtCEDRgR038zO5fQEZs6WzpbiuYIM52i76DJJoFgo	2025-02-08 15:07:23.272637+00
aokgxzl9hlp37cgrnvawonfyi905zh0o	.eJxVjMsOgjAUBf-la9Nw6QPr0j3f0NwXFjWQUFgZ_11JWOj2zMx5mYzbWvJWdcmjmIvx5vS7EfJDpx3IHafbbHme1mUkuyv2oNX2s-jzerh_BwVr-dZtUkU8iwsNUcMKnYMOgwgSghs8RgohqioMiZE4uBQBoBWvTKzJvD8Rsjk6:1tZLwG:Q7N45-39xGoIGCEv2xs1GzYsX17qQ0MaZumy64F3zU8	2025-02-02 03:25:28.569352+00
euu1dhxpscilcqey599utmptvirpzi96	.eJxVjEsKwjAUAO-StYS-pEmNS_eeIbxfTVVaaNqVeHcJdKHbmWHeJuO-lbxXXfMk5mKcM6dfSMhPnZuRB873xfIyb-tEtiX2sNXeFtHX9Wj_BgVrad-kingWHzqijhUGDwMGESQEP_YYKYSoqjAmRuLgUwQAJ70ysSbz-QI1Czlq:1taFJh:MlKOK83OLjmAYinmzuaum0zqZNnjlR_0pnTCOLYWZlY	2025-02-04 14:33:21.248632+00
oz47yvbpo4pxvdwycvoa33qrdyhef50t	.eJxVjEsKwjAUAO-StYS-pkmNS_eeobxfTVUSaNqVeHcJdKHbmWHeZsJ9S9NedZ0WMRfTB3P6hYT81NyMPDDfi-WSt3Uh2xJ72GpvRfR1Pdq_QcKa2jeqIp7F-Y6oY4XRwYheBAnBzQMG8j6oKsyRkdi7GACgl0GZWKP5fAE3bzlu:1tZZUW:tTwLcZ6q9cSEUCALxAsuvyPJbhMTfy3XsqMM-V1QsgE	2025-02-02 17:53:44.702565+00
tpvvxkjr247zqdmudfxgz4zg9o4sma2h	.eJxVjMsOgjAUBf-la9NwKS3UpXu_obkvLGpKQmFl_HclYaHbMzPnZRJua05b1SVNYs5mMKffjZAfWnYgdyy32fJc1mUiuyv2oNVeZ9Hn5XD_DjLW_K3bqIo4iPMNUcMKvYMevQgSghs7DOR9UFUYIyOxdzEAQCudMrFG8_4AFBY5Pg:1taFJh:ZcdYsUF-0EBVw5MLGgSeY2CPPC9lwy-tv16E7j7fDIo	2025-02-04 14:33:21.403233+00
mmr69nmrl42apeprkymgzdho18456ktv	.eJxVjEsKwjAUAO-StYS-pkmMS_eeobxfTVVSaNqVeHcJdKHbmWHeZsR9y-NedR1nMRfTR3P6hYT81NKMPLDcF8tL2daZbEvsYau9LaKv69H-DTLW3L5JFfEszndEHStEBxG9CBKCmwYM5H1QVZgSI7F3KQBAL4MysSbz-QI4CDlv:1taydM:NGDMlnIoi-hIg3P6n6GGD2RGFjaHJavj-x_Pqwj-wFQ	2025-02-06 14:56:40.448192+00
i93d929o50y98r16twmqib5vz3l05dai	.eJxVjMsOgjAUBf-la9NwKS3WpXu-obkvLGpKQmFl_HclYaHbMzPnZRJua05b1SVNYi7GeXP6HQn5oWUncsdymy3PZV0msrtiD1rtMIs-r4f7d5Cx5m_dRlXEszjfEDWs0Dvo0YsgIbixw0DeB1WFMTISexcDALTSKRNrNO8PN3A5bg:1tbOdT:wiZ99nwcddWszQkx1NaqAhlN_u7i2at0OBO6rQUCkX4	2025-02-07 18:42:31.230714+00
bwhq019dht62jmn62ig2ggsubfqnk0m0	.eJxVjMsOgjAUBf-la9NwKS3WpXu-obkvLGpKQmFl_HclYaHbMzPnZRJua05b1SVNYi4GwJx-R0J-aNmJ3LHcZstzWZeJ7K7Yg1Y7zKLP6-H-HWSs-Vu3URXxLM43RA0r9A569CJICG7sMJD3QVVhjIzE3sUAAK10ysQazfsDM9g5aA:1tbOdT:_JI0rVy1NgjesVrnzNmPt8hYKwMzKlNPtgjuAdl3eck	2025-02-07 18:42:31.378418+00
kf7gyt9by0dgtebk4mct49gphylu2nl4	.eJxVjEsKwjAUAO-StYS-pkmNS_eeobxfTVUSaNqVeHcJdKHbmWHeZsJ9S9NedZ0WMRfTO3P6hYT81NyMPDDfi-WSt3Uh2xJ72GpvRfR1Pdq_QcKa2jeqIp7F-Y6oY4XRwYheBAnBzQMG8j6oKsyRkdi7GACgl0GZWKP5fAE1pDlr:1tYq0s:7v4Fen07xPV0PCeYLTxDZ7bkMU9H2a9U5i5zFbviRNA	2025-01-31 17:20:06.238643+00
gkx1rrx6o7u3avzvzluj9wvk9fx6yofz	.eJxVjMsOgjAUBf-la9Nw6QPr0j3f0NwXFjWQUFgZ_11JWOj2zMx5mYzbWvJWdcmjmIvx5vS7EfJDpx3IHafbbHme1mUkuyv2oNX2s-jzerh_BwVr-dZtUkU8iwsNUcMKnYMOgwgSghs8RgohqioMiZE4uBQBoBWvTKzJvD8Rsjk6:1tZL6L:8j3uV-s7yLnTbypcbFl_msXociHTA826YTjl33Oo_as	2025-02-02 02:31:49.93102+00
m23qz6ir8fa5ttf4off1a59xe10kbh8i	.eJxVjMsOgjAUBf-la9NwKW2tS_d8Q3NfWNRAQmFl_HclYaHbMzPnZTJua8lb1SWPYi4Gojn9joT80GkncsfpNluep3UZye6KPWi1_Sz6vB7u30HBWr51m1QRz-J8Q9SwQnQQ0YsgIbihw0DeB1WFITESe5cCALTSKRNrMu8PN245bg:1tZAw8:ZbUmthAWEYgocEclGDcwSn-ZT5PJ2ZA4sWvPVQ6XPQk	2025-02-01 15:40:36.945632+00
1c4eose5trldackbe3sn6izcohrse2wh	.eJxVjMsOgjAUBf-la9NwKW2tS_d8Q3NfWNRAQmFl_HclYaHbMzPnZTJua8lb1SWPYi4mmtPvRsgPnXYgd5xus-V5WpeR7K7Yg1bbz6LP6-H-HRSs5Vu3SRXxLM43RA0rRAcRvQgSghs6DOR9UFUYEiOxdykAQCudMrEm8_4AE305PQ:1tZAw9:w7vnd3ymiOsQFNu1GTwFLJjSB4P3uYbwlOZABRNS_hY	2025-02-01 15:40:37.100694+00
p9y10fei3i3m6md5u1cstkp7ub915b3c	.eJxVjMsOgjAUBf-la9NwKS3WpXu-obkvLGpKQmFl_HclYaHbMzPnZRJua05b1SVNYi7GmdPvRsgPLTuQO5bbbHku6zKR3RV70GqHWfR5Pdy_g4w1f-s2qiKexfmGqGGF3kGPXgQJwY0dBvI-qCqMkZHYuxgAoJVOmVijeX8AERk5OQ:1tZL6M:3iobRMoZ3a-K7JQJGYB45k4CmcpxFHzPPmzpIPkzPeQ	2025-02-02 02:31:50.040963+00
uixq3mi1viq0ml6urvyft6r48jdpgaly	.eJxVjMsOgjAUBf-la9NwKS3WpXu-obkvLGpKQmFl_HclYaHbMzPnZRJua05b1SVNYi7GOXP6HQn5oWUncsdymy3PZV0msrtiD1rtMIs-r4f7d5Cx5m_dRlXEszjfEDWs0Dvo0YsgIbixw0DeB1WFMTISexcDALTSKRNrNO8PNj45bA:1tZL1A:YY3mhEuDNpfyEs9k_tFA_MDo7i6oajRl-5tg4lEFzas	2025-02-02 02:26:28.618534+00
gvid50mi5wmxokno60qeu4h66o7f9wyw	.eJxVjMsOgjAUBf-la9NwW1qsS_d8Q3NfWNRAQmFl_HclYaHbMzPnZTJua8lb1SWPYi7GO3P6HQn5odNO5I7TbbY8T-sykt0Ve9Bq-1n0eT3cv4OCtXxrl1QRz-JDQ9SwQuehwyCChOCHFiOFEFUVhsRIHHyKAOCkVSbWZN4fNaU5aw:1tbhkt:4ulQWiUgGtM_VryWMLe_VPVnoVM403d4rpQ2h-fBFJs	2025-02-08 15:07:27.993677+00
txmg2gonk0mhaj9kqduibztui76pkv7k	.eJxVjMsOgjAUBf-la9NwKS3UpXu_obkvLGpKQmFl_HclYaHbMzPnZRJua05b1SVNYs5mMKffjZAfWnYgdyy32fJc1mUiuyv2oNVeZ9Hn5XD_DjLW_K3bqIo4iPMNUcMKvYMevQgSghs7DOR9UFUYIyOxdzEAQCudMrFG8_4AFBY5Pg:1tZLwG:14L8ZA-mk-vWvy--vWowJeA_8_DBt_y5jz9E-q1BHdI	2025-02-02 03:25:28.573602+00
avrqdg1ch4hifdezouolcc8wap33pao7	.eJxVjMsOgjAUBf-la9NwKS3WpXu-obkvLGpKQmFl_HclYaHbMzPnZRJua05b1SVNYi7Gm9PvRsgPLTuQO5bbbHku6zKR3RV70GqHWfR5Pdy_g4w1f-s2qiKexfmGqGGF3kGPXgQJwY0dBvI-qCqMkZHYuxgAoJVOmVijeX8AEks5Ow:1taFJh:aR4zXNGOvGit1dVEdzn3CmbKTwU9JfPsMiihJmZT2fA	2025-02-04 14:33:21.238233+00
jna2a8gqts2t3y637ewf94rrja66qthc	.eJxVjEsKwjAUAO-StYS-pkmNS_eeobxfTVUSaNqVeHcJdKHbmWHeZsJ9S9NedZ0WMRfTgzn9QkJ-am5GHpjvxXLJ27qQbYk9bLW3Ivq6Hu3fIGFN7RtVEc_ifEfUscLoYEQvgoTg5gEDeR9UFebISOxdDADQy6BMrNF8vjRyOWk:1tZZUW:25FAA3x7Ce2b9RKbHFdq8EDnDFos5oZlLcMD0vYBviE	2025-02-02 17:53:44.715207+00
7gkhkvna6s4q77zk51nfhnzmslseofx5	.eJxVjEsKwjAUAO-StYS-pkmNS_eeobxfTVUSaNqVeHcJdKHbmWHeZsJ9S9NedZ0WMRfTO3P6hYT81NyMPDDfi-WSt3Uh2xJ72GpvRfR1Pdq_QcKa2jeqIp7F-Y6oY4XRwYheBAnBzQMG8j6oKsyRkdi7GACgl0GZWKP5fAE1pDlr:1taFJh:tMHX9nE1ens8HWo4XlAseoLyy5IcG2vhkvXJYRu5MQc	2025-02-04 14:33:21.397763+00
4vi8xvidc12yaqdfgendk1zbpp9vnhs1	.eJxVjMsOgjAUBf-la9P0UlqsS_d8Q3NfWNRAQmFl_HclYaHbMzPnZTJua8lb1SWPYi7GO3P6HQn5odNO5I7TbbY8T-sykt0Ve9Bq-1n0eT3cv4OCtXzrJqkinsUHR-RYofPQYRBBQvBDi5FCiKoKQ2IkDj5FAGikVSbWZN4fNHM5aQ:1taydM:gph-XEy5ZdAJ_8vyc-Ef28o45mmXU_cvRDttkN9Yziw	2025-02-06 14:56:40.464623+00
of3b1npy83o1m2qvswohim03wekpz67g	.eJxVjMsOgjAUBf-la9NwW1qsS_d8Q3NfWNRAQmFl_HclYaHbMzPnZTJua8lb1SWPYi7GO3P6HQn5odNO5I7TbbY8T-sykt0Ve9Bq-1n0eT3cv4OCtXxrl1QRz-JDQ9SwQuehwyCChOCHFiOFEFUVhsRIHHyKAOCkVSbWZN4fNaU5aw:1tcCTE:zFR7IWF73OUw485n4g1hMtpYdlep5Yfd4FCcE2PYuas	2025-02-09 23:55:16.515991+00
ly0uw4y6d5zszl1h0gub0sd1jmobkww2	.eJxVjMsOgjAUBf-la9NwKS3UpXu_obkvLGpKQmFl_HclYaHbMzPnZRJua05b1SVNYs4GBnP6HQn5oWUncsdymy3PZV0msrtiD1rtdRZ9Xg737yBjzd-6jaqIgzjfEDWs0Dvo0YsgIbixw0DeB1WFMTISexcDALTSKRNrNO8POAc5bw:1tbOdT:_WgoruHcY23fjb2_tBNrm2xzO_33Z1dfe91Dap4MII8	2025-02-07 18:42:31.22721+00
kuji4k1t4op23kltbb3nzd3i9kxzsd9q	.eJxVjMsOgjAUBf-la9Nw6QPr0j3f0NwXFjWQUFgZ_11JWOj2zMx5mYzbWvJWdcmjmIvx5vS7EfJDpx3IHafbbHme1mUkuyv2oNX2s-jzerh_BwVr-dZtUkU8iwsNUcMKnYMOgwgSghs8RgohqioMiZE4uBQBoBWvTKzJvD8Rsjk6:1tbOdT:NAfSuhI1oQPKmGwTNy2jl2dF90nCqLEbbK_47LZXuec	2025-02-07 18:42:31.465476+00
lija8ul0xnotp9scv42xn23txgvjtmjb	.eJxVjMsOgjAUBf-la9NwW1qsS_d8Q3NfWNRAQmFl_HclYaHbMzPnZTJua8lb1SWPYi7GO3P6HQn5odNO5I7TbbY8T-sykt0Ve9Bq-1n0eT3cv4OCtXxrl1QRz-JDQ9SwQuehwyCChOCHFiOFEFUVhsRIHHyKAOCkVSbWZN4fNaU5aw:1tYq0s:Y-XZjKOK-e5Gnas37mLulgvHDpTEb_z3Z0wfICh40u8	2025-01-31 17:20:06.261805+00
h3qyhz8aasfqq25hlwv1ouzqvbf65icy	.eJxVjMsOgjAUBf-la9NwKS3WpXu-obkvLGpKQmFl_HclYaHbMzPnZRJua05b1SVNYi4Gojn9joT80LITuWO5zZbnsi4T2V2xB612mEWf18P9O8hY87duoyriWZxviBpW6B306EWQENzYYSDvg6rCGBmJvYsBAFrplIk1mvcHOKA5cA:1tZL6L:7nT2uapPXDaG4CsUVHmaThrqOdKVuj8LvJ-vXZXXyIg	2025-02-02 02:31:49.966069+00
mff87k8a25kqkk4tn91acv0ndltpcgv6	.eJxVjMsOgjAUBf-la9NwW1qsS_d8Q3NfWNRAQmFl_HclYaHbMzPnZTJua8lb1SWPYi7GO3P6HQn5odNO5I7TbbY8T-sykt0Ve9Bq-1n0eT3cv4OCtXxrl1QRz-JDQ9SwQuehwyCChOCHFiOFEFUVhsRIHHyKAOCkVSbWZN4fNaU5aw:1tZAw8:-wkn26lPWM5f6QNTaSrSCb20rchUYT2Xm_x9VaUwsGs	2025-02-01 15:40:36.947552+00
dr751q28bdsbn3xt6d02hcrf5w8nom4q	.eJxVjMsOgjAUBf-la9NwKS3WpXu-obkvLGpKQmFl_HclYaHbMzPnZRJua05b1SVNYi7Gm9PvRsgPLTuQO5bbbHku6zKR3RV70GqHWfR5Pdy_g4w1f-s2qiKexfmGqGGF3kGPXgQJwY0dBvI-qCqMkZHYuxgAoJVOmVijeX8AEks5Ow:1tZAw9:lIw8Dt1BTSRQ9sWAV7jV1fUU60abs1X5NDRqlRZi0Gg	2025-02-01 15:40:37.104264+00
1tl6drhfecyweagja9603hqqyjp1xmgf	.eJxVjMsOgjAUBf-la9NwKW2tS_d8Q3NfWNRAQmFl_HclYaHbMzPnZTJua8lb1SWPYi4Gojn9joT80GkncsfpNluep3UZye6KPWi1_Sz6vB7u30HBWr51m1QRz-J8Q9SwQnQQ0YsgIbihw0DeB1WFITESe5cCALTSKRNrMu8PN245bg:1tZL1A:TZ6Nu5S8TfoFWE49FVq0cY_8TpzprTeK8z5myU2czsU	2025-02-02 02:26:28.620428+00
j9tjqjrxfr22kx1nelpzw239t0n3vtap	.eJxVjMsOgjAUBf-la9P0UlqsS_d8Q3NfWNRAQmFl_HclYaHbMzPnZTJua8lb1SWPYi7GO3P6HQn5odNO5I7TbbY8T-sykt0Ve9Bq-1n0eT3cv4OCtXzrJqkinsUHR-RYofPQYRBBQvBDi5FCiKoKQ2IkDj5FAGikVSbWZN4fNHM5aQ:1taFJh:ifxFp2PbKAqCaQB1SfgUqIHTOisQB7dLHIX7JHlPzq8	2025-02-04 14:33:21.231353+00
c2ra2tp8il3pyp4nquyj71ao8q2yxhpf	.eJxVjMsOgjAUBf-la9Nw6QPr0j3fQO4Li5qSUFgZ_11JWOj2zMx5mQG3NQ9b1WWYxFyMb8zpdyTkh5adyB3LbbY8l3WZyO6KPWi1_Sz6vB7u30HGmr91m1QRz-JCQ9SwQuegwyCChOBGj5FCiKoKY2IkDi5FAGjFKxNrMu8PNQ05ag:1taFJh:uajl7B59wp7PN6GwL9My1HVPUUAaEo_mZZ3kg1KUW_Y	2025-02-04 14:33:21.40741+00
kudpcflsjouzlvqovb8otgmbj739zjcr	.eJxVjEsKwjAUAO-StYS-pkmNS_eeobxfTVUSaNqVeHcJdKHbmWHeZsJ9S9NedZ0WMRfTB3P6hYT81NyMPDDfi-WSt3Uh2xJ72GpvRfR1Pdq_QcKa2jeqIp7F-Y6oY4XRwYheBAnBzQMG8j6oKsyRkdi7GACgl0GZWKP5fAE3bzlu:1tZLwG:Hy_d66zWBB5r6kxInZ3d0M_zmpewSJMKq5NQsOjHMhE	2025-02-02 03:25:28.580249+00
ej3boqntjedvm1hizujhqlmbvmpms2vb	.eJxVjMsOgjAUBf-la9NwKS3WpXu-obkvLGpKQmFl_HclYaHbMzPnZRJua05b1SVNYi7GeXP6HQn5oWUncsdymy3PZV0msrtiD1rtMIs-r4f7d5Cx5m_dRlXEszjfEDWs0Dvo0YsgIbixw0DeB1WFMTISexcDALTSKRNrNO8PN3A5bg:1tZZUW:tbAU0oKKKb2GELbXrY1-0khYZJ94F3ERACawKDSJi7c	2025-02-02 17:53:44.704528+00
69dzc6a4hcg1n0v2n5jgfnnhk2es3kpk	.eJxVjMsOgjAUBf-la9Nw6QPr0j3fQO4Li5qSUFgZ_11JWOj2zMx5mQG3NQ9b1WWYxFyMb8zpdyTkh5adyB3LbbY8l3WZyO6KPWi1_Sz6vB7u30HGmr91m1QRz-JCQ9SwQuegwyCChOBGj5FCiKoKY2IkDi5FAGjFKxNrMu8PNQ05ag:1taydM:o7hfItt2Zw2gon1IeSCKar3kTNVfxrraTOqqphwdRNI	2025-02-06 14:56:40.492379+00
pemh8b8tc9jwteu9ca3zlatx5b8vqy8z	.eJxVjMsOwiAQRf-FtSHlJYxL934DGYZBqoYmpV0Z_92QdKHbe865bxFx32rcO69xzuIirBWn3zEhPbkNkh_Y7oukpW3rnORQ5EG7vC2ZX9fD_Tuo2OuokwsBMPkpAzFoBVMplj2dDXhrg84uEzKSUaQSctEOgtIFjE4lGCs-Xx5XOHw:1tcCTE:_DlBFgXVeEFUtjNIvaUxpiZYEQEifl9NybIfoNNyke8	2025-02-09 23:55:16.653367+00
1mb5680ok70hy7rvuh586sw8s9y2rqk4	.eJxVjEsKwjAUAO-StYS-pEmNS_eeIbxfTVVaaNqVeHcJdKHbmWHeJuO-lbxXXfMk5mKcM6dfSMhPnZuRB873xfIyb-tEtiX2sNXeFtHX9Wj_BgVrad-kingWHzqijhUGDwMGESQEP_YYKYSoqjAmRuLgUwQAJ70ysSbz-QI1Czlq:1tbOdT:NDqSYifMpywwmzf-ZJjg6j97OC9LJNYpjlP4bdqMV6U	2025-02-07 18:42:31.233527+00
6qtzyxm2zzw4fynrkem6hc3c92hyeayd	.eJxVjMsOgjAUBf-la9NwW1qsS_d8Q3NfWNRAQmFl_HclYaHbMzPnZTJua8lb1SWPYi4GnDn9joT80GkncsfpNluep3UZye6KPWi1_Sz6vB7u30HBWr61S6qIZ_GhIWpYofPQYRBBQvBDi5FCiKoKQ2IkDj5FAHDSKhNrMu8PNHE5aQ:1tbOdT:QG_Hpj5cn5nHmJXYFc2n6xCHxjYOsDaHjO7jxyr5XVU	2025-02-07 18:42:31.45103+00
4ulhoxl1o436itw55gmdd271dboksz79	.eJxVjMsOgjAUBf-la9NwKS3WpXu-obkvLGpKQmFl_HclYaHbMzPnZRJua05b1SVNYi4GzOl3I-SHlh3IHctttjyXdZnI7oo9aLXDLPq8Hu7fQcaav3UbVRHP4nxD1LBC76BHL4KE4MYOA3kfVBXGyEjsXQwA0EqnTKzRvD8P5zk3:1teG50:xoAQKCgy41TMhWs7ipqQsZl_Hyj2fkLRpAIfNL9KUlg	2025-02-15 16:10:46.587122+00
nemlqzt19safxoacibev1qs86f8uno6p	.eJxVjEsKwjAUAO-StYS-5lPj0r1nKO9XU5UUmnYl3l0CXeh2Zpi3GXHf8rhXXcdZzMX03px-ISE_tTQjDyz3xfJStnUm2xJ72Gpvi-jrerR_g4w1t29SRTyLCx1RxwqDgwGDCBKCmzxGCiGqKkyJkTi4FAGgF69MrMl8vjY9OWw:1tYq0s:5qWT6EIaNF4Sn6KTypYgAqNu2mOCSeUe2IpnTpr3xrI	2025-01-31 17:20:06.282956+00
565s4gxi15gvrkslg06ce6qrmu94ievq	.eJxVjMsOgjAUBf-la9Nw6QPr0j3f0NwXFjWQUFgZ_11JWOj2zMx5mYzbWvJWdcmjmIsBb06_IyE_dNqJ3HG6zZbnaV1GsrtiD1ptP4s-r4f7d1Cwlm_dJlXEs7jQEDWs0DnoMIggIbjBY6QQoqrCkBiJg0sRAFrxysSazPsDNaM5aw:1tZL6L:EMynUez6gxsVR9dcpGfad5-RgSALQUYJubC_jqq5-50	2025-02-02 02:31:49.977446+00
hlbqkp9kwu76u67vckab1t29nqg3x5u8	.eJxVjEsKwjAUAO-StYS-pkmNS_eeobxfTVUSaNqVeHcJdKHbmWHeZsJ9S9NedZ0WMRfTgzn9QkJ-am5GHpjvxXLJ27qQbYk9bLW3Ivq6Hu3fIGFN7RtVEc_ifEfUscLoYEQvgoTg5gEDeR9UFebISOxdDADQy6BMrNF8vjRyOWk:1tZAw8:3I4SNTeHqsjj83TGD-ZqYm4PnxiZobA1_NZ-B8LrrjU	2025-02-01 15:40:36.960843+00
0iqan9t0dmt6uw63rei4tso3n9tfvlf0	.eJxVjMsOgjAUBf-la9NwW1qsS_d8Q3NfWNRAQmFl_HclYaHbMzPnZTJua8lb1SWPYi4GnDn9joT80GkncsfpNluep3UZye6KPWi1_Sz6vB7u30HBWr61S6qIZ_GhIWpYofPQYRBBQvBDi5FCiKoKQ2IkDj5FAHDSKhNrMu8PNHE5aQ:1tZAw9:ceUBMZW6QbPtcUDEOIaP0kAoXnkg8WsLb21qPVxPDgw	2025-02-01 15:40:37.111965+00
imx5rdwp7htmpckg1jkxt8ac4tcppv4f	.eJxVjMsOwiAQRf-FtSHlJYxL934DGYZBqoYmpV0Z_92QdKHbe865bxFx32rcO69xzuIirBWn3zEhPbkNkh_Y7oukpW3rnORQ5EG7vC2ZX9fD_Tuo2OuokwsBMPkpAzFoBVMplj2dDXhrg84uEzKSUaQSctEOgtIFjE4lGCs-Xx5XOHw:1tbhol:mI4VYyqAlp4iRc57YQOuHtlxtuypX3cTdqEUJjOEMoQ	2025-02-08 15:11:27.862767+00
0wdev7wmd4uxuzgufy75cnqn0nn10t1r	.eJxVjEsOgjAUAO_StWl4lBbr0j1nIO-HRU2bUFgZ724wLHQ7M5mXGXFb07hVXcZZzMW00Zx-ISE_NO9G7phvxXLJ6zKT3RN72GqHIvq8Hu3fIGFN368q4lmcb4gaVugd9OhFkBDc1GEg74OqwhQZib2LAQBa6ZSJNZr3Bzk6OXE:1tZL1A:HNYJwLVM9gVfFw5cuT7-bozBDRWsM_YmCs_6GuyQCW8	2025-02-02 02:26:28.624375+00
lxmi6k5mftgri9xdd5so8uuu1i842fiw	.eJxVjEsOgjAUAO_StWl4lBbr0j1nIO-HRU2bUFgZ724wLHQ7M5mXGXFb07hVXcZZzMW00Zx-ISE_NO9G7phvxXLJ6zKT3RN72GqHIvq8Hu3fIGFN368q4lmcb4gaVugd9OhFkBDc1GEg74OqwhQZib2LAQBa6ZSJNZr3Bzk6OXE:1taFJh:VjPgTApPPeUqs5nmUrdXau4lLgh2p27lFOaeAGQS0Ds	2025-02-04 14:33:21.250997+00
xnwwzbu553cyde5d742z0eainyhf1t0a	.eJxVjMsOgjAUBf-la9Nw6QPr0j3f0NwXFjWQUFgZ_11JWOj2zMx5mYzbWvJWdcmjmIsBb06_IyE_dNqJ3HG6zZbnaV1GsrtiD1ptP4s-r4f7d1Cwlm_dJlXEs7jQEDWs0DnoMIggIbjBY6QQoqrCkBiJg0sRAFrxysSazPsDNaM5aw:1tZLwG:Zr4XvzdNqv6LBZ3MmyO98onIXeUGJ90qFJ32LfA22Hg	2025-02-02 03:25:28.577594+00
ff4xqfe2ani71az7u75x9ult9xn4d7i2	.eJxVjMsOgjAUBf-la9NwKS3WpXu-obkvLGpKQmFl_HclYaHbMzPnZRJua05b1SVNYi7GeXP6HQn5oWUncsdymy3PZV0msrtiD1rtMIs-r4f7d5Cx5m_dRlXEszjfEDWs0Dvo0YsgIbixw0DeB1WFMTISexcDALTSKRNrNO8PN3A5bg:1taFJh:AwOyjSg0Y36tgIMyovD3-88mOGgyRapHz4PYLZMfVhc	2025-02-04 14:33:21.438735+00
zhgmgy536mnojs76xzotr1fjnlw1bub1	.eJxVjMsOgjAUBf-la9NwKS3WpXu-obkvLGpKQmFl_HclYaHbMzPnZRJua05b1SVNYi7GRXP6HQn5oWUncsdymy3PZV0msrtiD1rtMIs-r4f7d5Cx5m_dRlXEszjfEDWs0Dvo0YsgIbixw0DeB1WFMTISexcDALTSKRNrNO8POdQ5cg:1tZZUW:r9Vdd8waRY56s9H0fPt9DHNUbOOkrayEhNKPsr8n17o	2025-02-02 17:53:44.712917+00
biibo8017bzg1c9v1fecnz56dpqw0pzd	.eJxVjMsOgjAUBf-la9NwKS3UpXu_obkvLGpKQmFl_HclYaHbMzPnZRJua05b1SVNYs7GDeb0OxLyQ8tO5I7lNluey7pMZHfFHrTa6yz6vBzu30HGmr91G1URB3G-IWpYoXfQoxdBQnBjh4G8D6oKY2Qk9i4GAGilUybWaN4fOTs5cQ:1tcCTE:6u0-4F7NiCs0zm892ZB3zRHernMqWl0L75TNMGx9LaI	2025-02-09 23:55:16.738939+00
o1lh65ytzyk5nszk2dj7pqapafo4a30p	.eJxVjEsKwjAUAO-StYS-pkmNS_eeobxfTVUSaNqVeHcJdKHbmWHeZsJ9S9NedZ0WMRfTe3P6hYT81NyMPDDfi-WSt3Uh2xJ72GpvRfR1Pdq_QcKa2jeqIp7F-Y6oY4XRwYheBAnBzQMG8j6oKsyRkdi7GACgl0GZWKP5fAE21jlt:1taydM:JcJEvWYT9oaFXbus5qa1uOAjPr3TK03K8hIqxEuyZX4	2025-02-06 14:56:40.489363+00
bb23mqdskqgttlk69smjk16rzobiaxxs	.eJxVjEsKwjAUAO-StYS-pkmNS_eeobxfTVUSaNqVeHcJdKHbmWHeZsJ9S9NedZ0WMRfTB3P6hYT81NyMPDDfi-WSt3Uh2xJ72GpvRfR1Pdq_QcKa2jeqIp7F-Y6oY4XRwYheBAnBzQMG8j6oKsyRkdi7GACgl0GZWKP5fAE3bzlu:1teG5r:b_RWJfY64LsONoA6nGeKuLiLPaOn3_Qcutoi0ErTNPQ	2025-02-15 16:11:39.27999+00
eenhis37r46ge4cz8n7kw8qfs29k0frs	.eJxVjEsKwjAUAO-StYS-pkmNS_eeobxfTVUSaNqVeHcJdKHbmWHeZsJ9S9NedZ0WMRfTm9MvI-Sn5ibkgfleLJe8rQvZltjDVnsroq_r0f4NEtbUtlEV8SzOd0QdK4wORvQiSAhuHjCQ90FVYY6MxN7FAAC9DMrEGs3nCxCAOTg:1tbOdT:j0MSUR7h65C9ib0nwSvpAmBYit6FA6qxp6ldgz3M9BA	2025-02-07 18:42:31.270927+00
5qlvipy76dsli1jowsdke1hrrsos9ndv	.eJxVjEsKwjAUAO-StYS-pkmMS_eeobxfTVVSaNqVeHcJdKHbmWHeZsR9y-NedR1nMRfTR3P6hYT81NKMPLDcF8tL2daZbEvsYau9LaKv69H-DTLW3L5JFfEszndEHStEBxG9CBKCmwYM5H1QVZgSI7F3KQBAL4MysSbz-QI4CDlv:1tbOdT:RXCAiAd5RDnxBGYQ_Q7xHDnDa6ViygOQrkbyA7PJviw	2025-02-07 18:42:31.673522+00
95m42a4os2jxbonwhl8cpplm046fjdub	.eJxVjMsOgjAUBf-la9NwKS3WpXu-obkvLGpKQmFl_HclYaHbMzPnZRJua05b1SVNYi7GgTn9joT80LITuWO5zZbnsi4T2V2xB612mEWf18P9O8hY87duoyriWZxviBpW6B306EWQENzYYSDvg6rCGBmJvYsBAFrplIk1mvcHNQw5ag:1tYq0s:Cva6fUhkdNfHmxAiMvqQlqkIuKZd5cYmtdBxWa55KpA	2025-01-31 17:20:06.288601+00
yv2qe561qbvuotty2qgovv5aqvok43d2	.eJxVjMsOgjAUBf-la9NwW1qsS_d8Q3NfWNRAQmFl_HclYaHbMzPnZTJua8lb1SWPYi7GO3P6HQn5odNO5I7TbbY8T-sykt0Ve9Bq-1n0eT3cv4OCtXxrl1QRz-JDQ9SwQuehwyCChOCHFiOFEFUVhsRIHHyKAOCkVSbWZN4fNaU5aw:1tZL6L:L7aV7jpJV1oYlYzuiVN2wvj22wOH4u2_vQuBe9Gr378	2025-02-02 02:31:49.969671+00
3vxecsrf89533nqnjc4la6b9rkdroyw9	.eJxVjEsKwjAUAO-StYS-pEmNS_eeIbxfTVVaaNqVeHcJdKHbmWHeJuO-lbxXXfMk5mKcM6dfSMhPnZuRB873xfIyb-tEtiX2sNXeFtHX9Wj_BgVrad-kingWHzqijhUGDwMGESQEP_YYKYSoqjAmRuLgUwQAJ70ysSbz-QI1Czlq:1tZAw8:_uk1sl_MK1QLgddTlatDLNNMH4aiFTURYkadG_bwQVs	2025-02-01 15:40:36.955446+00
1ot1iwx0fsphl154z5v5mgtk84ivi3j0	.eJxVjMsOgjAUBf-la9Nw6QPr0j3f0NwXFjWQUFgZ_11JWOj2zMx5mYzbWvJWdcmjmItx3px-R0J-6LQTueN0my3P07qMZHfFHrTafhZ9Xg_376BgLd-6TaqIZ3GhIWpYoXPQYRBBQnCDx0ghRFWFITESB5ciALTilYk1mfcHNtc5bQ:1tZAw9:4KAG_APtSTfmt3Ae-43DeToy-6gaSghFK5QS0adcdJ8	2025-02-01 15:40:37.108138+00
zb9o2jqc2wgsbmg7koig5mrvu5guqsdk	.eJxVjEsKwjAUAO-StYS-pkmNS_eeobxfTVUSaNqVeHcJdKHbmWHeZsJ9S9NedZ0WMRfTO3P6hYT81NyMPDDfi-WSt3Uh2xJ72GpvRfR1Pdq_QcKa2jeqIp7F-Y6oY4XRwYheBAnBzQMG8j6oKsyRkdi7GACgl0GZWKP5fAE1pDlr:1tZL1A:sBHgzfap5CNQkkVRU5R4HqukPwMIku9K9K0UMMvwa9E	2025-02-02 02:26:28.633118+00
cwhewd1qksut5245asy7hbflwp2rdcm7	.eJxVjEsKwjAUAO-StYS-pkmNS_eeobxfTVUSaNqVeHcJdKHbmWHeZsJ9S9NedZ0WMRfTgzn9QkJ-am5GHpjvxXLJ27qQbYk9bLW3Ivq6Hu3fIGFN7RtVEc_ifEfUscLoYEQvgoTg5gEDeR9UFebISOxdDADQy6BMrNF8vjRyOWk:1tZLwE:HLLXeoKkcqYT-bquOVGjrBwPmOTn624nQkLetNPU46o	2025-02-02 03:25:26.123916+00
zrkf6cknlin8kp9phw2ujlk9of6vy2qw	.eJxVjMsOgjAUBf-la9NwW1qsS_d8Q3NfWNRAQmFl_HclYaHbMzPnZTJua8lb1SWPYi7GO3P6HQn5odNO5I7TbbY8T-sykt0Ve9Bq-1n0eT3cv4OCtXxrl1QRz-JDQ9SwQuehwyCChOCHFiOFEFUVhsRIHHyKAOCkVSbWZN4fNaU5aw:1taFJh:TLXb6m2f854LD01yGg5cO-2xNtovwigTKM3uAY1MIrM	2025-02-04 14:33:21.235805+00
rjv23bagx3jkundlp5638yfsy28vbyu3	.eJxVjMsOgjAUBf-la9NwKS3WpXu-obkvLGpKQmFl_HclYaHbMzPnZRJua05b1SVNYi7Gm9PvRsgPLTuQO5bbbHku6zKR3RV70GqHWfR5Pdy_g4w1f-s2qiKexfmGqGGF3kGPXgQJwY0dBvI-qCqMkZHYuxgAoJVOmVijeX8AEks5Ow:1tZLwG:o5MBMRz16ZgQMSgp79xgwdA1Kw45UXHnG_IXOa8dI-M	2025-02-02 03:25:28.581713+00
pnx8usi45ij2iy55bxelv9rl2nx4xx4j	.eJxVjMsOgjAUBf-la9NwKS3UpXu_obkvLGpKQmFl_HclYaHbMzPnZRJua05b1SVNYs4GBnP6HQn5oWUncsdymy3PZV0msrtiD1rtdRZ9Xg737yBjzd-6jaqIgzjfEDWs0Dvo0YsgIbixw0DeB1WFMTISexcDALTSKRNrNO8POAc5bw:1taFJh:vvNdIJJLJXDP30P-oHcxsoW1rjnTuLlAet_6wy7Arjk	2025-02-04 14:33:21.442576+00
i2reukzlrjdxdplrmom2xsk78t2x2ozz	.eJxVjMsOgjAUBf-la9NwKS3WpXu-obkvLGpKQmFl_HclYaHbMzPnZRJua05b1SVNYi4GwJx-R0J-aNmJ3LHcZstzWZeJ7K7Yg1Y7zKLP6-H-HWSs-Vu3URXxLM43RA0r9A569CJICG7sMJD3QVVhjIzE3sUAAK10ysQazfsDM9g5aA:1tZZUW:aql8NNp7oAwCRCJNKfE00_7FcZe82EYN8G-eyfT-YdU	2025-02-02 17:53:44.711429+00
rzgic8r6yqmiu51e9b8hiz5uffhf09rn	.eJxVjMsOgjAUBf-la9NwKS3WpXu-obkvLGpKQmFl_HclYaHbMzPnZRJua05b1SVNYi4mmNPvRsgPLTuQO5bbbHku6zKR3RV70GqHWfR5Pdy_g4w1f-s2qiKexfmGqGGF3kGPXgQJwY0dBvI-qCqMkZHYuxgAoJVOmVijeX8AEuQ5PA:1taydM:YTtWvd4YPFM7flsHmu1s5VCYe7NMGaQnirttMUv39oc	2025-02-06 14:56:40.494803+00
vpq9lqekynnagjp4y0bmsbbr9psxn9gn	.eJxVjMsOgjAUBf-la9NwKS3UpXu_obkvLGpKQmFl_HclYaHbMzPnZRJua05b1SVNYs5mMKffjZAfWnYgdyy32fJc1mUiuyv2oNVeZ9Hn5XD_DjLW_K3bqIo4iPMNUcMKvYMevQgSghs7DOR9UFUYIyOxdzEAQCudMrFG8_4AFBY5Pg:1tbOdT:cZ6rrne0gpbUlTBlvOTahVHhfA5Sg8MI62lEQ7fG6iY	2025-02-07 18:42:31.245311+00
ihhermeb4r8n9xibwbtb5p8x36v2hkkc	.eJxVjMsOgjAUBf-la9NwKW2tS_d8Q3NfWNRAQmFl_HclYaHbMzPnZTJua8lb1SWPYi4mmtPvRsgPnXYgd5xus-V5WpeR7K7Yg1bbz6LP6-H-HRSs5Vu3SRXxLM43RA0rRAcRvQgSghs6DOR9UFUYEiOxdykAQCudMrEm8_4AE305PQ:1tbOdT:_7W1N8gXDnoKBw0h7XXWs0tqCbzMjJ0qrfVKEpDfyow	2025-02-07 18:42:31.650918+00
yk3yam8fc74x4jmcs5zh3ktupky17cbn	.eJxVjMsOgjAUBf-la9NwW1qsS_d8Q3NfWNRAQmFl_HclYaHbMzPnZTJua8lb1SWPYi7GO3P6HQn5odNO5I7TbbY8T-sykt0Ve9Bq-1n0eT3cv4OCtXxrl1QRz-JDQ9SwQuehwyCChOCHFiOFEFUVhsRIHHyKAOCkVSbWZN4fNaU5aw:1teG5r:utbPZhM0pgrzGILxTmAMJU4vkX4XTEBkEaNbWoqcSRg	2025-02-15 16:11:39.288506+00
htx1yzj2aa649lxk21nnx24d2pna23az	.eJxVjMsOgjAUBf-la9P0UlqsS_d8Q3NfWNRAQmFl_HclYaHbMzPnZTJua8lb1SWPYi7GO3P6HQn5odNO5I7TbbY8T-sykt0Ve9Bq-1n0eT3cv4OCtXzrJqkinsUHR-RYofPQYRBBQvBDi5FCiKoKQ2IkDj5FAGikVSbWZN4fNHM5aQ:1tYq0s:Fgj6YKNi-HNK7Hwm6atTLtnoZIWk_msGbbHZY6GkEGE	2025-01-31 17:20:06.291248+00
ej7qsyr7e941tk5biol7ozas5dhwwbzq	.eJxVjEsOgjAUAO_StWl4lBbr0j1nIO-HRU2bUFgZ724wLHQ7M5mXGXFb07hVXcZZzMW00Zx-ISE_NO9G7phvxXLJ6zKT3RN72GqHIvq8Hu3fIGFN368q4lmcb4gaVugd9OhFkBDc1GEg74OqwhQZib2LAQBa6ZSJNZr3Bzk6OXE:1tZAw8:Ex-WsvAxaZsbTHByLOXZZssDNo1qNHqgh6Q4hRHZ4DY	2025-02-01 15:40:36.953014+00
dugykvjjot6egtn4vr24fi6q4cqapaw4	.eJxVjMsOgjAUBf-la9NwKS3WpXu-obkvLGpKQmFl_HclYaHbMzPnZRJua05b1SVNYi4Ggjn9joT80LITuWO5zZbnsi4T2V2xB612mEWf18P9O8hY87duoyriWZxviBpW6B306EWQENzYYSDvg6rCGBmJvYsBAFrplIk1mvcHNtU5bQ:1tZAw8:wrH5kFgIN0LUdzJewVt-B4HaZqY5TmkD-_5Atyl4yCQ	2025-02-01 15:40:36.974841+00
ggu7xekv801cwkbdorf6e8c17hmwz7a7	.eJxVjMsOgjAUBf-la9NwKS3WpXu-obkvLGpKQmFl_HclYaHbMzPnZRJua05b1SVNYi7GBXP6HQn5oWUncsdymy3PZV0msrtiD1rtMIs-r4f7d5Cx5m_dRlXEszjfEDWs0Dvo0YsgIbixw0DeB1WFMTISexcDALTSKRNrNO8POAk5bw:1tZL6L:p1UOM3K68WYcvrQ3cCceFwpvPa6aJa1p-F6eC9V9GRg	2025-02-02 02:31:49.97435+00
mtm6lkb013342p7989ai9lmp5nbcwoel	.eJxVjMsOgjAUBf-la9NwKS3WpXu-obkvLGpKQmFl_HclYaHbMzPnZRJua05b1SVNYi4GvDn9joT80LITuWO5zZbnsi4T2V2xB612mEWf18P9O8hY87duoyriWZxviBpW6B306EWQENzYYSDvg6rCGBmJvYsBAFrplIk1mvcHNjw5bA:1tZL1A:DF1OF-H_eslHej5DJ14jo32BVdxkC22apQS8alLUkQQ	2025-02-02 02:26:28.627741+00
5qlmg33i1y2uiwh8zfat7iv3z22osydi	.eJxVjMsOgjAUBf-la9NwKS3UpXu_obkvLGpKQmFl_HclYaHbMzPnZRJua05b1SVNYs7GDeb0OxLyQ8tO5I7lNluey7pMZHfFHrTa6yz6vBzu30HGmr91G1URB3G-IWpYoXfQoxdBQnBjh4G8D6oKY2Qk9i4GAGilUybWaN4fOTs5cQ:1tbmzL:uYELM6W3phVXhjsjOc1_W8Gq8-3F-nYaoqmS-AO0UXE	2025-02-08 20:42:43.897326+00
atvujeihzj7as1pwmlcb0ouwhk1nbzp0	.eJxVjEsKwjAUAO-StYS-pkmNS_eeobxfTVUSaNqVeHcJdKHbmWHeZsJ9S9NedZ0WMRfTO3P6hYT81NyMPDDfi-WSt3Uh2xJ72GpvRfR1Pdq_QcKa2jeqIp7F-Y6oY4XRwYheBAnBzQMG8j6oKsyRkdi7GACgl0GZWKP5fAE1pDlr:1tZLwE:kgZFLdCNA6wLGIPo1egsAHnH223YTDXuE5tX6JR6T6w	2025-02-02 03:25:26.162216+00
rt46lln614mspjox4nqm11an9e4wbcs8	.eJxVjEsKwjAUAO-StYS8pkmNS_eeobxfTVVSaNqVeHcJdKHbmWHeZsR9y-NedR1nMRfTOXP6hYT81NKMPLDcF8tL2daZbEvsYau9LaKv69H-DTLW3L5JFfEsPjgixwqDhwGDCBKCn3qMFEJUVZgSI3HwKQJAJ70ysSbz-QIz2Tlo:1taFJh:E3q7rn5QWsJbmv1c0Gn9Gdrty7-KJHl0fwr-JVuMc-k	2025-02-04 14:33:21.253403+00
nbt271gu9ef593gh3w53rz3vxjhpls8h	.eJxVjMsOgjAUBf-la9NwKS3WpXu-obkvLGpKQmFl_HclYaHbMzPnZRJua05b1SVNYi4GwJx-R0J-aNmJ3LHcZstzWZeJ7K7Yg1Y7zKLP6-H-HWSs-Vu3URXxLM43RA0r9A569CJICG7sMJD3QVVhjIzE3sUAAK10ysQazfsDM9g5aA:1tZLwG:-v6fo4z0u66fKHAa5xJhVeBwRLCX4Q4NBjsdGcYYVz8	2025-02-02 03:25:28.584404+00
p4e0ulbuicfasv21rrop7hoqa1on3cd7	.eJxVjMsOgjAUBf-la9NwKS3WpXu-obkvLGpKQmFl_HclYaHbMzPnZRJua05b1SVNYi7GgTn9joT80LITuWO5zZbnsi4T2V2xB612mEWf18P9O8hY87duoyriWZxviBpW6B306EWQENzYYSDvg6rCGBmJvYsBAFrplIk1mvcHNQw5ag:1taFJh:xzOnWRUypMGxyZTmk_tfvQptx8JTNq1xjDRVmPupmAE	2025-02-04 14:33:21.449719+00
n06bgv9xas7d1fam9bduthrtzu563o73	.eJxVjMsOgjAUBf-la9Nw6QPr0j3f0NwXFjWQUFgZ_11JWOj2zMx5mYzbWvJWdcmjmIsBb06_IyE_dNqJ3HG6zZbnaV1GsrtiD1ptP4s-r4f7d1Cwlm_dJlXEs7jQEDWs0DnoMIggIbjBY6QQoqrCkBiJg0sRAFrxysSazPsDNaM5aw:1tZZUW:NTaHJ0qLnls8V-Ow8q9ufMJp-f7QDng_5NZWWhVDrlw	2025-02-02 17:53:44.723837+00
f8xwtk9uox1uhcvqie67ix5wqxrxkszn	.eJxVjEsKwjAUAO-StYS-pEmNS_eeIbxfTVVaaNqVeHcJdKHbmWHeJuO-lbxXXfMk5mKcM6dfSMhPnZuRB873xfIyb-tEtiX2sNXeFtHX9Wj_BgVrad-kingWHzqijhUGDwMGESQEP_YYKYSoqjAmRuLgUwQAJ70ysSbz-QI1Czlq:1taydM:xkNdzyPAXUmhzOoJVRzv0_DajDCV_yl9tOiePIXHpwc	2025-02-06 14:56:40.503713+00
4j8yea2nheeacsq4fl2poqu1fp7kksqr	.eJxVjMsOwiAQRf-FtSHlJYxL934DGYZBqoYmpV0Z_92QdKHbe865bxFx32rcO69xzuIirBWn3zEhPbkNkh_Y7oukpW3rnORQ5EG7vC2ZX9fD_Tuo2OuokwsBMPkpAzFoBVMplj2dDXhrg84uEzKSUaQSctEOgtIFjE4lGCs-Xx5XOHw:1tcCfj:3s_GbGDPsrV09MZbBStIBOmwDx84mNtHInW_sgl5PEQ	2025-02-10 00:08:11.376401+00
vm52vq1qes6xejs5okprproi7at8yawg	.eJxVjEsKwjAUAO-StYS-pkmNS_eeobxfTVUSaNqVeHcJdKHbmWHeZsJ9S9NedZ0WMRfTB3P6hYT81NyMPDDfi-WSt3Uh2xJ72GpvRfR1Pdq_QcKa2jeqIp7F-Y6oY4XRwYheBAnBzQMG8j6oKsyRkdi7GACgl0GZWKP5fAE3bzlu:1tbOdT:VtRObr5DAsF1wIiWvMD2i0nZ5Orhf_oczmvOzg5ipjE	2025-02-07 18:42:31.254798+00
sadyhpxv4kmfpvol8zpah6tfmmgfxham	.eJxVjMsOgjAUBf-la9NwKS3WpXu-obkvLGpKQmFl_HclYaHbMzPnZRJua05b1SVNYi7GRXP6HQn5oWUncsdymy3PZV0msrtiD1rtMIs-r4f7d5Cx5m_dRlXEszjfEDWs0Dvo0YsgIbixw0DeB1WFMTISexcDALTSKRNrNO8POdQ5cg:1tbOdT:5WG85YIxEIkUjhuU3x0786XZaxzgj2os-Lppu26bJFQ	2025-02-07 18:42:31.678465+00
ypysebc5vyttghapvwgfk316tkz8wtcj	.eJxVjMsOgjAUBf-la9NwKS3WpXu-obkvLGpKQmFl_HclYaHbMzPnZRJua05b1SVNYi4GwJx-R0J-aNmJ3LHcZstzWZeJ7K7Yg1Y7zKLP6-H-HWSs-Vu3URXxLM43RA0r9A569CJICG7sMJD3QVVhjIzE3sUAAK10ysQazfsDM9g5aA:1teG5r:djtO8IPbzF8d5LvTQASkUCi2DSKXEWUXt55lOgDTfRs	2025-02-15 16:11:39.308025+00
s9mlaft1ekjcpxyyua7yd999kmb8pc80	.eJxVjEsKwjAUAO-StYS-pkmNS_eeobxfTVUSaNqVeHcJdKHbmWHeZsJ9S9NedZ0WMRfTm9MvI-Sn5ibkgfleLJe8rQvZltjDVnsroq_r0f4NEtbUtlEV8SzOd0QdK4wORvQiSAhuHjCQ90FVYY6MxN7FAAC9DMrEGs3nCxCAOTg:1tYq0s:ISHdGsjGHpJJtZj9TThW_lSeANO8ovBS80mXIGhwc5E	2025-01-31 17:20:06.296111+00
un4ptyssnsyn2igfp8vwqychqhwr6slz	.eJxVjMsOgjAUBf-la9Nw6QPr0j3fQO4Li5qSUFgZ_11JWOj2zMx5mQG3NQ9b1WWYxFyMb8zpdyTkh5adyB3LbbY8l3WZyO6KPWi1_Sz6vB7u30HGmr91m1QRz-JCQ9SwQuegwyCChOBGj5FCiKoKY2IkDi5FAGjFKxNrMu8PNQ05ag:1tYuV3:zfrmUtp_hrGa1N9VSJuTfmY9g63twnKrkkuURMhsEW0	2025-01-31 22:07:33.918651+00
ko8ue9fst5pwuznetfwb06qh1d588oms	.eJxVjMsOgjAUBf-la9NwW1qsS_d8Q3NfWNRAQmFl_HclYaHbMzPnZTJua8lb1SWPYi4GnDn9joT80GkncsfpNluep3UZye6KPWi1_Sz6vB7u30HBWr61S6qIZ_GhIWpYofPQYRBBQvBDi5FCiKoKQ2IkDj5FAHDSKhNrMu8PNHE5aQ:1tYuV3:sGd-dcF4_VDzdHJofXDvZxKZV-_bsFAFpe5I1NGoGKo	2025-01-31 22:07:33.920384+00
r1ar20ujkl9m9g3qyjahvbuow1k6rj8l	.eJxVjMsOgjAUBf-la9NwKS3UpXu_obkvLGpKQmFl_HclYaHbMzPnZRJua05b1SVNYs5mMKffjZAfWnYgdyy32fJc1mUiuyv2oNVeZ9Hn5XD_DjLW_K3bqIo4iPMNUcMKvYMevQgSghs7DOR9UFUYIyOxdzEAQCudMrFG8_4AFBY5Pg:1tYuV3:2OmfAX0DgdNXOJnh7VslPuZLp51Em2OnsOweEcCplmA	2025-01-31 22:07:33.923715+00
hi2xff0rrz9ma50wa1dhyowegz5ys3wx	.eJxVjEsOgjAUAO_StWl4lBbq0j1nIO-HRQ1NKKyMdzdNWOh2ZjJvM-Gxp-kouk2LmKtpB3P5hYT81LUaeeB6z5bzum8L2ZrY0xY7ZtHX7Wz_BglLqt-oijiI8w1Rwwq9gx69CBKCmzsM5H1QVZgjI7F3MQBAK50ysUbz-QI4oTlw:1tYuV3:3K6vlXQf3C55IbDzpH46uSpoU6A-oB59winQcYhyArg	2025-01-31 22:07:33.930606+00
i1dr1hhh60lp1wdnmby0dxdzbx4dit8k	.eJxVjEsOgjAUAO_StWl4lBbr0j1nIO-HRU2bUFgZ724wLHQ7M5mXGXFb07hVXcZZzMW00Zx-ISE_NO9G7phvxXLJ6zKT3RN72GqHIvq8Hu3fIGFN368q4lmcb4gaVugd9OhFkBDc1GEg74OqwhQZib2LAQBa6ZSJNZr3Bzk6OXE:1tYuV3:5YDqzabA1uiFzG9TalSLeylk8j1ZgMNoAGTsNyZgTTw	2025-01-31 22:07:33.934188+00
t3hr13ldr4gca7umelqo7z04rn8u3zbt	.eJxVjEsKwjAUAO-StYS-pkmNS_eeobxfTVUSaNqVeHcJdKHbmWHeZsJ9S9NedZ0WMRfTe3P6hYT81NyMPDDfi-WSt3Uh2xJ72GpvRfR1Pdq_QcKa2jeqIp7F-Y6oY4XRwYheBAnBzQMG8j6oKsyRkdi7GACgl0GZWKP5fAE21jlt:1tYuV3:sjWlhZvKjtuMRNKcNaVg9HSsgDSKvk4Uika4PEP4Dfc	2025-01-31 22:07:33.93736+00
fht1dsica91q3hrknhtskz73v56bcas1	.eJxVjMsOgjAUBf-la9NwKS3WpXu-obkvLGpKQmFl_HclYaHbMzPnZRJua05b1SVNYi7GeXP6HQn5oWUncsdymy3PZV0msrtiD1rtMIs-r4f7d5Cx5m_dRlXEszjfEDWs0Dvo0YsgIbixw0DeB1WFMTISexcDALTSKRNrNO8PN3A5bg:1tYuV3:ik_S25zHJtL6plCvJXoZnLejRWjKslCk3rCOCPhfHCg	2025-01-31 22:07:33.939775+00
9w1v15zkkqla0d24374d3d20qw175uwi	.eJxVjMsOgjAUBf-la9Nw6QPr0j3f0NwXFjWQUFgZ_11JWOj2zMx5mYzbWvJWdcmjmIsBb06_IyE_dNqJ3HG6zZbnaV1GsrtiD1ptP4s-r4f7d1Cwlm_dJlXEs7jQEDWs0DnoMIggIbjBY6QQoqrCkBiJg0sRAFrxysSazPsDNaM5aw:1tYuV3:w7BE81F2_tie38Wpnf7SC8yX4PwPta71FMEvVsYLr80	2025-01-31 22:07:33.944111+00
ee9q5jg2ugvd3el34dzvq0dky76j7791	.eJxVjMsOgjAUBf-la9NwKS3UpXu_obkvLGpKQmFl_HclYaHbMzPnZRJua05b1SVNYs7GDeb0OxLyQ8tO5I7lNluey7pMZHfFHrTa6yz6vBzu30HGmr91G1URB3G-IWpYoXfQoxdBQnBjh4G8D6oKY2Qk9i4GAGilUybWaN4fOTs5cQ:1tYuV3:rjD_N0yup_rYVDcOisLC-7Jg09xi4DvnD1fcZ-zt9pg	2025-01-31 22:07:33.948987+00
crzivvtrguli1r4x8dz2scbll7ebbsrx	.eJxVjMsOgjAUBf-la9NwKS3WpXu-obkvLGpKQmFl_HclYaHbMzPnZRJua05b1SVNYi4mmtPvRsgPLTuQO5bbbHku6zKR3RV70GqHWfR5Pdy_g4w1f-s2qiKexfmGqGGF3kGPXgQJwY0dBvI-qCqMkZHYuxgAoJVOmVijeX8AFK85Pw:1tYuV3:RMyZfTAd7ss3okNqxOXUfUmHXdpCS3p0S62d1lQ-dcU	2025-01-31 22:07:33.953174+00
sm17k8wmhskje31uums3d8r79w3tlqc6	.eJxVjEsKwjAUAO-StYS-pkmMS_eeobxfTVVSaNqVeHcJdKHbmWHeZsR9y-NedR1nMRfTR3P6hYT81NKMPLDcF8tL2daZbEvsYau9LaKv69H-DTLW3L5JFfEszndEHStEBxG9CBKCmwYM5H1QVZgSI7F3KQBAL4MysSbz-QI4CDlv:1tYuV3:T6jrEF_bwjW6WvL7vwVscGYy8BGJ3_s4s130uSeIg2s	2025-01-31 22:07:33.954953+00
272tzjfpbjtz57kvuxouq0wfkki7fkin	.eJxVjMsOgjAUBf-la9NwKS3WpXu-obkvLGpKQmFl_HclYaHbMzPnZRJua05b1SVNYi7GgTn9joT80LITuWO5zZbnsi4T2V2xB612mEWf18P9O8hY87duoyriWZxviBpW6B306EWQENzYYSDvg6rCGBmJvYsBAFrplIk1mvcHNQw5ag:1tYuV3:sdTi2tM2QzVzOywo3urXiPvjELN7_2jatwu2rEQEdnc	2025-01-31 22:07:33.958533+00
glwk6432p595i6swpokl85e2wq519e7o	.eJxVjMsOgjAUBf-la9P0UlqsS_d8Q3NfWNRAQmFl_HclYaHbMzPnZTJua8lb1SWPYi7GO3P6HQn5odNO5I7TbbY8T-sykt0Ve9Bq-1n0eT3cv4OCtXzrJqkinsUHR-RYofPQYRBBQvBDi5FCiKoKQ2IkDj5FAGikVSbWZN4fNHM5aQ:1tYuV3:BzMUojpHMQWS23HNiaXvms8pg947m_FGXJYYwlvjKzw	2025-01-31 22:07:33.961493+00
oh6rbkws6xqvpck2a1i1xqj1hiqkcask	.eJxVjMsOgjAUBf-la9NwKS3WpXu-obkvLGpKQmFl_HclYaHbMzPnZRJua05b1SVNYi7GBXP6HQn5oWUncsdymy3PZV0msrtiD1rtMIs-r4f7d5Cx5m_dRlXEszjfEDWs0Dvo0YsgIbixw0DeB1WFMTISexcDALTSKRNrNO8POAk5bw:1tYuV3:N79sG4Eh6hS-kwfEMYv1XSTAtmy7YxLXlHwZay-dYUU	2025-01-31 22:07:33.963891+00
4twpmeeitqhsdd70uwktt61g1g8lo0qt	.eJxVjEsKwjAUAO-StYS-pkmNS_eeobxfTVUSaNqVeHcJdKHbmWHeZsJ9S9NedZ0WMRfTm9MvI-Sn5ibkgfleLJe8rQvZltjDVnsroq_r0f4NEtbUtlEV8SzOd0QdK4wORvQiSAhuHjCQ90FVYY6MxN7FAAC9DMrEGs3nCxCAOTg:1tYuV3:94p9sug9zy81BHSShQ4Mbc_YQjHuDaRYBM3MKhi7bcg	2025-01-31 22:07:33.967047+00
glcqeyu3mjb28kt5xezmnc02btbnzn9q	.eJxVjMsOgjAUBf-la9NwKS3WpXu-obkvLGpKQmFl_HclYaHbMzPnZRJua05b1SVNYi4Gojn9joT80LITuWO5zZbnsi4T2V2xB612mEWf18P9O8hY87duoyriWZxviBpW6B306EWQENzYYSDvg6rCGBmJvYsBAFrplIk1mvcHOKA5cA:1tYuV3:hFH-rblTi6zlCKfiP0waxteD594b-4QghZJeDv5bcdI	2025-01-31 22:07:33.969959+00
3wagorzqluyn44tlg3a3k3l1u40xryai	.eJxVjEsKwjAUAO-StYS-pkmNS_eeobxfTVUSaNqVeHcJdKHbmWHeZsJ9S9NedZ0WMRfTgzn9QkJ-am5GHpjvxXLJ27qQbYk9bLW3Ivq6Hu3fIGFN7RtVEc_ifEfUscLoYEQvgoTg5gEDeR9UFebISOxdDADQy6BMrNF8vjRyOWk:1tYuV3:z4moIKJx9LhBPNU38xp18vm479ajNQ09ZfxYRbDFSIs	2025-01-31 22:07:33.977853+00
20z20qerj4rl9bqop7qmj4zsgugqueaw	.eJxVjEsKwjAUAO-StYS8pkmNS_eeobxfTVVSaNqVeHcJdKHbmWHeZsR9y-NedR1nMRfTOXP6hYT81NKMPLDcF8tL2daZbEvsYau9LaKv69H-DTLW3L5JFfEsPjgixwqDhwGDCBKCn3qMFEJUVZgSI3HwKQJAJ70ysSbz-QIz2Tlo:1tYuV3:uXkPANGuGICNNkov6KWDr56Ue9c_hy7dtpKz--Dmxns	2025-01-31 22:07:33.986093+00
3er1sycrjmrng1k7qbw26gtjhykst29t	.eJxVjMsOgjAUBf-la9P0UlqsS_d8Q3NfWNRAQmFl_HclYaHbMzPnZTJua8lb1SWPYi4GnDn9joT80GkncsfpNluep3UZye6KPWi1_Sz6vB7u30HBWr51k1QRz-KDI3Ks0HnoMIggIfihxUghRFWFITESB58iADTSKhNrMu8PMz85Zw:1tYuV3:_o4ZRcbkN0A9AMCvpyJFVr-X_iTj3uHuocozKdrH_to	2025-01-31 22:07:33.992913+00
3zozyawpmisei2nb2hccwlq399fz5nbo	.eJxVjMsOgjAUBf-la9NwKS3WpXu-obkvLGpKQmFl_HclYaHbMzPnZRJua05b1SVNYi4GnDn9joT80LITuWO5zZbnsi4T2V2xB612mEWf18P9O8hY87duoyriWZxviBpW6B306EWQENzYYSDvg6rCGBmJvYsBAFrplIk1mvcHNQo5ag:1tYuV4:76IOfY86CMAxwL7mu_Ws3T0tOx2eD-jQbEv20Ooqx7I	2025-01-31 22:07:34.004587+00
0490vz9uiqva22qh61yva2bxwfaarjuu	.eJxVjMsOgjAUBf-la9NwKS3WpXu-obkvBDVtQmFl_HclYaHbMzPnZRJu65S2qkuaxVyM683pdyTkh-adyB3zrVgueV1msrtiD1rtUESf18P9O5iwTt-6jaqIZ3G-IWpYoXfQoxdBQnBjh4G8D6oKY2Qk9i4GAGilUybWaN4fOKI5cA:1tYuV4:evuCSguWLquIoZkbeRtcs1TE3V_-OlNtKfWsmRNHa_8	2025-01-31 22:07:34.012556+00
wtnpbgp88b0fdfambii4fvjdrrjty3z5	.eJxVjMsOgjAUBf-la9NwKS3WpXu-obkvLGpKQmFl_HclYaHbMzPnZRJua05b1SVNYi4GvDn9joT80LITuWO5zZbnsi4T2V2xB612mEWf18P9O8hY87duoyriWZxviBpW6B306EWQENzYYSDvg6rCGBmJvYsBAFrplIk1mvcHNjw5bA:1tYuV4:BG1v1q90r6XEx5fPUQ1mUikuP3CNmYo6sMF5xeak0cw	2025-01-31 22:07:34.022678+00
4bs47cx4zlikqh34s6qm9y55d6b0vha3	.eJxVjMsOgjAUBf-la9NwKS3WpXu-obkvLGpKQmFl_HclYaHbMzPnZRJua05b1SVNYi4GwJx-R0J-aNmJ3LHcZstzWZeJ7K7Yg1Y7zKLP6-H-HWSs-Vu3URXxLM43RA0r9A569CJICG7sMJD3QVVhjIzE3sUAAK10ysQazfsDM9g5aA:1tYuV4:wUAVnA2coBoUrKA5j7NpL_NDRFJHOjmfy4RWhUUPWwU	2025-01-31 22:07:34.031791+00
393q120tn6mw3pjvr7ijdt7hkv6vcu37	.eJxVjMsOgjAUBf-la9NwKS3WpXu-obkvLGpKQmFl_HclYaHbMzPnZRJua05b1SVNYi7Gm9PvRsgPLTuQO5bbbHku6zKR3RV70GqHWfR5Pdy_g4w1f-s2qiKexfmGqGGF3kGPXgQJwY0dBvI-qCqMkZHYuxgAoJVOmVijeX8AEks5Ow:1tYuV4:YEA39kdoi_U5GJDO1p8RyqCGY_GhriDk-vsce7TRY94	2025-01-31 22:07:34.038779+00
gw2qlmmp9f4li6iiv7u8ld0mrwxx34xf	.eJxVjEsKwjAUAO-StYS-5lPj0r1nKO9XU5UUmnYl3l0CXeh2Zpi3GXHf8rhXXcdZzMX03px-ISE_tTQjDyz3xfJStnUm2xJ72Gpvi-jrerR_g4w1t29SRTyLCx1RxwqDgwGDCBKCmzxGCiGqKkyJkTi4FAGgF69MrMl8vjY9OWw:1tYuV3:sz6vma9Tbsj-175YC4taEGv6vrnzIWNyrBcyr1vMaSc	2025-01-31 22:07:33.981295+00
0qu5hajgrviyl4kbtcnid6ighkcfpec1	.eJxVjEsKwjAUAO-StYS-5lPj0r1nKO9XU5UUmnYl3l0CXeh2Zpi3GXHf8rhXXcdZzMX03px-ISE_tTQjDyz3xfJStnUm2xJ72Gpvi-jrerR_g4w1t29SRTyLCx1RxwqDgwGDCBKCmzxGCiGqKkyJkTi4FAGgF69MrMl8vjY9OWw:1tZAw8:wwlU-dqOxjx_oduA0sS2qw1K4a0fSIXI0M_O-vv_TP0	2025-02-01 15:40:36.965783+00
g8gbi8d94m6cxt69brw4mymouq4ykmsg	.eJxVjEsKwjAUAO-StYS-pkmNS_eeobxfTVUSaNqVeHcJdKHbmWHeZsJ9S9NedZ0WMRfTm9MvI-Sn5ibkgfleLJe8rQvZltjDVnsroq_r0f4NEtbUtlEV8SzOd0QdK4wORvQiSAhuHjCQ90FVYY6MxN7FAAC9DMrEGs3nCxCAOTg:1tZAw9:e7Rd8HKJYkUKY3WuULQ6IvKVMxpRuAfToXkT3iJewIg	2025-02-01 15:40:37.042867+00
3zsjes2sxmtd6tat5y58lfa6d4x397qq	.eJxVjMsOgjAUBf-la9NwKS3WpXu-obkvLGpKQmFl_HclYaHbMzPnZRJua05b1SVNYi4mmtPvRsgPLTuQO5bbbHku6zKR3RV70GqHWfR5Pdy_g4w1f-s2qiKexfmGqGGF3kGPXgQJwY0dBvI-qCqMkZHYuxgAoJVOmVijeX8AFK85Pw:1tZL6L:V_hRyI7HgPbAm6WEs64raa5wVFH3KLYL13i2ev2YLhI	2025-02-02 02:31:49.979981+00
d6xyrb6butabr1xi84o642ec42tq0z7w	.eJxVjMsOgjAUBf-la9Nw6QPr0j3fQO4Li5qSUFgZ_11JWOj2zMx5mQG3NQ9b1WWYxFyMb8zpdyTkh5adyB3LbbY8l3WZyO6KPWi1_Sz6vB7u30HGmr91m1QRz-JCQ9SwQuegwyCChOBGj5FCiKoKY2IkDi5FAGjFKxNrMu8PNQ05ag:1tZL1A:TJgASiLJQaKC5nn2kv-58d6m_xkEcxfu_Q9mXxDH-WY	2025-02-02 02:26:28.638435+00
7zw35868uq7ykh1ggcb8ox142db81u1v	.eJxVjMsOwiAQRf-FtSHlJYxL934DGYZBqoYmpV0Z_92QdKHbe865bxFx32rcO69xzuIirBWn3zEhPbkNkh_Y7oukpW3rnORQ5EG7vC2ZX9fD_Tuo2OuokwsBMPkpAzFoBVMplj2dDXhrg84uEzKSUaQSctEOgtIFjE4lGCs-Xx5XOHw:1tbmzL:jIBAvja3Mk3wVRYmLoY156ZFAbhYKQ9BQS570rTjVqA	2025-02-08 20:42:43.904935+00
joac9lacfjs1bvqcxh2qn3m7uwkrxh1z	.eJxVjEsKwjAUAO-StYS-pkmMS_eeobxfTVVSaNqVeHcJdKHbmWHeZsR9y-NedR1nMRfTR3P6hYT81NKMPLDcF8tL2daZbEvsYau9LaKv69H-DTLW3L5JFfEszndEHStEBxG9CBKCmwYM5H1QVZgSI7F3KQBAL4MysSbz-QI4CDlv:1tZLwF:J4mQRIvQQp3ZcXMtb10ODKQZz5zAP5v35zlyKh4-wy8	2025-02-02 03:25:27.063307+00
q0tzuk74tmb680389ouiez023918fgzx	.eJxVjEsKwjAUAO-StYS-pkmNS_eeobxfTVUSaNqVeHcJdKHbmWHeZsJ9S9NedZ0WMRfTgzn9QkJ-am5GHpjvxXLJ27qQbYk9bLW3Ivq6Hu3fIGFN7RtVEc_ifEfUscLoYEQvgoTg5gEDeR9UFebISOxdDADQy6BMrNF8vjRyOWk:1taFJh:QqtR06XcnAmyEgvVkuk7tpKVJ_KpEF7pVmnQH71JmTk	2025-02-04 14:33:21.26155+00
obknwgm03g7os7b9cjtwjkld4xyqkujn	.eJxVjMsOgjAUBf-la9Nw6QPr0j3fQO4Li5qSUFgZ_11JWOj2zMx5mQG3NQ9b1WWYxFyMb8zpdyTkh5adyB3LbbY8l3WZyO6KPWi1_Sz6vB7u30HGmr91m1QRz-JCQ9SwQuegwyCChOBGj5FCiKoKY2IkDi5FAGjFKxNrMu8PNQ05ag:1tZLwG:aiztuRUIJOCWWsFK1j-T0gXCeBXOyJDZxBDpPyX4_ME	2025-02-02 03:25:28.590405+00
gcn68ja4pc2j17113c0zskcy8v4m7czi	.eJxVjEsOgjAUAO_StWl4lBbq0j1nIO-HRQ1NKKyMdzdNWOh2ZjJvM-Gxp-kouk2LmKtpB3P5hYT81LUaeeB6z5bzum8L2ZrY0xY7ZtHX7Wz_BglLqt-oijiI8w1Rwwq9gx69CBKCmzsM5H1QVZgjI7F3MQBAK50ysUbz-QI4oTlw:1taFJh:rVgCoHkaMxW_QQcpZyxXFkOc3SD0f789fCHdPNe10lE	2025-02-04 14:33:21.447257+00
bbxkfe7hkzjnj8gbrffi524zm3uoeiub	.eJxVjEsKwjAUAO-StYS-pkmNS_eeobxfTVUSaNqVeHcJdKHbmWHeZsJ9S9NedZ0WMRfTm9MvI-Sn5ibkgfleLJe8rQvZltjDVnsroq_r0f4NEtbUtlEV8SzOd0QdK4wORvQiSAhuHjCQ90FVYY6MxN7FAAC9DMrEGs3nCxCAOTg:1tZZUW:vQTkdEwnbjaUuHJb6qKrng6MofQlbLFDx43eabzh5Dk	2025-02-02 17:53:44.742267+00
lvdb05nyue0db4emq7xxk6hgi8tnbpha	.eJxVjMsOgjAUBf-la9P0UlqsS_d8Q3NfWNRAQmFl_HclYaHbMzPnZTJua8lb1SWPYi4GnDn9joT80GkncsfpNluep3UZye6KPWi1_Sz6vB7u30HBWr51k1QRz-KDI3Ks0HnoMIggIfihxUghRFWFITESB58iADTSKhNrMu8PMz85Zw:1taydM:IppN5RZbfx1hSHAj4UcEbq_ccMAmthSPa3tItDur0rE	2025-02-06 14:56:40.508279+00
of3v2yu4uq56f9crytopvyeap5b3h7xi	.eJxVjMsOgjAUBf-la9NwKS3UpXu_obkvLGpKQmFl_HclYaHbMzPnZRJua05b1SVNYs7GDeb0OxLyQ8tO5I7lNluey7pMZHfFHrTa6yz6vBzu30HGmr91G1URB3G-IWpYoXfQoxdBQnBjh4G8D6oKY2Qk9i4GAGilUybWaN4fOTs5cQ:1tcCfj:VwOzAviEQpW4JJxBxwsr6tQgGlikcKzTpj9DnR3bjTQ	2025-02-10 00:08:11.406753+00
u551s5evhr6i9mxydugd77p6gpnl5h66	.eJxVjMsOgjAUBf-la9NwKS3UpXu_obkvLGpKQmFl_HclYaHbMzPnZRJua05b1SVNYs7GDeb0OxLyQ8tO5I7lNluey7pMZHfFHrTa6yz6vBzu30HGmr91G1URB3G-IWpYoXfQoxdBQnBjh4G8D6oKY2Qk9i4GAGilUybWaN4fOTs5cQ:1teG5r:uLuB6itTMp220toF6oqETBWRqvPDAhhHqB_NZiocs38	2025-02-15 16:11:39.318591+00
sqllkr5j50jr03e08gk8mfvzdq3zr1mp	.eJxVjEsOgjAUAO_StWl4lBbq0j1nIO-HRQ1NKKyMdzdNWOh2ZjJvM-Gxp-kouk2LmKtpB3P5hYT81LUaeeB6z5bzum8L2ZrY0xY7ZtHX7Wz_BglLqt-oijiI8w1Rwwq9gx69CBKCmzsM5H1QVZgjI7F3MQBAK50ysUbz-QI4oTlw:1tbOdT:L3utG4WElxtYqx64vRlGKT0bMS2IZtsxXLg8pv7i5wo	2025-02-07 18:42:31.262775+00
whw8oii2buzsgplaiu0t1yixqamjdyj7	.eJxVjMsOgjAUBf-la9NwKS3WpXu-obkvLGpKQmFl_HclYaHbMzPnZRJua05b1SVNYi4Gojn9joT80LITuWO5zZbnsi4T2V2xB612mEWf18P9O8hY87duoyriWZxviBpW6B306EWQENzYYSDvg6rCGBmJvYsBAFrplIk1mvcHOKA5cA:1tbOdT:SbLXWUdEcKWcZZLXd7oxALLacG-qHT5TQ3NBLM_Mi38	2025-02-07 18:42:31.70543+00
xurcwkt7yq09sgch7dvqryqcil0oq19z	.eJxVjMsOgjAUBf-la9Nw6QPr0j3f0NwXFjWQUFgZ_11JWOj2zMx5mYzbWvJWdcmjmItx3px-R0J-6LQTueN0my3P07qMZHfFHrTafhZ9Xg_376BgLd-6TaqIZ3GhIWpYoXPQYRBBQnCDx0ghRFWFITESB5ciALTilYk1mfcHNtc5bQ:1tYuV3:3FQENDbEfMM5ynwqDgotnrkQ261ZX2Hx8Ws82v2ISJM	2025-01-31 22:07:33.983188+00
02nw1buvunyn19cedhv8r2006nr6uiwz	.eJxVjMsOgjAUBf-la9NwW1qsS_d8Q3NfWNRAQmFl_HclYaHbMzPnZTJua8lb1SWPYi7GO3P6HQn5odNO5I7TbbY8T-sykt0Ve9Bq-1n0eT3cv4OCtXxrl1QRz-JDQ9SwQuehwyCChOCHFiOFEFUVhsRIHHyKAOCkVSbWZN4fNaU5aw:1tbmzL:zrB9y0y_56zZx9jRdxiAJgk8g7xeN0HYhBftuQsUJlo	2025-02-08 20:42:43.902581+00
vm3qvrgjch50nxh23mmj5pclbuh3535d	.eJxVjEsKwjAUAO-StYS-pkmNS_eeobxfTVUSaNqVeHcJdKHbmWHeZsJ9S9NedZ0WMRfTe3P6hYT81NyMPDDfi-WSt3Uh2xJ72GpvRfR1Pdq_QcKa2jeqIp7F-Y6oY4XRwYheBAnBzQMG8j6oKsyRkdi7GACgl0GZWKP5fAE21jlt:1tZAw8:SN6L60vtTp6baxj-3iI4LjhJZVTYrvSJfJDcPX1ECqs	2025-02-01 15:40:36.963646+00
mvntii6hvp3w37n5c89xnw76zpc5eoa9	.eJxVjMsOgjAUBf-la9NwKS3WpXu-obkvLGpKQmFl_HclYaHbMzPnZRJua05b1SVNYi4GwJx-R0J-aNmJ3LHcZstzWZeJ7K7Yg1Y7zKLP6-H-HWSs-Vu3URXxLM43RA0r9A569CJICG7sMJD3QVVhjIzE3sUAAK10ysQazfsDM9g5aA:1tZL6L:fPudZIgj_HZ3A_lnaRjEXeBHu3rUqPUSAtSZ3XU0w5I	2025-02-02 02:31:49.987623+00
z6rezfkd6s0d4bt3jdwg4584lgbn0eby	.eJxVjMsOgjAUBf-la9NwKS3WpXu-obkvLGpKQmFl_HclYaHbMzPnZRJua05b1SVNYi7GRXP6HQn5oWUncsdymy3PZV0msrtiD1rtMIs-r4f7d5Cx5m_dRlXEszjfEDWs0Dvo0YsgIbixw0DeB1WFMTISexcDALTSKRNrNO8POdQ5cg:1tZLwF:BoqdjjFsZJXVG_8-1M91H2X_A8Ri6yA6x5tWny2ZyCU	2025-02-02 03:25:27.037261+00
kfgq9gfl1883jm7bi39eyxl0hvt7cvd8	.eJxVjMsOgjAUBf-la9NwKW2tS_d8Q3NfWNRAQmFl_HclYaHbMzPnZTJua8lb1SWPYi4mmtPvRsgPnXYgd5xus-V5WpeR7K7Yg1bbz6LP6-H-HRSs5Vu3SRXxLM43RA0rRAcRvQgSghs6DOR9UFUYEiOxdykAQCudMrEm8_4AE305PQ:1tZL1A:Wk1lA_wfiVAHy9-2MYWiDsqkxw-MwD7PIxRGiICV6g8	2025-02-02 02:26:28.503667+00
iek0tv5z4i2irqmn49yneoms5ob7h5hp	.eJxVjMsOgjAUBf-la9NwKS3WpXu-obkvLGpKQmFl_HclYaHbMzPnZRJua05b1SVNYi4Gojn9joT80LITuWO5zZbnsi4T2V2xB612mEWf18P9O8hY87duoyriWZxviBpW6B306EWQENzYYSDvg6rCGBmJvYsBAFrplIk1mvcHOKA5cA:1tZL1A:zBoU16ThqDhALB-7ojloupSKoPdhmARWJzcnxrVqqIU	2025-02-02 02:26:28.648759+00
vldk23nqmpvqh17mfxm93ojxd9l1dm9f	.eJxVjMsOgjAUBf-la9NwW1qsS_d8Q3NfWNRAQmFl_HclYaHbMzPnZTJua8lb1SWPYi7GO3P6HQn5odNO5I7TbbY8T-sykt0Ve9Bq-1n0eT3cv4OCtXxrl1QRz-JDQ9SwQuehwyCChOCHFiOFEFUVhsRIHHyKAOCkVSbWZN4fNaU5aw:1tcCfj:FP-3KeITuqRm1gRHtrMeXzzrDpPyg0membJ9ymgamwM	2025-02-10 00:08:11.408387+00
gjnnwrmvh3t5ao2cu1557ydnu3offw13	.eJxVjMsOgjAUBf-la9NwKS3WpXu-obkvLGpKQmFl_HclYaHbMzPnZRJua05b1SVNYi7GeXP6HQn5oWUncsdymy3PZV0msrtiD1rtMIs-r4f7d5Cx5m_dRlXEszjfEDWs0Dvo0YsgIbixw0DeB1WFMTISexcDALTSKRNrNO8PN3A5bg:1tZLwG:JOaJlY55I_I2kBx76d9JfJnfesuS4uYs2AaV0z32ly0	2025-02-02 03:25:28.5971+00
t1fcukt3w4ug4b075rlab63jtc12qdpa	.eJxVjMsOgjAUBf-la9NwKW2tS_d8Q3NfWNRAQmFl_HclYaHbMzPnZTJua8lb1SWPYi4mmtPvRsgPnXYgd5xus-V5WpeR7K7Yg1bbz6LP6-H-HRSs5Vu3SRXxLM43RA0rRAcRvQgSghs6DOR9UFUYEiOxdykAQCudMrEm8_4AE305PQ:1taFJh:LsjSCyQoIJdnB5I0T-fCmkK_DVWwbAPOZ-5yUQXJZWs	2025-02-04 14:33:21.263882+00
oegt8dbakfh5o49oiwmms3llfa5xbxbr	.eJxVjEsKwjAUAO-StYS-pkmNS_eeobxfTVUSaNqVeHcJdKHbmWHeZsJ9S9NedZ0WMRfTe3P6hYT81NyMPDDfi-WSt3Uh2xJ72GpvRfR1Pdq_QcKa2jeqIp7F-Y6oY4XRwYheBAnBzQMG8j6oKsyRkdi7GACgl0GZWKP5fAE21jlt:1tZZUW:M_Lov8oSCr9KxAmLoYXOHlhjrbRZKXRG_Gs65liq-dI	2025-02-02 17:53:44.751708+00
9yan1j3dlk39k2txwp5xm45e9kzusq7m	.eJxVjMsOgjAUBf-la9NwKS3WpXu-obkvLGpKQmFl_HclYaHbMzPnZRJua05b1SVNYi4Gojn9joT80LITuWO5zZbnsi4T2V2xB612mEWf18P9O8hY87duoyriWZxviBpW6B306EWQENzYYSDvg6rCGBmJvYsBAFrplIk1mvcHOKA5cA:1taFJh:8_URlBkfQx2Akxra72tjp-wJ496tCQ_mkMUM2vgpis4	2025-02-04 14:33:21.460196+00
2u7cpz6pc1ipm3u9y7hje6kv30xsp219	.eJxVjMsOgjAUBf-la9NwKW2tS_d8Q3NfWNRAQmFl_HclYaHbMzPnZTJua8lb1SWPYi4Gojn9joT80GkncsfpNluep3UZye6KPWi1_Sz6vB7u30HBWr51m1QRz-J8Q9SwQnQQ0YsgIbihw0DeB1WFITESe5cCALTSKRNrMu8PN245bg:1taydM:jVEep7N793t9H-MopSZYbX_IgbCWTX76ThgAzGJu1Wg	2025-02-06 14:56:40.505503+00
h8y5shuwlanz2e32h7eh86gasqq6m38b	.eJxVjMsOgjAUBf-la9O00HKLS_d-A7mvCmpKQmFl_HclYaHbMzPnZQbc1nHYqi7DJOZsApjT70jIDy07kTuW22x5Lusykd0Ve9Bqr7Po83K4fwcj1vFbx9RHdD2R1wjKUYBdFKch9F2bKDgH1FEDmpvMBJ59luSlddQqdsTm_QELmjiR:1teL4a:zmOHJmGx0GRGGPgjtOkJADsy7-hy66YQ8JDte6IItlE	2025-02-15 21:30:40.936392+00
nfkexr2b4cd4co4quhkb7lr3t3m68vyz	.eJxVjEsKwjAUAO-StYS-pkmNS_eeobxfTVUSaNqVeHcJdKHbmWHeZsJ9S9NedZ0WMRfTe3P6hYT81NyMPDDfi-WSt3Uh2xJ72GpvRfR1Pdq_QcKa2jeqIp7F-Y6oY4XRwYheBAnBzQMG8j6oKsyRkdi7GACgl0GZWKP5fAE21jlt:1tbOdT:crIw8IkYuy0Vk2RqsqLkGG-h9rPG0GqNqLuK23W3IwY	2025-02-07 18:42:31.277825+00
gy4uyne45qzjocxylknmfa44zpseqj8m	.eJxVjMsOgjAUBf-la9NwKW2tS_d8Q3NfWNRAQmFl_HclYaHbMzPnZTJua8lb1SWPYi4Gojn9joT80GkncsfpNluep3UZye6KPWi1_Sz6vB7u30HBWr51m1QRz-J8Q9SwQnQQ0YsgIbihw0DeB1WFITESe5cCALTSKRNrMu8PN245bg:1tbOdT:BJ1LIn7EjBWMwJgADzVD8IzTz66bshm6P6a4Nz_0lY0	2025-02-07 18:42:31.707208+00
0t9fo01kagr2jgk26eikjlkwpg8aj8m8	.eJxVjEsKwjAUAO-StYS-pEmNS_eeIbxfTVVaaNqVeHcJdKHbmWHeJuO-lbxXXfMk5mKcM6dfSMhPnZuRB873xfIyb-tEtiX2sNXeFtHX9Wj_BgVrad-kingWHzqijhUGDwMGESQEP_YYKYSoqjAmRuLgUwQAJ70ysSbz-QI1Czlq:1tYuV3:Esvi37TGTLolY6ghOgWHUmMT79CQD6nbjAossEm9fvc	2025-01-31 22:07:33.98787+00
qpowxa0nejoc4xtp3t1hhkzl7pob3gq8	.eJxVjMsOgjAUBf-la9Nw6QPr0j3f0NwXFjWQUFgZ_11JWOj2zMx5mYzbWvJWdcmjmIvx5vS7EfJDpx3IHafbbHme1mUkuyv2oNX2s-jzerh_BwVr-dZtUkU8iwsNUcMKnYMOgwgSghs8RgohqioMiZE4uBQBoBWvTKzJvD8Rsjk6:1tZAw8:pcBI_sNB_sR-wiIw0IE2bb0opeSzLD65uwNntG4fNDo	2025-02-01 15:40:36.971856+00
76j5fmcjxe9aec45ggxzco800a3knq13	.eJxVjMsOgjAUBf-la9P0UlqsS_d8Q3NfWNRAQmFl_HclYaHbMzPnZTJua8lb1SWPYi7GO3P6HQn5odNO5I7TbbY8T-sykt0Ve9Bq-1n0eT3cv4OCtXzrJqkinsUHR-RYofPQYRBBQvBDi5FCiKoKQ2IkDj5FAGikVSbWZN4fNHM5aQ:1tZL6L:i0yO2Rn_ZkFQY9tT52-FY0RGTENQkajKbSFc8Mw_ejw	2025-02-02 02:31:49.989946+00
0o4p5s2v44ki9ocqzzkvph76oofp8c0g	.eJxVjMsOgjAUBf-la9NwW1qsS_d8Q3NfWNRAQmFl_HclYaHbMzPnZTJua8lb1SWPYi7GO3P6HQn5odNO5I7TbbY8T-sykt0Ve9Bq-1n0eT3cv4OCtXxrl1QRz-JDQ9SwQuehwyCChOCHFiOFEFUVhsRIHHyKAOCkVSbWZN4fNaU5aw:1tbq6l:giWyyaialX6Lsig3WGy6DNCZEwQ7ddIAivq_5iS3n04	2025-02-09 00:02:35.050182+00
q2j9l5726hpf3xl55n7e8ch9zuancy5n	.eJxVjEsKwjAUAO-StYS-5lPj0r1nKO9XU5UUmnYl3l0CXeh2Zpi3GXHf8rhXXcdZzMX03px-ISE_tTQjDyz3xfJStnUm2xJ72Gpvi-jrerR_g4w1t29SRTyLCx1RxwqDgwGDCBKCmzxGCiGqKkyJkTi4FAGgF69MrMl8vjY9OWw:1tZL1A:5vuNoZZnr6WABwPNINHUPbYFwZbnOtC1c2GL4UL-c8g	2025-02-02 02:26:28.515195+00
iks07noj5ehtntt814vr2tbo0n33ktxw	.eJxVjMsOgjAUBf-la9Nw6QPr0j3f0NwXFjWQUFgZ_11JWOj2zMx5mYzbWvJWdcmjmIsBb06_IyE_dNqJ3HG6zZbnaV1GsrtiD1ptP4s-r4f7d1Cwlm_dJlXEs7jQEDWs0DnoMIggIbjBY6QQoqrCkBiJg0sRAFrxysSazPsDNaM5aw:1tZL1A:vIVb2d-ppLS3C27jy67lz94mwcCQRVD97f3TO67_DTM	2025-02-02 02:26:28.635738+00
j49rh4cif690dzhh5xujqoh9mb34xhp0	.eJxVjMsOgjAUBf-la9NwKS3WpXu-obkvLGpKQmFl_HclYaHbMzPnZRJua05b1SVNYi4GvDn9joT80LITuWO5zZbnsi4T2V2xB612mEWf18P9O8hY87duoyriWZxviBpW6B306EWQENzYYSDvg6rCGBmJvYsBAFrplIk1mvcHNjw5bA:1taFJh:pHWPTaHmbFI91QQAlVd0_E4Q4j7G2FPEA_JORqNc_xY	2025-02-04 14:33:21.269286+00
wuhcdbp3ribdn1wmsmmfq211b92gsqj5	.eJxVjMsOgjAUBf-la9NwKS3WpXu-obkvLGpKQmFl_HclYaHbMzPnZRJua05b1SVNYi4Gojn9joT80LITuWO5zZbnsi4T2V2xB612mEWf18P9O8hY87duoyriWZxviBpW6B306EWQENzYYSDvg6rCGBmJvYsBAFrplIk1mvcHOKA5cA:1tZLwG:4LArAHaLw9QgpJ0RrU91jcIS-2y2xXaXHQ07IyUhBkQ	2025-02-02 03:25:28.369737+00
0bhr2osm3ucf2rsner34kty3xo2sj0em	.eJxVjEsOgjAUAO_StWl4lBbq0j1nIO-HRQ1NKKyMdzdNWOh2ZjJvM-Gxp-kouk2LmKtpB3P5hYT81LUaeeB6z5bzum8L2ZrY0xY7ZtHX7Wz_BglLqt-oijiI8w1Rwwq9gx69CBKCmzsM5H1QVZgjI7F3MQBAK50ysUbz-QI4oTlw:1tZLwG:8g4cGc4budPnSWhfih__4A_fll1mtBDXY_ubK6gGhRY	2025-02-02 03:25:28.592428+00
u4kwaefybhv76l3bbrcttpynp4x53t8q	.eJxVjMsOgjAUBf-la9Nw6QPr0j3f0NwXFjWQUFgZ_11JWOj2zMx5mYzbWvJWdcmjmIvx5vS7EfJDpx3IHafbbHme1mUkuyv2oNX2s-jzerh_BwVr-dZtUkU8iwsNUcMKnYMOgwgSghs8RgohqioMiZE4uBQBoBWvTKzJvD8Rsjk6:1taFJh:8jT4q3zs60T4M7ikvSZ7uGfKOubjkZK6R0w3zlpNmTY	2025-02-04 14:33:21.535203+00
oi6hsa101mrwwpiyx4nlgk9srypryzan	.eJxVjMsOgjAUBf-la9NwW1qsS_d8Q3NfWNRAQmFl_HclYaHbMzPnZTJua8lb1SWPYi7GO3P6HQn5odNO5I7TbbY8T-sykt0Ve9Bq-1n0eT3cv4OCtXxrl1QRz-JDQ9SwQuehwyCChOCHFiOFEFUVhsRIHHyKAOCkVSbWZN4fNaU5aw:1tZZUW:bP7N2nBUYlXRU8aKkuxUW1Uq2dT-6dAxncNcPdkdnKU	2025-02-02 17:53:44.744738+00
c4th58fx4yl8aiz80b13giadxzo29nyf	.eJxVjEsKwjAUAO-StYS-pkmNS_eeobxfTVUSaNqVeHcJdKHbmWHeZsJ9S9NedZ0WMRfTO3P6hYT81NyMPDDfi-WSt3Uh2xJ72GpvRfR1Pdq_QcKa2jeqIp7F-Y6oY4XRwYheBAnBzQMG8j6oKsyRkdi7GACgl0GZWKP5fAE1pDlr:1taydM:KtvT4WnO1j3G2XrQ1Ut1_qsu8Ju7Srf47fjz3CJOo7U	2025-02-06 14:56:40.511383+00
d1yv2g1bve4210nzrgyj91t9oex4wn2y	.eJxVjMsOgjAUBf-la9P0UlqsS_d8Q3NfWNRAQmFl_HclYaHbMzPnZTJua8lb1SWPYi4GnDn9joT80GkncsfpNluep3UZye6KPWi1_Sz6vB7u30HBWr51k1QRz-KDI3Ks0HnoMIggIfihxUghRFWFITESB58iADTSKhNrMu8PMz85Zw:1tbOdT:JNsoqQxazgZOX6cTSbq_hlHAiVD86F7mXRimVJR3hBM	2025-02-07 18:42:31.223773+00
x6a0iby1rsess8ymdg8xzztiz61v6lf6	.eJxVjMsOgjAUBf-la9NwKS3WpXu-obkvBDVtQmFl_HclYaHbMzPnZRJu65S2qkuaxVyM683pdyTkh-adyB3zrVgueV1msrtiD1rtUESf18P9O5iwTt-6jaqIZ3G-IWpYoXfQoxdBQnBjh4G8D6oKY2Qk9i4GAGilUybWaN4fOKI5cA:1tbOdT:K9yETp9W4lt-fBkBMYsH9bXeXFR1JBGPlRr9m6MyBlg	2025-02-07 18:42:31.268801+00
z6u2df930t1fio6om55pxsejirthx0dk	.eJxVjMsOgjAUBf-la9NwKW2tS_d8Q3NfWNRAQmFl_HclYaHbMzPnZTJua8lb1SWPYi4mmtPvRsgPnXYgd5xus-V5WpeR7K7Yg1bbz6LP6-H-HRSs5Vu3SRXxLM43RA0rRAcRvQgSghs6DOR9UFUYEiOxdykAQCudMrEm8_4AE305PQ:1tYuV3:fP8j0_TpRbTFLcQkdLONsXv-YzVUYmpA_V6ReLGR6hY	2025-01-31 22:07:33.99858+00
8yl134w5n35dtybfgulf06s0zeef1q5u	.eJxVjMsOgjAUBf-la9NwKS3WpXu-obkvLGpKQmFl_HclYaHbMzPnZRJua05b1SVNYi4mmtPvRsgPLTuQO5bbbHku6zKR3RV70GqHWfR5Pdy_g4w1f-s2qiKexfmGqGGF3kGPXgQJwY0dBvI-qCqMkZHYuxgAoJVOmVijeX8AFK85Pw:1tZAw8:r65HVBa7FBw3jvvqtq3Pn1URMSDZvHHyjKmzHVNPuj8	2025-02-01 15:40:36.967549+00
q94gng0bxng651xjt2ne17f1zdlennbp	.eJxVjMsOgjAUBf-la9NwKW2tS_d8Q3NfWNRAQmFl_HclYaHbMzPnZTJua8lb1SWPYi4mmtPvRsgPnXYgd5xus-V5WpeR7K7Yg1bbz6LP6-H-HRSs5Vu3SRXxLM43RA0rRAcRvQgSghs6DOR9UFUYEiOxdykAQCudMrEm8_4AE305PQ:1tZL6L:LZHVHmrNmcANL_2pTOnhXxzZl9G2KdxXURR9GQnqWWQ	2025-02-02 02:31:49.985118+00
msdoe9mfjpn0g36alorzefy1s04rbvxf	.eJxVjMsOgjAUBf-la9NwKS3WpXu-obkvLGpKQmFl_HclYaHbMzPnZRJua05b1SVNYi7GOXP6HQn5oWUncsdymy3PZV0msrtiD1rtMIs-r4f7d5Cx5m_dRlXEszjfEDWs0Dvo0YsgIbixw0DeB1WFMTISexcDALTSKRNrNO8PNj45bA:1taFJh:Wo60jD5NnxY8_LFa3KnJSeskG-BP0ZNbjPgPfDVnFrQ	2025-02-04 14:33:21.258813+00
itlj3ztzjuvvni5xydujz2igf92ns2va	.eJxVjEsKwjAUAO-StYS-pkmNS_eeobxfTVUSaNqVeHcJdKHbmWHeZsJ9S9NedZ0WMRfTe3P6hYT81NyMPDDfi-WSt3Uh2xJ72GpvRfR1Pdq_QcKa2jeqIp7F-Y6oY4XRwYheBAnBzQMG8j6oKsyRkdi7GACgl0GZWKP5fAE21jlt:1tZL1A:9qAgLrnlPMN8378y1Rk2qMrECMCYRQZ6MNNhck511tw	2025-02-02 02:26:28.542271+00
i8ylyiy00uxy29s3t2wd8kqvrhongh3c	.eJxVjMsOgjAUBf-la9NwKS3UpXu_obkvLGpKQmFl_HclYaHbMzPnZRJua05b1SVNYs7GDeb0OxLyQ8tO5I7lNluey7pMZHfFHrTa6yz6vBzu30HGmr91G1URB3G-IWpYoXfQoxdBQnBjh4G8D6oKY2Qk9i4GAGilUybWaN4fOTs5cQ:1tZL1A:t8__Q0vsMSGP3OmT7FOnSMtnvLxAXybF4uVEMPmWhzo	2025-02-02 02:26:28.640641+00
x1h60ot51f2t0fdrrz0htd8nu5p21k70	.eJxVjMsOgjAUBf-la9NwKS3WpXu-obkvLGpKQmFl_HclYaHbMzPnZRJua05b1SVNYi4GnDn9joT80LITuWO5zZbnsi4T2V2xB612mEWf18P9O8hY87duoyriWZxviBpW6B306EWQENzYYSDvg6rCGBmJvYsBAFrplIk1mvcHNQo5ag:1taFJh:Xu91jNpYCNnSp7azPMc2NT04-zCNLGcxRkn1uRLRnR4	2025-02-04 14:33:21.273757+00
ulbmpgw0fidmjch49kn79nbpfn1afzb1	.eJxVjMsOgjAUBf-la9NwKS3WpXu-obkvLGpKQmFl_HclYaHbMzPnZRJua05b1SVNYi4GvDn9joT80LITuWO5zZbnsi4T2V2xB612mEWf18P9O8hY87duoyriWZxviBpW6B306EWQENzYYSDvg6rCGBmJvYsBAFrplIk1mvcHNjw5bA:1tZLwG:fPx4paauQGteJr_NS8EDfNgW3_7CzPktfuRIFguhX3c	2025-02-02 03:25:28.430791+00
d5q7hrmev7d6yo7q6khj2wiunb1f2woh	.eJxVjEsKwjAUAO-StYS-pkmNS_eeobxfTVUSaNqVeHcJdKHbmWHeZsJ9S9NedZ0WMRfTe3P6hYT81NyMPDDfi-WSt3Uh2xJ72GpvRfR1Pdq_QcKa2jeqIp7F-Y6oY4XRwYheBAnBzQMG8j6oKsyRkdi7GACgl0GZWKP5fAE21jlt:1tZLwG:qWAjZMzh2rmoOpzbKI7bu9X9lsjLBa0TvoI2vQUN7CU	2025-02-02 03:25:28.599187+00
5czk2ddsjmz5zihkuzm44qhp6jei5hux	.eJxVjMsOwiAQRf-FtSHlJYxL934DGYZBqoYmpV0Z_92QdKHbe865bxFx32rcO69xzuIirBWn3zEhPbkNkh_Y7oukpW3rnORQ5EG7vC2ZX9fD_Tuo2OuokwsBMPkpAzFoBVMplj2dDXhrg84uEzKSUaQSctEOgtIFjE4lGCs-Xx5XOHw:1tbq6l:_7n5z6LlBitkXnpQqv1A3t_ZvO1f2c_fakqPx9A40DE	2025-02-09 00:02:35.045148+00
udngd3upeungwskirtd24unbrcka7hbt	.eJxVjMsOgjAUBf-la9NwKS3WpXu-obkvLGpKQmFl_HclYaHbMzPnZRJua05b1SVNYi4mmtPvRsgPLTuQO5bbbHku6zKR3RV70GqHWfR5Pdy_g4w1f-s2qiKexfmGqGGF3kGPXgQJwY0dBvI-qCqMkZHYuxgAoJVOmVijeX8AFK85Pw:1tZZUW:xxV5Dx1c4bHDr8f5JjslefMMjlLQaufb1dRojbz84vw	2025-02-02 17:53:44.756707+00
d11ytuud5v5lt25cxk6b5m5xbueaxrcf	.eJxVjEsKwjAUAO-StYS-pkmNS_eeobxfTVUSaNqVeHcJdKHbmWHeZsJ9S9NedZ0WMRfTgzn9QkJ-am5GHpjvxXLJ27qQbYk9bLW3Ivq6Hu3fIGFN7RtVEc_ifEfUscLoYEQvgoTg5gEDeR9UFebISOxdDADQy6BMrNF8vjRyOWk:1taydM:GhIXAoC2N1CzhGtcYSS7XAtGqlxv4-5nuSMI3N6uxXU	2025-02-06 14:56:40.513962+00
itkvey5v996gx0e96wmh8fbwt81c4do1	.eJxVjMsOgjAUBf-la9NwKS3WpXu-obkvLGpKQmFl_HclYaHbMzPnZRJua05b1SVNYi4mmNPvRsgPLTuQO5bbbHku6zKR3RV70GqHWfR5Pdy_g4w1f-s2qiKexfmGqGGF3kGPXgQJwY0dBvI-qCqMkZHYuxgAoJVOmVijeX8AEuQ5PA:1tbOdT:Kc7yISIKB3FcMoQLOmyLr2GCxAJiXBGBxGSZBaPj4SQ	2025-02-07 18:42:31.250462+00
pt2coz4nlz86tulq23rwyohz8zpgb3t7	.eJxVjMsOgjAUBf-la9NwKS3WpXu-obkvLGpKQmFl_HclYaHbMzPnZRJua05b1SVNYi7GOXP6HQn5oWUncsdymy3PZV0msrtiD1rtMIs-r4f7d5Cx5m_dRlXEszjfEDWs0Dvo0YsgIbixw0DeB1WFMTISexcDALTSKRNrNO8PNj45bA:1tbOdT:QgIP9UFbf8SZAaiFvAAvzMt-YxTogTkw_HN9fSPSCsQ	2025-02-07 18:42:31.28048+00
ptz69zeynbydiadvskp5040iex6jci73	.eJxVjMsOgjAUBf-la9NwKS3UpXu_obkvLGpKQmFl_HclYaHbMzPnZRJua05b1SVNYs7GDeb0OxLyQ8tO5I7lNluey7pMZHfFHrTa6yz6vBzu30HGmr91G1URB3G-IWpYoXfQoxdBQnBjh4G8D6oKY2Qk9i4GAGilUybWaN4fOTs5cQ:1tcE5j:WwkDroyQ9BaejRC8zTQvuoraXppeJHK4mUOtOwW7JdQ	2025-02-10 01:39:07.345471+00
t8uyqp5du16pe2w5xlq3a6w9hptsiww7	.eJxVjMsOgjAUBf-la9NwKS3WpXu-obkvLGpKQmFl_HclYaHbMzPnZRJua05b1SVNYi7GOXP6HQn5oWUncsdymy3PZV0msrtiD1rtMIs-r4f7d5Cx5m_dRlXEszjfEDWs0Dvo0YsgIbixw0DeB1WFMTISexcDALTSKRNrNO8PNj45bA:1teL6m:D8S90LLot9pcP_My-MyOY254Ji1sSEkCztjwmjAZf1w	2025-02-15 21:32:56.193746+00
h51plmwoaxvyon8buiphg6o693huigoh	.eJxVjMsOgjAUBf-la9NwKS3WpXu-obkvLGpKQmFl_HclYaHbMzPnZRJua05b1SVNYi4Ggjn9joT80LITuWO5zZbnsi4T2V2xB612mEWf18P9O8hY87duoyriWZxviBpW6B306EWQENzYYSDvg6rCGBmJvYsBAFrplIk1mvcHNtU5bQ:1tYuV4:eACJ0vttxyL33YGg1WJJhiFd__vRIhHaTn9Bp0c9cL0	2025-01-31 22:07:34.000891+00
mbr922xpkrpgt6sz93nvpxqs9l01sgah	.eJxVjMsOgjAUBf-la9NwKS3WpXu-obkvLGpKQmFl_HclYaHbMzPnZRJua05b1SVNYi4Gojn9joT80LITuWO5zZbnsi4T2V2xB612mEWf18P9O8hY87duoyriWZxviBpW6B306EWQENzYYSDvg6rCGBmJvYsBAFrplIk1mvcHOKA5cA:1tZAw8:lZSkXY52eB_9DM_U4KdLKk_ceLMx6lGiK1QWnoC8eI0	2025-02-01 15:40:36.977631+00
lr7br9r7t50df58l0054lbgy1px4opwz	.eJxVjMsOgjAUBf-la9NwKS3UpXu_obkvLGpKQmFl_HclYaHbMzPnZRJua05b1SVNYs5mMKffjZAfWnYgdyy32fJc1mUiuyv2oNVeZ9Hn5XD_DjLW_K3bqIo4iPMNUcMKvYMevQgSghs7DOR9UFUYIyOxdzEAQCudMrFG8_4AFBY5Pg:1tZL6L:Y-MBJWM0lj04xcRUyhnRENK9iQGC_wWc_j9gQ3IROL4	2025-02-02 02:31:49.982579+00
4sn4an8izwo3ztzeacypn5wsynyad6qf	.eJxVjMsOgjAUBf-la9NwKS3UpXu_obkvLGpKQmFl_HclYaHbMzPnZRJua05b1SVNYs7GDeb0OxLyQ8tO5I7lNluey7pMZHfFHrTa6yz6vBzu30HGmr91G1URB3G-IWpYoXfQoxdBQnBjh4G8D6oKY2Qk9i4GAGilUybWaN4fOTs5cQ:1taFJh:YB1ZPuKJddrOu37By3UjQdlZ_dfGNda00D2s51RmqF0	2025-02-04 14:33:21.271497+00
6lqx1uzcvjjfm0sare36mcdvn5wzsdqq	.eJxVjEsKwjAUAO-StYS-pkmNS_eeobxfTVUSaNqVeHcJdKHbmWHeZsJ9S9NedZ0WMRfTB3P6hYT81NyMPDDfi-WSt3Uh2xJ72GpvRfR1Pdq_QcKa2jeqIp7F-Y6oY4XRwYheBAnBzQMG8j6oKsyRkdi7GACgl0GZWKP5fAE3bzlu:1tZL1A:GIeo6ZvcacNRfSDWPydtGdHLpq16wyGEKxFG5tq3Gsg	2025-02-02 02:26:28.546888+00
4vizepfet8tj686sr7x1rucchqxhhj0r	.eJxVjEsKwjAUAO-StYS-pEmNS_eeIbxfTVVaaNqVeHcJdKHbmWHeJuO-lbxXXfMk5mKcM6dfSMhPnZuRB873xfIyb-tEtiX2sNXeFtHX9Wj_BgVrad-kingWHzqijhUGDwMGESQEP_YYKYSoqjAmRuLgUwQAJ70ysSbz-QI1Czlq:1tZL1A:Hin9JuTbpQkynzqk_AdN2rl5GT0GHZiTeRKrBMwZ_YU	2025-02-02 02:26:28.643602+00
sv35rc1nzbujmacishc3mjxgiugn2o1r	.eJxVjEsKwjAUAO-StYS-pkmNS_eeobxfTVUSaNqVeHcJdKHbmWHeZsJ9S9NedZ0WMRfTB3P6hYT81NyMPDDfi-WSt3Uh2xJ72GpvRfR1Pdq_QcKa2jeqIp7F-Y6oY4XRwYheBAnBzQMG8j6oKsyRkdi7GACgl0GZWKP5fAE3bzlu:1taFJh:9Kj3KlhySj3eRy7cx3imoNXkqACNURfMVwiY-_pVU44	2025-02-04 14:33:21.346054+00
pe4gzqifo1yw5dnl2ax94jcjy1libsbp	.eJxVjMsOgjAUBf-la9NwKS3WpXu-obkvLGpKQmFl_HclYaHbMzPnZRJua05b1SVNYi4GzOl3I-SHlh3IHctttjyXdZnI7oo9aLXDLPq8Hu7fQcaav3UbVRHP4nxD1LBC76BHL4KE4MYOA3kfVBXGyEjsXQwA0EqnTKzRvD8P5zk3:1tZLwG:Wz-Xiif15L1swKqITbOapO3HBpisYGnURvKxjbuBn8M	2025-02-02 03:25:28.444027+00
ibo2ihdvnwhtxlv48y9f5ufsvjya1p6a	.eJxVjMsOgjAUBf-la9P0UlqsS_d8Q3NfWNRAQmFl_HclYaHbMzPnZTJua8lb1SWPYi7GO3P6HQn5odNO5I7TbbY8T-sykt0Ve9Bq-1n0eT3cv4OCtXzrJqkinsUHR-RYofPQYRBBQvBDi5FCiKoKQ2IkDj5FAGikVSbWZN4fNHM5aQ:1tZLwG:9twa_1ezYl-_4VsfYdk4M3yb99sD38-30I_zr7OgkR8	2025-02-02 03:25:28.594081+00
moic6tpp4bw2u1mdkvr0w3bixb2akrdx	.eJxVjMsOgjAUBf-la9NwKS3UpXu_obkvLGpKQmFl_HclYaHbMzPnZRJua05b1SVNYs7GDeb0OxLyQ8tO5I7lNluey7pMZHfFHrTa6yz6vBzu30HGmr91G1URB3G-IWpYoXfQoxdBQnBjh4G8D6oKY2Qk9i4GAGilUybWaN4fOTs5cQ:1tbq6l:ZSFpAfAA0YbY-7LKv4DFFQ0EFvS-4YuFLlQtkR48xhY	2025-02-09 00:02:35.048285+00
u3ho4dkk5uw0ts73zfkytw7e49awnvol	.eJxVjMsOgjAUBf-la9NwKS3WpXu-obkvLGpKQmFl_HclYaHbMzPnZRJua05b1SVNYi7GOXP6HQn5oWUncsdymy3PZV0msrtiD1rtMIs-r4f7d5Cx5m_dRlXEszjfEDWs0Dvo0YsgIbixw0DeB1WFMTISexcDALTSKRNrNO8PNj45bA:1tZZUW:-WH-01ilTLnmIxrJZksO49ZcnKlRPsM5Wd-ZCWHfUQo	2025-02-02 17:53:44.758941+00
2dc5bm4kagasc3jxdts1kwsuwfiz261g	.eJxVjMsOgjAUBf-la9NwKS3WpXu-obkvLGpKQmFl_HclYaHbMzPnZRJua05b1SVNYi4Gojn9joT80LITuWO5zZbnsi4T2V2xB612mEWf18P9O8hY87duoyriWZxviBpW6B306EWQENzYYSDvg6rCGBmJvYsBAFrplIk1mvcHOKA5cA:1taydM:J5iwmJjLl2Wo1RushPVNCi6PVp5mdRVJRfDMQyV08F0	2025-02-06 14:56:40.519173+00
5tkji2oifa1eggaz0z5y8f6cza6aswsg	.eJxVjMsOgjAUBf-la9NwKS3WpXu-obkvLGpKQmFl_HclYaHbMzPnZRJua05b1SVNYi7GBXP6HQn5oWUncsdymy3PZV0msrtiD1rtMIs-r4f7d5Cx5m_dRlXEszjfEDWs0Dvo0YsgIbixw0DeB1WFMTISexcDALTSKRNrNO8POAk5bw:1tbOdT:TwLYzeG-kWlwQuDsD0ChFOsDKZ_HJopZw9AUcxVTekU	2025-02-07 18:42:31.265338+00
13pyvj7vavqi465wq6laoxl0ui36v1hn	.eJxVjMsOgjAUBf-la9P0UlqsS_d8Q3NfWNRAQmFl_HclYaHbMzPnZTJua8lb1SWPYi7GO3P6HQn5odNO5I7TbbY8T-sykt0Ve9Bq-1n0eT3cv4OCtXzrJqkinsUHR-RYofPQYRBBQvBDi5FCiKoKQ2IkDj5FAGikVSbWZN4fNHM5aQ:1tbOdT:c7B5NE4eaXrArARLoG_AT5MwUEWVfA-dLnIjPmPSNTQ	2025-02-07 18:42:31.683954+00
jb8ypgipz1frcmx68byuf1j6y9k59u71	.eJxVjMsOwiAQRf-FtSHlJYxL934DGYZBqoYmpV0Z_92QdKHbe865bxFx32rcO69xzuIirBWn3zEhPbkNkh_Y7oukpW3rnORQ5EG7vC2ZX9fD_Tuo2OuokwsBMPkpAzFoBVMplj2dDXhrg84uEzKSUaQSctEOgtIFjE4lGCs-Xx5XOHw:1tcE5j:VFfwW-yYNTeHMYFgombdzrEKDy1RetZOMEGzRJNlwE4	2025-02-10 01:39:07.422762+00
mr52fj0kke222rui9d2w10rc1j0nz2np	.eJxVjMsOgjAUBf-la9NwKS3WpXu-obkvLGpKQmFl_HclYaHbMzPnZRJua05b1SVNYi7GmdPvRsgPLTuQO5bbbHku6zKR3RV70GqHWfR5Pdy_g4w1f-s2qiKexfmGqGGF3kGPXgQJwY0dBvI-qCqMkZHYuxgAoJVOmVijeX8AERk5OQ:1tYuV4:Rkn3PJAZ2Xya1Utvj6e68TF4SGxsIDMwFVpr1xShogc	2025-01-31 22:07:34.006658+00
vd5b97u492ky2bo7wbh01ggtuujgfpbm	.eJxVjMsOgjAUBf-la9NwKS3WpXu-obkvLGpKQmFl_HclYaHbMzPnZRJua05b1SVNYi4GvDn9joT80LITuWO5zZbnsi4T2V2xB612mEWf18P9O8hY87duoyriWZxviBpW6B306EWQENzYYSDvg6rCGBmJvYsBAFrplIk1mvcHNjw5bA:1tZAw9:kpRCLVrlKuenwv2CotgXAqP73XvBI7zlBq69XlLPKfQ	2025-02-01 15:40:37.001608+00
y72reg74ycwo6dkij6m6zujray3lpyz6	.eJxVjMsOgjAUBf-la9NwKS3UpXu_obkvLGpKQmFl_HclYaHbMzPnZRJua05b1SVNYs7GDeb0OxLyQ8tO5I7lNluey7pMZHfFHrTa6yz6vBzu30HGmr91G1URB3G-IWpYoXfQoxdBQnBjh4G8D6oKY2Qk9i4GAGilUybWaN4fOTs5cQ:1tZL6L:Yxyn3blqr_iSqhAWG1wkByK_Rj2y41jxRZDEjhtUifg	2025-02-02 02:31:49.996339+00
96v114znow3ziyo8c35vaahgmfagk47k	.eJxVjMsOgjAUBf-la9P0UlqsS_d8Q3NfWNRAQmFl_HclYaHbMzPnZTJua8lb1SWPYi4GnDn9joT80GkncsfpNluep3UZye6KPWi1_Sz6vB7u30HBWr51k1QRz-KDI3Ks0HnoMIggIfihxUghRFWFITESB58iADTSKhNrMu8PMz85Zw:1taFJh:65ywQWoHjM_WzxHSWYD3Eeqv8JpoplDpA-OB3_ICMQs	2025-02-04 14:33:21.275311+00
eb3b5rj7jlqbds6c8nn57jsi6w80c283	.eJxVjMsOgjAUBf-la9P0UlqsS_d8Q3NfWNRAQmFl_HclYaHbMzPnZTJua8lb1SWPYi7GO3P6HQn5odNO5I7TbbY8T-sykt0Ve9Bq-1n0eT3cv4OCtXzrJqkinsUHR-RYofPQYRBBQvBDi5FCiKoKQ2IkDj5FAGikVSbWZN4fNHM5aQ:1tZL1A:lc3q9EEjbHZRiX-u-GiFUCbdKe4pbx1oqallFliuqLE	2025-02-02 02:26:28.532178+00
nyrw2j4c02aryhrwjfxbjiuv9cu9lvxp	.eJxVjMsOgjAUBf-la9NwKS3WpXu-obkvLGpKQmFl_HclYaHbMzPnZRJua05b1SVNYi7GmdPvRsgPLTuQO5bbbHku6zKR3RV70GqHWfR5Pdy_g4w1f-s2qiKexfmGqGGF3kGPXgQJwY0dBvI-qCqMkZHYuxgAoJVOmVijeX8AERk5OQ:1tZL1A:_yAOR2Cw3enR869mDxLWjHJaEzSyQhhWYURIF_HrLw4	2025-02-02 02:26:28.67669+00
nvp2takcrsn3ylvq751rydouixiyjxn5	.eJxVjMsOgjAUBf-la9NwKS3WpXu-obkvLGpKQmFl_HclYaHbMzPnZRJua05b1SVNYi4mmtPvRsgPLTuQO5bbbHku6zKR3RV70GqHWfR5Pdy_g4w1f-s2qiKexfmGqGGF3kGPXgQJwY0dBvI-qCqMkZHYuxgAoJVOmVijeX8AFK85Pw:1taFJh:qiNBEgTV1cSHwt-SlYLBQge5pasZRQCASwDkVNjIz48	2025-02-04 14:33:21.455351+00
led8xt9463zyev2gfqj3p0e03bc97tnn	.eJxVjEsOgjAUAO_StWl4lBbr0j1nIO-HRU2bUFgZ724wLHQ7M5mXGXFb07hVXcZZzMW00Zx-ISE_NO9G7phvxXLJ6zKT3RN72GqHIvq8Hu3fIGFN368q4lmcb4gaVugd9OhFkBDc1GEg74OqwhQZib2LAQBa6ZSJNZr3Bzk6OXE:1tZLwG:u5leETIASYMuzERvTt0OTpxGkgPrD6Yykf_jRWr3Tk8	2025-02-02 03:25:28.483537+00
1mkpcm0800dg2uiao0im391kixjm4hh0	.eJxVjEsKwjAUAO-StYS-5lPj0r1nKO9XU5UUmnYl3l0CXeh2Zpi3GXHf8rhXXcdZzMX03px-ISE_tTQjDyz3xfJStnUm2xJ72Gpvi-jrerR_g4w1t29SRTyLCx1RxwqDgwGDCBKCmzxGCiGqKkyJkTi4FAGgF69MrMl8vjY9OWw:1tZLwG:FK2f2FAqZOS45wRC5uOFQJeymtD0NCLNfhKsBSTjFJc	2025-02-02 03:25:28.607027+00
wvmksj1kv1yfv0d0w7go43bnhlam0iyq	.eJxVjMsOgjAUBf-la9NwKS3UpXu_obkvLGpKQmFl_HclYaHbMzPnZRJua05b1SVNYs7GDeb0OxLyQ8tO5I7lNluey7pMZHfFHrTa6yz6vBzu30HGmr91G1URB3G-IWpYoXfQoxdBQnBjh4G8D6oKY2Qk9i4GAGilUybWaN4fOTs5cQ:1tZZUW:SgIhLDtL8eKkK8Wyykjha68XhZomnzvepjWOAh9jaZw	2025-02-02 17:53:44.754079+00
29b50no83azru9k86gxw7mxhz66xt8oc	.eJxVjMsOgjAUBf-la9NwKS3WpXu-obkvLGpKQmFl_HclYaHbMzPnZRJua05b1SVNYi7GBXP6HQn5oWUncsdymy3PZV0msrtiD1rtMIs-r4f7d5Cx5m_dRlXEszjfEDWs0Dvo0YsgIbixw0DeB1WFMTISexcDALTSKRNrNO8POAk5bw:1taydM:UwPNimo-b75tpILsNkOZUR7913kUm2igRQgQ0D6Knm4	2025-02-06 14:56:40.577324+00
wvxfiytctmblntohg3d9qe5vaeeuyglh	.eJxVjEsKwjAUAO-StYS8pkmNS_eeobxfTVVSaNqVeHcJdKHbmWHeZsR9y-NedR1nMRfTOXP6hYT81NKMPLDcF8tL2daZbEvsYau9LaKv69H-DTLW3L5JFfEsPjgixwqDhwGDCBKCn3qMFEJUVZgSI3HwKQJAJ70ysSbz-QIz2Tlo:1tbOdT:ob6KOG4fLpPPIPuEmQrTS4pstgQgGWlzClhKhmV8gMU	2025-02-07 18:42:31.259449+00
jbmlwwx4dt7ax83fd5xhou5ffcqfmzbj	.eJxVjMsOgjAUBf-la9NwW1qsS_d8Q3NfWNRAQmFl_HclYaHbMzPnZTJua8lb1SWPYi7GO3P6HQn5odNO5I7TbbY8T-sykt0Ve9Bq-1n0eT3cv4OCtXxrl1QRz-JDQ9SwQuehwyCChOCHFiOFEFUVhsRIHHyKAOCkVSbWZN4fNaU5aw:1tcE5j:wRk46QSVseNURBoeWYTscXoaSp1cmXeI4PDqSXWYXfk	2025-02-10 01:39:07.423837+00
8r9k86106dash24ijxz0v9afwdhvu4sy	.eJxVjMsOgjAUBf-la9NwKS3WpXu-obkvLGpKQmFl_HclYaHbMzPnZRJua05b1SVNYi4GvDn9joT80LITuWO5zZbnsi4T2V2xB612mEWf18P9O8hY87duoyriWZxviBpW6B306EWQENzYYSDvg6rCGBmJvYsBAFrplIk1mvcHNjw5bA:1teL6v:LTbWf7cLDXWpOpDcjIY0Quoa7AF9lTBdJHBxq0WeYuw	2025-02-15 21:33:05.865829+00
frugotsrdwijjqmsz9qjsei0sqxi1m35	.eJxVjEsKwjAUAO-StYS-pkmNS_eeobxfTVUSaNqVeHcJdKHbmWHeZsJ9S9NedZ0WMRfTB3P6hYT81NyMPDDfi-WSt3Uh2xJ72GpvRfR1Pdq_QcKa2jeqIp7F-Y6oY4XRwYheBAnBzQMG8j6oKsyRkdi7GACgl0GZWKP5fAE3bzlu:1tYuV4:TTzDx67ObHtgiJMpQ7SYl2jzN_avXdagWi8EE4SEt48	2025-01-31 22:07:34.009094+00
hxoxpe5vdc2jl0ekr58xkic2oriq4zux	.eJxVjMsOgjAUBf-la9NwKS3UpXu_obkvLGpKQmFl_HclYaHbMzPnZRJua05b1SVNYs7GDeb0OxLyQ8tO5I7lNluey7pMZHfFHrTa6yz6vBzu30HGmr91G1URB3G-IWpYoXfQoxdBQnBjh4G8D6oKY2Qk9i4GAGilUybWaN4fOTs5cQ:1tZAw8:T6me2HpkWwzpLr811rg0FLHaJ-YMMG6tyTYgfd73LOo	2025-02-01 15:40:36.995487+00
1qsff8fagvvyqoq2w74gp7g31lxqga8w	.eJxVjEsKwjAUAO-StYS-pkmMS_eeobxfTVVSaNqVeHcJdKHbmWHeZsR9y-NedR1nMRfTR3P6hYT81NKMPLDcF8tL2daZbEvsYau9LaKv69H-DTLW3L5JFfEszndEHStEBxG9CBKCmwYM5H1QVZgSI7F3KQBAL4MysSbz-QI4CDlv:1tZL6M:yEYTgb2-l2WCvM6gx6Jf0PvB1Mqyb-7-L395t8iJZuw	2025-02-02 02:31:50.00966+00
9at8v0rfmky3tibaghvmwf6h0d0i4jz8	.eJxVjMsOgjAUBf-la9NwKS3WpXu-obkvLGpKQmFl_HclYaHbMzPnZRJua05b1SVNYi4GwJx-R0J-aNmJ3LHcZstzWZeJ7K7Yg1Y7zKLP6-H-HWSs-Vu3URXxLM43RA0r9A569CJICG7sMJD3QVVhjIzE3sUAAK10ysQazfsDM9g5aA:1taFJh:JHlZ-jn5x3l0TocOiN_Y0Dt9Y3eN9nrSz4R28SSBblo	2025-02-04 14:33:21.283807+00
vt2hxrl8tqgn82zdo6y7t6igsyoceh9v	.eJxVjMsOgjAUBf-la9NwKS3WpXu-obkvLGpKQmFl_HclYaHbMzPnZRJua05b1SVNYi7GeXP6HQn5oWUncsdymy3PZV0msrtiD1rtMIs-r4f7d5Cx5m_dRlXEszjfEDWs0Dvo0YsgIbixw0DeB1WFMTISexcDALTSKRNrNO8PN3A5bg:1tZL1A:hUCg4SFydnpVSTCA-TjXqySZGpHEP7GVz1l3DXd3A4A	2025-02-02 02:26:28.529264+00
n2r314tczjf3zhj7rloj0r9t3dpx2dsw	.eJxVjMsOgjAUBf-la9NwKS3WpXu-obkvLGpKQmFl_HclYaHbMzPnZRJua05b1SVNYi4GwJx-R0J-aNmJ3LHcZstzWZeJ7K7Yg1Y7zKLP6-H-HWSs-Vu3URXxLM43RA0r9A569CJICG7sMJD3QVVhjIzE3sUAAK10ysQazfsDM9g5aA:1tZL1A:OH2KOg057NS1FV6Ggm_2ETzqXcWHV61DlTSaZ2NXK5Q	2025-02-02 02:26:28.683242+00
df8ftldvi0602h7qfdsiux5p7kbl54y9	.eJxVjMsOgjAUBf-la9NwKS3WpXu-obkvLGpKQmFl_HclYaHbMzPnZRJua05b1SVNYi7GOXP6HQn5oWUncsdymy3PZV0msrtiD1rtMIs-r4f7d5Cx5m_dRlXEszjfEDWs0Dvo0YsgIbixw0DeB1WFMTISexcDALTSKRNrNO8PNj45bA:1tZLwG:EYDa9_aADjbHdbBEM5zLFSkNsEppF-qAIpHPkbv9Lh8	2025-02-02 03:25:28.488757+00
94qq8dakwnn9poh9ynudgdxx08ib7b4z	.eJxVjEsKwjAUAO-StYS8pkmNS_eeobxfTVVSaNqVeHcJdKHbmWHeZsR9y-NedR1nMRfTOXP6hYT81NKMPLDcF8tL2daZbEvsYau9LaKv69H-DTLW3L5JFfEsPjgixwqDhwGDCBKCn3qMFEJUVZgSI3HwKQJAJ70ysSbz-QIz2Tlo:1tZLwG:UgKwN_sWOiXMG44G74XyyxWtMIGz3lVyyNsc9shykoY	2025-02-02 03:25:28.587078+00
vkpatyz81ub0403u1himilu2opyc530e	.eJxVjMsOgjAUBf-la9NwW1qsS_d8Q3NfWNRAQmFl_HclYaHbMzPnZTJua8lb1SWPYi7GO3P6HQn5odNO5I7TbbY8T-sykt0Ve9Bq-1n0eT3cv4OCtXxrl1QRz-JDQ9SwQuehwyCChOCHFiOFEFUVhsRIHHyKAOCkVSbWZN4fNaU5aw:1tc55m:JqQKHDzQL59oWPmZ_r7e1k9aTpjeCcrf1rS0ny51e0E	2025-02-09 16:02:34.514651+00
6gd5v1fxb4w9wr65l5m7kzqzmsjza02n	.eJxVjMsOgjAUBf-la9NwKS3WpXu-obkvLGpKQmFl_HclYaHbMzPnZRJua05b1SVNYi4Ggjn9joT80LITuWO5zZbnsi4T2V2xB612mEWf18P9O8hY87duoyriWZxviBpW6B306EWQENzYYSDvg6rCGBmJvYsBAFrplIk1mvcHNtU5bQ:1tZZUW:WRTE3QhlwHx_D_7Lf0ldlDNPdn7x_14ags2JumSaStQ	2025-02-02 17:53:44.76894+00
08hjsm8y26gapugps3f4wjxlaikvr1ey	.eJxVjEsKwjAUAO-StYS8pkmNS_eeobxfTVVSaNqVeHcJdKHbmWHeZsR9y-NedR1nMRfTOXP6hYT81NKMPLDcF8tL2daZbEvsYau9LaKv69H-DTLW3L5JFfEsPjgixwqDhwGDCBKCn3qMFEJUVZgSI3HwKQJAJ70ysSbz-QIz2Tlo:1taydM:1DwFWIhR8wWk1PG4NIX3EY7b6w6TjG-0h-Cwk75adhY	2025-02-06 14:56:40.281726+00
muobps0vpimwmemaysu906ozvfngrufw	.eJxVjMsOgjAUBf-la9NwKS3WpXu-obkvLGpKQmFl_HclYaHbMzPnZRJua05b1SVNYi7GOXP6HQn5oWUncsdymy3PZV0msrtiD1rtMIs-r4f7d5Cx5m_dRlXEszjfEDWs0Dvo0YsgIbixw0DeB1WFMTISexcDALTSKRNrNO8PNj45bA:1taydM:BluT4Niakj05EcMBMyfbj36s6H1152sxfH71Bg0ThG8	2025-02-06 14:56:40.612544+00
7w8qn610ypxtw0tu8mvx08rd6n4k2k8d	.eJxVjMsOgjAUBf-la9NwKS3WpXu-obkvLGpKQmFl_HclYaHbMzPnZRJua05b1SVNYi4GnDn9joT80LITuWO5zZbnsi4T2V2xB612mEWf18P9O8hY87duoyriWZxviBpW6B306EWQENzYYSDvg6rCGBmJvYsBAFrplIk1mvcHNQo5ag:1tbOdT:qkWOdrowhfri5krAKOONNNVuD011MR7Hw1GFjWCQBEY	2025-02-07 18:42:31.294299+00
mkqvf4geop2wng410pu8cabt3s2eiai3	.eJxVjMsOgjAUBf-la9NwW1qsS_d8Q3NfWNRAQmFl_HclYaHbMzPnZTJua8lb1SWPYi7GO3P6HQn5odNO5I7TbbY8T-sykt0Ve9Bq-1n0eT3cv4OCtXxrl1QRz-JDQ9SwQuehwyCChOCHFiOFEFUVhsRIHHyKAOCkVSbWZN4fNaU5aw:1tYuV4:BkaWhD_vGZgSs1YJe3AeQo96WTpitHsMrkZP5aJcNjc	2025-01-31 22:07:34.015465+00
kfam8cdgsfc1zpw4op03uljnvudz1w8z	.eJxVjMsOgjAUBf-la9NwKS3WpXu-obkvLGpKQmFl_HclYaHbMzPnZRJua05b1SVNYi7GeXP6HQn5oWUncsdymy3PZV0msrtiD1rtMIs-r4f7d5Cx5m_dRlXEszjfEDWs0Dvo0YsgIbixw0DeB1WFMTISexcDALTSKRNrNO8PN3A5bg:1tZAw9:yKIB8oXw4GWH0eh5RWwRV_jQcTQRyGoS4dVQqAPt5eQ	2025-02-01 15:40:37.005736+00
1zf8q2owpz81d2cw2397cu88ftb6oltz	.eJxVjMsOgjAUBf-la9Nw6QPr0j3f0NwXFjWQUFgZ_11JWOj2zMx5mYzbWvJWdcmjmItx3px-R0J-6LQTueN0my3P07qMZHfFHrTafhZ9Xg_376BgLd-6TaqIZ3GhIWpYoXPQYRBBQnCDx0ghRFWFITESB5ciALTilYk1mfcHNtc5bQ:1tZL6M:-pfNSKjq1lgJPQzNZlNs5asaq65DM-Rr63muJeWA6ac	2025-02-02 02:31:50.031218+00
8n24f13updnqxviz1zsmn48q5z8b0u38	.eJxVjMsOgjAUBf-la9Nw6QPr0j3f0NwXFjWQUFgZ_11JWOj2zMx5mYzbWvJWdcmjmIsBb06_IyE_dNqJ3HG6zZbnaV1GsrtiD1ptP4s-r4f7d1Cwlm_dJlXEs7jQEDWs0DnoMIggIbjBY6QQoqrCkBiJg0sRAFrxysSazPsDNaM5aw:1taFJh:xrXkRgj2B-xESIEqXrQeQ4BTX9JislG8m4NyjTtGMak	2025-02-04 14:33:21.280834+00
q7bsmzgwuztyh1do0c3ytc52frarax66	.eJxVjMsOgjAUBf-la9NwW1qsS_d8Q3NfWNRAQmFl_HclYaHbMzPnZTJua8lb1SWPYi7GO3P6HQn5odNO5I7TbbY8T-sykt0Ve9Bq-1n0eT3cv4OCtXxrl1QRz-JDQ9SwQuehwyCChOCHFiOFEFUVhsRIHHyKAOCkVSbWZN4fNaU5aw:1tZL1A:RjYIa8-zQw31MsJrWYb7gP9uObmUxTDftfuznKWouck	2025-02-02 02:26:28.521587+00
od6cqydugkdayjsgspggwhldtcabd8ev	.eJxVjMsOgjAUBf-la9NwKS3WpXu-obkvLGpKQmFl_HclYaHbMzPnZRJua05b1SVNYi4GzOl3I-SHlh3IHctttjyXdZnI7oo9aLXDLPq8Hu7fQcaav3UbVRHP4nxD1LBC76BHL4KE4MYOA3kfVBXGyEjsXQwA0EqnTKzRvD8P5zk3:1tZL1A:Badij9LOBpBXZQo-qGlfz1wOo1EpAnWURwQHxwJOTN4	2025-02-02 02:26:28.833363+00
8jb10cal9jj23une3wxnsznsw769vtny	.eJxVjMsOgjAUBf-la9NwKS3WpXu-obkvLGpKQmFl_HclYaHbMzPnZRJua05b1SVNYi7GmdPvRsgPLTuQO5bbbHku6zKR3RV70GqHWfR5Pdy_g4w1f-s2qiKexfmGqGGF3kGPXgQJwY0dBvI-qCqMkZHYuxgAoJVOmVijeX8AERk5OQ:1tZLwG:6KDKC0XAX0KHBjFGggyTdm2G03_-rX-pVdykYkgxb2U	2025-02-02 03:25:28.491604+00
imyi7vw6xnwv9majq4q2oswjfdkgxerg	.eJxVjMsOwiAQRf-FtSHlJYxL934DGYZBqoYmpV0Z_92QdKHbe865bxFx32rcO69xzuIirBWn3zEhPbkNkh_Y7oukpW3rnORQ5EG7vC2ZX9fD_Tuo2OuokwsBMPkpAzFoBVMplj2dDXhrg84uEzKSUaQSctEOgtIFjE4lGCs-Xx5XOHw:1tc55m:91AR0PJiRAp3yg0GJew9be19fb3onIgs-_-C2x9Lu0I	2025-02-09 16:02:34.520891+00
chi1i4rkh836pskoubqhw416l1vd259m	.eJxVjMsOgjAUBf-la9NwKS3WpXu-obkvLGpKQmFl_HclYaHbMzPnZRJua05b1SVNYi4Gojn9joT80LITuWO5zZbnsi4T2V2xB612mEWf18P9O8hY87duoyriWZxviBpW6B306EWQENzYYSDvg6rCGBmJvYsBAFrplIk1mvcHOKA5cA:1tZZUV:mkes8jVJ9M5DkTk5Ibuh3mhz9HDYqJtNgE-IKpN0P8U	2025-02-02 17:53:43.663711+00
h8j3ens1k0zlvtlxuo4os4oe5ctn9lna	.eJxVjMsOgjAUBf-la9P0UlqsS_d8Q3NfWNRAQmFl_HclYaHbMzPnZTJua8lb1SWPYi7GO3P6HQn5odNO5I7TbbY8T-sykt0Ve9Bq-1n0eT3cv4OCtXzrJqkinsUHR-RYofPQYRBBQvBDi5FCiKoKQ2IkDj5FAGikVSbWZN4fNHM5aQ:1tZZUW:IW3RfQ7ng8zRNVBA22-VY92et_8f_qKPYIgMmaM1jhM	2025-02-02 17:53:44.765596+00
e845f6kx1dti718lpnitr8cmv419l1qk	.eJxVjEsKwjAUAO-StYS-5lPj0r1nKO9XU5UUmnYl3l0CXeh2Zpi3GXHf8rhXXcdZzMX03px-ISE_tTQjDyz3xfJStnUm2xJ72Gpvi-jrerR_g4w1t29SRTyLCx1RxwqDgwGDCBKCmzxGCiGqKkyJkTi4FAGgF69MrMl8vjY9OWw:1taydM:3_b1pcRr0pc9pK5RPbqqXi_oFplZArDUwRvH8sjRC9Q	2025-02-06 14:56:40.272343+00
3onueu03vj0wfxganggg5ttcz5wg9p03	.eJxVjMsOgjAUBf-la9NwKS3WpXu-obkvLGpKQmFl_HclYaHbMzPnZRJua05b1SVNYi4GnDn9joT80LITuWO5zZbnsi4T2V2xB612mEWf18P9O8hY87duoyriWZxviBpW6B306EWQENzYYSDvg6rCGBmJvYsBAFrplIk1mvcHNQo5ag:1taydM:HqG3vHHuX3ClRnuM8m2QA6o7SxianHTOHJ2HnB5vIh0	2025-02-06 14:56:40.60111+00
l0q7k9zllqrdedxas08cy32a0tuh16x8	.eJxVjMsOwiAQRf-FtSHyHly69xvIAINUDSSlXRn_3TbpQrf3nHPfLOC61LAOmsOU2YVpw06_Y8T0pLaT_MB27zz1tsxT5LvCDzr4rWd6XQ_376DiqFuNABBthqR0MYDeSWGKktnJjChKAaRCpM5eOkVe6E33xliTBEiykNjnCw57N9Y:1tcEMz:vEbif1rsmWIwaiG6biNTOhLa9VdHP4UhHKlGcTPI9dI	2025-02-10 01:56:57.315482+00
6ryzmsr20677rgp9gqizsvnzfqkdxlmh	.eJxVjEsKwjAUAO-StYS-pkmNS_eeobxfTVUSaNqVeHcJdKHbmWHeZsJ9S9NedZ0WMRfTgzn9QkJ-am5GHpjvxXLJ27qQbYk9bLW3Ivq6Hu3fIGFN7RtVEc_ifEfUscLoYEQvgoTg5gEDeR9UFebISOxdDADQy6BMrNF8vjRyOWk:1tbOdT:ZaSpW0WNKaANEseNm15IhZddLakUK85EoDdNA9haoiQ	2025-02-07 18:42:31.25691+00
wg1zq7nerk6nuucee2azj0vn7vmukynh	.eJxVjEsKwjAUAO-StYS-5lPj0r1nKO9XU5UUmnYl3l0CXeh2Zpi3GXHf8rhXXcdZzMX03px-ISE_tTQjDyz3xfJStnUm2xJ72Gpvi-jrerR_g4w1t29SRTyLCx1RxwqDgwGDCBKCmzxGCiGqKkyJkTi4FAGgF69MrMl8vjY9OWw:1teL7A:o98xOnr_c1ZYpYFNzOmBCGb-g7l5_mwAeKD8hYKtAVE	2025-02-15 21:33:20.816666+00
72zi004f5cnnnpiot3z5xac7njwn5k0b	.eJxVjMsOgjAUBf-la9NwKS3WpXu-obkvLGpKQmFl_HclYaHbMzPnZRJua05b1SVNYi7GOXP6HQn5oWUncsdymy3PZV0msrtiD1rtMIs-r4f7d5Cx5m_dRlXEszjfEDWs0Dvo0YsgIbixw0DeB1WFMTISexcDALTSKRNrNO8PNj45bA:1tYuV4:xhTVUFFU99KmFFPvDvIul_KydPlTLRnOh_IHA_C_10Q	2025-01-31 22:07:34.019132+00
gygxayo56k6p4t1rarnc7vler5wetfyt	.eJxVjMsOgjAUBf-la9NwKS3WpXu-obkvLGpKQmFl_HclYaHbMzPnZRJua05b1SVNYi4GnDn9joT80LITuWO5zZbnsi4T2V2xB612mEWf18P9O8hY87duoyriWZxviBpW6B306EWQENzYYSDvg6rCGBmJvYsBAFrplIk1mvcHNQo5ag:1tZAw9:zrKC8ulys5MqTwxue0nN6eqivYTuB-1k-mUxME-I2BE	2025-02-01 15:40:37.022138+00
ob5p7z6rh1dbkznlthato3wbfudtvpok	.eJxVjMsOgjAUBf-la9NwKS3WpXu-obkvLGpKQmFl_HclYaHbMzPnZRJua05b1SVNYi4Ggjn9joT80LITuWO5zZbnsi4T2V2xB612mEWf18P9O8hY87duoyriWZxviBpW6B306EWQENzYYSDvg6rCGBmJvYsBAFrplIk1mvcHNtU5bQ:1tZL6M:Hqs1ik1r1N1ZnwJ3SqZZK21vV-2jAjIy8Z72Z9datp4	2025-02-02 02:31:50.015943+00
pw18xemky90upnjxiv2yn3jh5w2chra6	.eJxVjMsOgjAUBf-la9Nw6QPr0j3f0NwXFjWQUFgZ_11JWOj2zMx5mYzbWvJWdcmjmItx3px-R0J-6LQTueN0my3P07qMZHfFHrTafhZ9Xg_376BgLd-6TaqIZ3GhIWpYoXPQYRBBQnCDx0ghRFWFITESB5ciALTilYk1mfcHNtc5bQ:1tZL1A:lQZ0VCrv2KR4qUQehYIGTernOxjInokcU1eUthc15EY	2025-02-02 02:26:28.550033+00
arr3trcnfdjo85oat4v3t9qumdsoj99c	.eJxVjMsOgjAUBf-la9NwKS3WpXu-obkvLGpKQmFl_HclYaHbMzPnZRJua05b1SVNYi4Ggjn9joT80LITuWO5zZbnsi4T2V2xB612mEWf18P9O8hY87duoyriWZxviBpW6B306EWQENzYYSDvg6rCGBmJvYsBAFrplIk1mvcHNtU5bQ:1tZL1A:2ek_ZEnTYWLQlDbXeMbrV0IEPrEmzdHCvLL1mZUiaLM	2025-02-02 02:26:28.56129+00
pox2igcfx6jy4l9zzuzjfsdn7m7bhk3j	.eJxVjMsOgjAUBf-la9NwKS3WpXu-obkvBDVtQmFl_HclYaHbMzPnZRJu65S2qkuaxVyM683pdyTkh-adyB3zrVgueV1msrtiD1rtUESf18P9O5iwTt-6jaqIZ3G-IWpYoXfQoxdBQnBjh4G8D6oKY2Qk9i4GAGilUybWaN4fOKI5cA:1taFJh:OWwVNcejuZSDymUVqldMmH3MN3ECivq5EypwgC3hcno	2025-02-04 14:33:21.288634+00
462fdp0uyrlbo0pvb8jto4x3fuabqhyi	.eJxVjMsOgjAUBf-la9Nw6QPr0j3f0NwXFjWQUFgZ_11JWOj2zMx5mYzbWvJWdcmjmItx3px-R0J-6LQTueN0my3P07qMZHfFHrTafhZ9Xg_376BgLd-6TaqIZ3GhIWpYoXPQYRBBQnCDx0ghRFWFITESB5ciALTilYk1mfcHNtc5bQ:1tZLwG:ss2HpkNJY_1Q2fHirvB8KfGYyQfcKNxLY_bhavCd5Ls	2025-02-02 03:25:28.494158+00
a18n63lqq2xfgm0gi42a5xag6pslv74d	.eJxVjMsOgjAUBf-la9NwKS3UpXu_obkvLGpKQmFl_HclYaHbMzPnZRJua05b1SVNYs7GDeb0OxLyQ8tO5I7lNluey7pMZHfFHrTa6yz6vBzu30HGmr91G1URB3G-IWpYoXfQoxdBQnBjh4G8D6oKY2Qk9i4GAGilUybWaN4fOTs5cQ:1tc55m:EJkXpzxPPoReOJ2uaMSIG1ztWYstTMr5WChs4WQzh4E	2025-02-09 16:02:34.519517+00
3biryvb9rce5vc0ujc1nnlk8ofwndv8i	.eJxVjMsOgjAUBf-la9NwKS3WpXu-obkvBDVtQmFl_HclYaHbMzPnZRJu65S2qkuaxVyM683pdyTkh-adyB3zrVgueV1msrtiD1rtUESf18P9O5iwTt-6jaqIZ3G-IWpYoXfQoxdBQnBjh4G8D6oKY2Qk9i4GAGilUybWaN4fOKI5cA:1tZZUV:nY6bboUO2miHUo5LATqeOFdqYk7PNs_d3B1cOG7vvuI	2025-02-02 17:53:43.65803+00
c3nirh2v5e83cvjsmdxuvn8g3nvef7hl	.eJxVjMsOgjAUBf-la9Nw6QPr0j3f0NwXFjWQUFgZ_11JWOj2zMx5mYzbWvJWdcmjmItx3px-R0J-6LQTueN0my3P07qMZHfFHrTafhZ9Xg_376BgLd-6TaqIZ3GhIWpYoXPQYRBBQnCDx0ghRFWFITESB5ciALTilYk1mfcHNtc5bQ:1tZZUW:JZxN6XOZVFyhSdSetTbNUeMuF3DkJZAIRidE39QWWjw	2025-02-02 17:53:44.773384+00
2pglga7vxaft433ohi9vprczkwgwqgad	.eJxVjEsKwjAUAO-StYS-pkmNS_eeobxfTVUSaNqVeHcJdKHbmWHeZsJ9S9NedZ0WMRfTB3P6hYT81NyMPDDfi-WSt3Uh2xJ72GpvRfR1Pdq_QcKa2jeqIp7F-Y6oY4XRwYheBAnBzQMG8j6oKsyRkdi7GACgl0GZWKP5fAE3bzlu:1taydM:K5fQdP9tb9TuR227QT_fJViK6rs2oEm84jZPEt8Q1bs	2025-02-06 14:56:40.266256+00
wpdudx6slg0m853wetrjn6joztbwjbp9	.eJxVjMsOgjAUBf-la9NwW1qsS_d8Q3NfWNRAQmFl_HclYaHbMzPnZTJua8lb1SWPYi7GO3P6HQn5odNO5I7TbbY8T-sykt0Ve9Bq-1n0eT3cv4OCtXxrl1QRz-JDQ9SwQuehwyCChOCHFiOFEFUVhsRIHHyKAOCkVSbWZN4fNaU5aw:1taydM:zDkYln3kRbJfY_N3I8CGYuoHHFfioSRUi9TCX900hWI	2025-02-06 14:56:40.620358+00
8mk6uwhn0lymvwwn3ercxx0ldbouut4e	.eJxVjEsOgjAUAO_StWl4lBbr0j1nIO-HRU2bUFgZ724wLHQ7M5mXGXFb07hVXcZZzMW00Zx-ISE_NO9G7phvxXLJ6zKT3RN72GqHIvq8Hu3fIGFN368q4lmcb4gaVugd9OhFkBDc1GEg74OqwhQZib2LAQBa6ZSJNZr3Bzk6OXE:1tbOdT:m0WWG1RIzzVEd6N3fd-UAU2i-HgdLWaBdNhd7eJI3FA	2025-02-07 18:42:31.288867+00
j0fnfcp0kn9w02lv89o4ax3e8nu0jh2m	.eJxVjMsOgjAUBf-la9NwKS3WpXu-obkvLGpKQmFl_HclYaHbMzPnZRJua05b1SVNYi7GOXP6HQn5oWUncsdymy3PZV0msrtiD1rtMIs-r4f7d5Cx5m_dRlXEszjfEDWs0Dvo0YsgIbixw0DeB1WFMTISexcDALTSKRNrNO8PNj45bA:1teL7W:9VdwB2KthhGZsHdqSc1jzRqDuhEI-bLbyxFmI8SZJPw	2025-02-15 21:33:42.347799+00
ebbgv8eesa3ydbam4qqeeuclkqghqssl	.eJxVjMsOgjAUBf-la9Nw6QPr0j3f0NwXFjWQUFgZ_11JWOj2zMx5mYzbWvJWdcmjmIvx5vS7EfJDpx3IHafbbHme1mUkuyv2oNX2s-jzerh_BwVr-dZtUkU8iwsNUcMKnYMOgwgSghs8RgohqioMiZE4uBQBoBWvTKzJvD8Rsjk6:1tYuV4:Pb6VsRI_vVuiMdXIQJzyo-jtiyTGo3C9YAKuGktwlqI	2025-01-31 22:07:34.024898+00
164kob0gx5kjagtby9dqgtreo7e4iixx	.eJxVjEsKwjAUAO-StYS-pkmMS_eeobxfTVVSaNqVeHcJdKHbmWHeZsR9y-NedR1nMRfTR3P6hYT81NKMPLDcF8tL2daZbEvsYau9LaKv69H-DTLW3L5JFfEszndEHStEBxG9CBKCmwYM5H1QVZgSI7F3KQBAL4MysSbz-QI4CDlv:1tZAw9:rJt_25ZwKk9Yj89o_yJWSxYxlXcl5mCejJOfDxyLRWE	2025-02-01 15:40:37.013882+00
vi8a25snt4xjtzx34y7r3zvl72ay7n3a	.eJxVjMsOgjAUBf-la9NwKS3WpXu-obkvLGpKQmFl_HclYaHbMzPnZRJua05b1SVNYi7GRXP6HQn5oWUncsdymy3PZV0msrtiD1rtMIs-r4f7d5Cx5m_dRlXEszjfEDWs0Dvo0YsgIbixw0DeB1WFMTISexcDALTSKRNrNO8POdQ5cg:1tZL6M:5CWYyPuOGxZVbgbhlcH6nP6kcBPxp0CoxV2A31Kc7BQ	2025-02-02 02:31:50.024655+00
3a1q6byu9ro4jivjwa7yqwygtm8bfzz5	.eJxVjMsOgjAUBf-la9NwKS3WpXu-obkvLGpKQmFl_HclYaHbMzPnZRJua05b1SVNYi4GnDn9joT80LITuWO5zZbnsi4T2V2xB612mEWf18P9O8hY87duoyriWZxviBpW6B306EWQENzYYSDvg6rCGBmJvYsBAFrplIk1mvcHNQo5ag:1tZL1A:9rbU4rd33e7GoIWVEvgomZ-ai5MX-_d-HL4CKn9XocQ	2025-02-02 02:26:28.558417+00
v7wnt06i2h4k57rvzpp5772vazocd8no	.eJxVjEsOgjAUAO_StWl4lBbq0j1nIO-HRQ1NKKyMdzdNWOh2ZjJvM-Gxp-kouk2LmKtpB3P5hYT81LUaeeB6z5bzum8L2ZrY0xY7ZtHX7Wz_BglLqt-oijiI8w1Rwwq9gx69CBKCmzsM5H1QVZgjI7F3MQBAK50ysUbz-QI4oTlw:1tZL1A:lJr5S9BJXVvaVv9N1ZUZS1ENqMFq2cyhoBOSspusHkc	2025-02-02 02:26:28.630815+00
yeaw6maslf71ofwg4qen35qqnneaaofb	.eJxVjMsOgjAUBf-la9NwKS3WpXu-obkvLGpKQmFl_HclYaHbMzPnZRJua05b1SVNYi4Ggjn9joT80LITuWO5zZbnsi4T2V2xB612mEWf18P9O8hY87duoyriWZxviBpW6B306EWQENzYYSDvg6rCGBmJvYsBAFrplIk1mvcHNtU5bQ:1taFJh:SNwPwOdnyX4a0DZ9iwWmSdboWA-Z_3nAPrMq17CGHRw	2025-02-04 14:33:21.3244+00
zaccymuzugndp7gd7bmpu96a4ro2g99u	.eJxVjMsOgjAUBf-la9NwKS3WpXu-obkvLGpKQmFl_HclYaHbMzPnZRJua05b1SVNYi7GBXP6HQn5oWUncsdymy3PZV0msrtiD1rtMIs-r4f7d5Cx5m_dRlXEszjfEDWs0Dvo0YsgIbixw0DeB1WFMTISexcDALTSKRNrNO8POAk5bw:1tZLwG:Zn4yC8MTlZHc4i1PPHU59LLsgVA547SpAjjbZq1F3e8	2025-02-02 03:25:28.497453+00
t0do55pcqolwxkter4k9cmryw7a1sy1s	.eJxVjMsOgjAUBf-la9NwKS3WpXu-obkvLGpKQmFl_HclYaHbMzPnZRJua05b1SVNYi7GgTn9joT80LITuWO5zZbnsi4T2V2xB612mEWf18P9O8hY87duoyriWZxviBpW6B306EWQENzYYSDvg6rCGBmJvYsBAFrplIk1mvcHNQw5ag:1tZZUV:4L5Ot2bxXZQv_HtaImDGKoN6kPBfCmq1YWhWYE8M9GI	2025-02-02 17:53:43.722223+00
h0ksdjruzw8mpbfvvpptr1y2u91h2uk7	.eJxVjEsKwjAUAO-StYS-pkmMS_eeobxfTVVSaNqVeHcJdKHbmWHeZsR9y-NedR1nMRfTR3P6hYT81NKMPLDcF8tL2daZbEvsYau9LaKv69H-DTLW3L5JFfEszndEHStEBxG9CBKCmwYM5H1QVZgSI7F3KQBAL4MysSbz-QI4CDlv:1tZZUW:qKuddkHmC8RV4bmS-Nxzfby8f3WZ_fxcwPqvMa8e8YE	2025-02-02 17:53:44.780885+00
lf5n7pe2cdyhuvpxu3x5dr4srmzrq9dv	.eJxVjMsOgjAUBf-la9NwKW2tS_d8Q3NfWNRAQmFl_HclYaHbMzPnZTJua8lb1SWPYi4mmtPvRsgPnXYgd5xus-V5WpeR7K7Yg1bbz6LP6-H-HRSs5Vu3SRXxLM43RA0rRAcRvQgSghs6DOR9UFUYEiOxdykAQCudMrEm8_4AE305PQ:1taydM:er3oWdACL3YAQlt8swAS5z6xJAmQpmY0n9Es56cJ2ts	2025-02-06 14:56:40.260487+00
iwux3d1p3l0c6blozpybiexdffvu5tva	.eJxVjMsOgjAUBf-la9NwKS3WpXu-obkvLGpKQmFl_HclYaHbMzPnZRJua05b1SVNYi7Gm9PvRsgPLTuQO5bbbHku6zKR3RV70GqHWfR5Pdy_g4w1f-s2qiKexfmGqGGF3kGPXgQJwY0dBvI-qCqMkZHYuxgAoJVOmVijeX8AEks5Ow:1taydM:8vhzcg4XrlhbIa-YBw2FRW8Fvt9fpAVC4XE_xQRmL_o	2025-02-06 14:56:40.621622+00
82s675e4vw9svm8q0lm8evjxfamc848f	.eJxVjMsOgjAUBf-la9NwKS3WpXu-obkvLGpKQmFl_HclYaHbMzPnZRJua05b1SVNYi4mmtPvRsgPLTuQO5bbbHku6zKR3RV70GqHWfR5Pdy_g4w1f-s2qiKexfmGqGGF3kGPXgQJwY0dBvI-qCqMkZHYuxgAoJVOmVijeX8AFK85Pw:1tbOdT:Z7jRdzixRAF0Zp3EC-TKvZCb0XAnUGLggUw0TN5BSgU	2025-02-07 18:42:31.298285+00
ythcv3y3vzh6jmdgpgfqnkvrahnhrrt3	.eJxVjMsOgjAUBf-la9NwKW2tS_d8Q3NfWNRAQmFl_HclYaHbMzPnZTJua8lb1SWPYi4Gojn9joT80GkncsfpNluep3UZye6KPWi1_Sz6vB7u30HBWr51m1QRz-J8Q9SwQnQQ0YsgIbihw0DeB1WFITESe5cCALTSKRNrMu8PN245bg:1tYuV4:5k1NwE8dEyH87P0kJEzAVP2ozzoP90kS7fIhe1GDC3o	2025-01-31 22:07:34.034832+00
9f1xszxdizvc3s5fkr3177qpvkx3px4y	.eJxVjMsOgjAUBf-la9NwKS3WpXu-obkvLGpKQmFl_HclYaHbMzPnZRJua05b1SVNYi7GOXP6HQn5oWUncsdymy3PZV0msrtiD1rtMIs-r4f7d5Cx5m_dRlXEszjfEDWs0Dvo0YsgIbixw0DeB1WFMTISexcDALTSKRNrNO8PNj45bA:1tZAw9:ZxAITv7B1TfRM2zXEWdWhJ5FYCUvTuVlZCH49F7kfrE	2025-02-01 15:40:37.026476+00
chl3rmkw44fqxhkzykyl233el6mvh0ne	.eJxVjMsOgjAUBf-la9NwKS3WpXu-obkvLGpKQmFl_HclYaHbMzPnZRJua05b1SVNYi4GvDn9joT80LITuWO5zZbnsi4T2V2xB612mEWf18P9O8hY87duoyriWZxviBpW6B306EWQENzYYSDvg6rCGBmJvYsBAFrplIk1mvcHNjw5bA:1tZL6M:2uvhvdVzLs3sC164ln6iTKBx2kFOZmA78qAt8J7AgvM	2025-02-02 02:31:50.022638+00
5xqv9ok933akg3ysnw7brk58znd8euon	.eJxVjEsKwjAUAO-StYS-pkmNS_eeobxfTVUSaNqVeHcJdKHbmWHeZsJ9S9NedZ0WMRfTm9MvI-Sn5ibkgfleLJe8rQvZltjDVnsroq_r0f4NEtbUtlEV8SzOd0QdK4wORvQiSAhuHjCQ90FVYY6MxN7FAAC9DMrEGs3nCxCAOTg:1tZL1A:jj5339jUsIpHBvo5--6vFnp6lraNBqW1FdMO-Ofxj3o	2025-02-02 02:26:28.555289+00
qq7w52j5dqdujbbn8fe68kpmoaqir417	.eJxVjMsOgjAUBf-la9NwKS3WpXu-obkvLGpKQmFl_HclYaHbMzPnZRJua05b1SVNYi7GRXP6HQn5oWUncsdymy3PZV0msrtiD1rtMIs-r4f7d5Cx5m_dRlXEszjfEDWs0Dvo0YsgIbixw0DeB1WFMTISexcDALTSKRNrNO8POdQ5cg:1taFJh:c6RYWjkVXPnqDgi3yJk85n6BldrhnzqrraWWmQiGL0A	2025-02-04 14:33:21.335516+00
2a5tez8pn0p6vvf1pzpgqjs30h7b979r	.eJxVjMsOgjAUBf-la9NwKW2tS_d8Q3NfWNRAQmFl_HclYaHbMzPnZTJua8lb1SWPYi4Gojn9joT80GkncsfpNluep3UZye6KPWi1_Sz6vB7u30HBWr51m1QRz-J8Q9SwQnQQ0YsgIbihw0DeB1WFITESe5cCALTSKRNrMu8PN245bg:1tZLwG:L_JP-67L6ZpKOwF_EbZunMt67Sz3cBreidEMVLMptbU	2025-02-02 03:25:28.526407+00
wrjuicu1kinvftfzqrit4mr2q6yhjza0	.eJxVjMsOwiAQRf-FtSHlJYxL934DGYZBqoYmpV0Z_92QdKHbe865bxFx32rcO69xzuIirBWn3zEhPbkNkh_Y7oukpW3rnORQ5EG7vC2ZX9fD_Tuo2OuokwsBMPkpAzFoBVMplj2dDXhrg84uEzKSUaQSctEOgtIFjE4lGCs-Xx5XOHw:1tc7Iq:XPQI0lOwL2xbufW8zmsZ5SqknrunhhPkpZWnTT4zfyM	2025-02-09 18:24:12.169728+00
hod1oxmjixbnzri56p2yz3hso2ldi11k	.eJxVjMsOgjAUBf-la9NwKS3WpXu-obkvLGpKQmFl_HclYaHbMzPnZRJua05b1SVNYi4GvDn9joT80LITuWO5zZbnsi4T2V2xB612mEWf18P9O8hY87duoyriWZxviBpW6B306EWQENzYYSDvg6rCGBmJvYsBAFrplIk1mvcHNjw5bA:1tZZUV:RjstFqp9YRMMdgUZr5Fb6PjcEq63xorLGvszlQfexio	2025-02-02 17:53:43.718594+00
i8n5h0u3bprirtg3ps62teaw5wq0mqsh	.eJxVjMsOgjAUBf-la9NwKS3WpXu-obkvLGpKQmFl_HclYaHbMzPnZRJua05b1SVNYi4GnDn9joT80LITuWO5zZbnsi4T2V2xB612mEWf18P9O8hY87duoyriWZxviBpW6B306EWQENzYYSDvg6rCGBmJvYsBAFrplIk1mvcHNQo5ag:1tZZUW:0AiUFkFlE2WkXjWjnicYCIKaP7E8g3_rgVtttpor8Gw	2025-02-02 17:53:44.778361+00
6pi9bgx70u1fc156cd4qln75v5ew5kiy	.eJxVjMsOgjAUBf-la9NwKS3WpXu-obkvLGpKQmFl_HclYaHbMzPnZRJua05b1SVNYi4GzOl3I-SHlh3IHctttjyXdZnI7oo9aLXDLPq8Hu7fQcaav3UbVRHP4nxD1LBC76BHL4KE4MYOA3kfVBXGyEjsXQwA0EqnTKzRvD8P5zk3:1taydM:RubJgGtZd6jmf4cMAMpESl3GuN9oh5PIqcLBm9Ge1fo	2025-02-06 14:56:40.284305+00
1jmel6rh7d7noln8idt5ichziun239vb	.eJxVjEsOgjAUAO_StWl4lBbr0j1nIO-HRU2bUFgZ724wLHQ7M5mXGXFb07hVXcZZzMW00Zx-ISE_NO9G7phvxXLJ6zKT3RN72GqHIvq8Hu3fIGFN368q4lmcb4gaVugd9OhFkBDc1GEg74OqwhQZib2LAQBa6ZSJNZr3Bzk6OXE:1taydM:0qFzdDuG734Vt451R_tox1Po8IX0FXw13aR7u1_pDmo	2025-02-06 14:56:40.625516+00
krki5tvukmte2gkqx2ci0yrav4bj95uy	.eJxVjMsOgjAUBf-la9NwKS3UpXu_obkvLGpKQmFl_HclYaHbMzPnZRJua05b1SVNYs7GDeb0OxLyQ8tO5I7lNluey7pMZHfFHrTa6yz6vBzu30HGmr91G1URB3G-IWpYoXfQoxdBQnBjh4G8D6oKY2Qk9i4GAGilUybWaN4fOTs5cQ:1tcUZ2:yhD-PxQmla_1LxjKd0CDP29pe6FJKdnHmASb0sAMc8o	2025-02-10 19:14:28.44232+00
iux4wrv687evx9ow78mthqntrvkwz3rp	.eJxVjEsKwjAUAO-StYS-pkmNS_eeobxfTVUSaNqVeHcJdKHbmWHeZsJ9S9NedZ0WMRfTO3P6hYT81NyMPDDfi-WSt3Uh2xJ72GpvRfR1Pdq_QcKa2jeqIp7F-Y6oY4XRwYheBAnBzQMG8j6oKsyRkdi7GACgl0GZWKP5fAE1pDlr:1tbOdT:tvVApCZ6I5kuz7WrNF_kRy8hRmG-VeMIuaJR0XuTFco	2025-02-07 18:42:31.286265+00
37o5auw2u8uss4ndwvyq8q8zsdxmnxgn	.eJxVjEsKwjAUAO-StYS-pkmNS_eeobxfTVUSaNqVeHcJdKHbmWHeZsJ9S9NedZ0WMRfTO3P6hYT81NyMPDDfi-WSt3Uh2xJ72GpvRfR1Pdq_QcKa2jeqIp7F-Y6oY4XRwYheBAnBzQMG8j6oKsyRkdi7GACgl0GZWKP5fAE1pDlr:1tYuV4:WWW2gxhQdNYtvAVPsKUa_73KE_mvRnQ7RpDMx8Egp6g	2025-01-31 22:07:34.041042+00
r8jvce4qry1prqfy8qsmxgl6wkuwdofu	.eJxVjMsOgjAUBf-la9NwKS3WpXu-obkvLGpKQmFl_HclYaHbMzPnZRJua05b1SVNYi4GwJx-R0J-aNmJ3LHcZstzWZeJ7K7Yg1Y7zKLP6-H-HWSs-Vu3URXxLM43RA0r9A569CJICG7sMJD3QVVhjIzE3sUAAK10ysQazfsDM9g5aA:1tZAw9:V6iVGrNiUPB_PWrlybZlBRpcVbPiEWX9jjvc1cvy0Ns	2025-02-01 15:40:37.028913+00
wsmzyqmzd471oqn5y4hil876pp7w23n1	.eJxVjMsOgjAUBf-la9NwW1qsS_d8Q3NfWNRAQmFl_HclYaHbMzPnZTJua8lb1SWPYi4GnDn9joT80GkncsfpNluep3UZye6KPWi1_Sz6vB7u30HBWr61S6qIZ_GhIWpYofPQYRBBQvBDi5FCiKoKQ2IkDj5FAHDSKhNrMu8PNHE5aQ:1tZL6M:54tu-7WqlPwkWJMHJALoru0wspmYwp7cJ_mN9Ah1kKw	2025-02-02 02:31:50.037476+00
zvkib8zylp7fme3lc4zd5shoib8v9gh6	.eJxVjMsOgjAUBf-la9NwW1qsS_d8Q3NfWNRAQmFl_HclYaHbMzPnZTJua8lb1SWPYi4GnDn9joT80GkncsfpNluep3UZye6KPWi1_Sz6vB7u30HBWr61S6qIZ_GhIWpYofPQYRBBQvBDi5FCiKoKQ2IkDj5FAHDSKhNrMu8PNHE5aQ:1tZL1A:O0vI56uxQPGZQK5LFyU-wqRs4gPRe8RRRuPQMFokEuw	2025-02-02 02:26:28.535966+00
9alldikqyag3i6tc88tylcesigwd5tk8	.eJxVjMsOgjAUBf-la9NwKW2tS_d8Q3NfWNRAQmFl_HclYaHbMzPnZTJua8lb1SWPYi4Gojn9joT80GkncsfpNluep3UZye6KPWi1_Sz6vB7u30HBWr51m1QRz-J8Q9SwQnQQ0YsgIbihw0DeB1WFITESe5cCALTSKRNrMu8PN245bg:1taFJh:84dd1D-XkzmAxhvcef5S1wI1Ux1lZX-PeI8uCZ-EwDo	2025-02-04 14:33:21.354009+00
cgo7b7hhyhxkopo5nueyquv4zz57lywi	.eJxVjMsOgjAUBf-la9NwKS3WpXu-obkvLGpKQmFl_HclYaHbMzPnZRJua05b1SVNYi4Ggjn9joT80LITuWO5zZbnsi4T2V2xB612mEWf18P9O8hY87duoyriWZxviBpW6B306EWQENzYYSDvg6rCGBmJvYsBAFrplIk1mvcHNtU5bQ:1tZLwG:3epIzYHMcS1grcHICP55KR5nTEIFCGFbQu369cmdnYM	2025-02-02 03:25:28.541727+00
hm6gk5oktjvmoz48otrqsygzy02ngnxv	.eJxVjMsOgjAUBf-la9NwW1qsS_d8Q3NfWNRAQmFl_HclYaHbMzPnZTJua8lb1SWPYi7GO3P6HQn5odNO5I7TbbY8T-sykt0Ve9Bq-1n0eT3cv4OCtXxrl1QRz-JDQ9SwQuehwyCChOCHFiOFEFUVhsRIHHyKAOCkVSbWZN4fNaU5aw:1tc7Iq:wVkiLtUls0xCr8CpzQJ7Oda_tHiTUt4grOZpGkXBSnU	2025-02-09 18:24:12.190892+00
n90lm24omxi78xszh70j1339lc7qub3t	.eJxVjMsOgjAUBf-la9Nw6QPr0j3fQO4Li5qSUFgZ_11JWOj2zMx5mQG3NQ9b1WWYxFyMb8zpdyTkh5adyB3LbbY8l3WZyO6KPWi1_Sz6vB7u30HGmr91m1QRz-JCQ9SwQuegwyCChOBGj5FCiKoKY2IkDi5FAGjFKxNrMu8PNQ05ag:1tZZUW:n56PXBiAklkpEwdZDU7uKfq4slUQZnpS3oDGleiIYF0	2025-02-02 17:53:44.424095+00
3bymh96peqeagli81ztzie6w5ai8c5ed	.eJxVjMsOgjAUBf-la9Nw6QPr0j3f0NwXFjWQUFgZ_11JWOj2zMx5mYzbWvJWdcmjmIvx5vS7EfJDpx3IHafbbHme1mUkuyv2oNX2s-jzerh_BwVr-dZtUkU8iwsNUcMKnYMOgwgSghs8RgohqioMiZE4uBQBoBWvTKzJvD8Rsjk6:1tZZUW:zNFhqmJx99I8IRI_ulJsBWK65bOyz2a-FTfXTUDRp48	2025-02-02 17:53:44.775568+00
3yfqukfjo72ruequqszvuw4f1uj9j0b2	.eJxVjEsOgjAUAO_StWl4lBbq0j1nIO-HRQ1NKKyMdzdNWOh2ZjJvM-Gxp-kouk2LmKtpB3P5hYT81LUaeeB6z5bzum8L2ZrY0xY7ZtHX7Wz_BglLqt-oijiI8w1Rwwq9gx69CBKCmzsM5H1QVZgjI7F3MQBAK50ysUbz-QI4oTlw:1taydM:3dtJgWIB2d9a5U0vDOKLbE2rIf8R3d-Y8pXp_3y4XF4	2025-02-06 14:56:40.290892+00
0pwfoxwla4sm7tj10vl96xw7fkvmti8a	.eJxVjEsKwjAUAO-StYS-pkmNS_eeobxfTVUSaNqVeHcJdKHbmWHeZsJ9S9NedZ0WMRfTm9MvI-Sn5ibkgfleLJe8rQvZltjDVnsroq_r0f4NEtbUtlEV8SzOd0QdK4wORvQiSAhuHjCQ90FVYY6MxN7FAAC9DMrEGs3nCxCAOTg:1taydM:ZwlkAiH_H1GgTecFVplCUPL0rqW30vC0OwVJWl6S7kg	2025-02-06 14:56:40.641498+00
wgi5pbzr5m0irimjz3znqpnn02ej1ulu	.eJxVjMsOgjAUBf-la9NwW1qsS_d8Q3NfWNRAQmFl_HclYaHbMzPnZTJua8lb1SWPYi7GO3P6HQn5odNO5I7TbbY8T-sykt0Ve9Bq-1n0eT3cv4OCtXxrl1QRz-JDQ9SwQuehwyCChOCHFiOFEFUVhsRIHHyKAOCkVSbWZN4fNaU5aw:1tcUZ2:T6RWT5wFTmvfathYhFl5scBuPkKLDIa-f3ZwJlVqzvQ	2025-02-10 19:14:28.497148+00
lhvh6fwv52re9ndg9jq1ig3oqt7j7qtp	.eJxVjMsOgjAUBf-la9Nw6QPr0j3f0NwXFjWQUFgZ_11JWOj2zMx5mYzbWvJWdcmjmIsBb06_IyE_dNqJ3HG6zZbnaV1GsrtiD1ptP4s-r4f7d1Cwlm_dJlXEs7jQEDWs0DnoMIggIbjBY6QQoqrCkBiJg0sRAFrxysSazPsDNaM5aw:1tbOdT:QGpn2MqGe-s_tjmFGrw9Y_rQiVk9NHPjyni_BB-b-fM	2025-02-07 18:42:31.273227+00
28winqiun1latt1b6o5xyaurvmw1l4xs	.eJxVjMsOgjAUBf-la9NwKS3WpXu-obkvLGpKQmFl_HclYaHbMzPnZRJua05b1SVNYi4GzOl3I-SHlh3IHctttjyXdZnI7oo9aLXDLPq8Hu7fQcaav3UbVRHP4nxD1LBC76BHL4KE4MYOA3kfVBXGyEjsXQwA0EqnTKzRvD8P5zk3:1tYuV4:xVDu9Q_9FYKCjWU9vZI2JeKlpfM3Tm0T-Lxs9Y_IHHw	2025-01-31 22:07:34.045987+00
lp4qifdll74xmgnqimbgxwih91iwz4mm	.eJxVjMsOgjAUBf-la9NwKS3WpXu-obkvBDVtQmFl_HclYaHbMzPnZRJu65S2qkuaxVyM683pdyTkh-adyB3zrVgueV1msrtiD1rtUESf18P9O5iwTt-6jaqIZ3G-IWpYoXfQoxdBQnBjh4G8D6oKY2Qk9i4GAGilUybWaN4fOKI5cA:1tZAw9:jk26-nfoom3F5kJbE_BH1rZt0giKsNDBOj-L5dapdtk	2025-02-01 15:40:37.03951+00
y1kb0gejtdkk9sy7cp0vgmngui7luatr	.eJxVjEsKwjAUAO-StYS8pkmNS_eeobxfTVVSaNqVeHcJdKHbmWHeZsR9y-NedR1nMRfTOXP6hYT81NKMPLDcF8tL2daZbEvsYau9LaKv69H-DTLW3L5JFfEsPjgixwqDhwGDCBKCn3qMFEJUVZgSI3HwKQJAJ70ysSbz-QIz2Tlo:1tZL6M:8uqd2HhC6mo8_p-wbOedQn0XF2B7iihhEOD70LsLY5M	2025-02-02 02:31:50.033878+00
ntcd5rct7ttvn5qhz28udilpji6y94py	.eJxVjEsKwjAUAO-StYS8pkmNS_eeobxfTVVSaNqVeHcJdKHbmWHeZsR9y-NedR1nMRfTOXP6hYT81NKMPLDcF8tL2daZbEvsYau9LaKv69H-DTLW3L5JFfEsPjgixwqDhwGDCBKCn3qMFEJUVZgSI3HwKQJAJ70ysSbz-QIz2Tlo:1tZL1A:aEfmT-DcByByJMbzWceudU2zpgZe-IYBZ1RaLn_b_NQ	2025-02-02 02:26:28.564073+00
zdlgqsrcli459gaqnd2oy1e618x6qko4	.eJxVjEsKwjAUAO-StYS-pkmMS_eeobxfTVVSaNqVeHcJdKHbmWHeZsR9y-NedR1nMRfTR3P6hYT81NKMPLDcF8tL2daZbEvsYau9LaKv69H-DTLW3L5JFfEszndEHStEBxG9CBKCmwYM5H1QVZgSI7F3KQBAL4MysSbz-QI4CDlv:1taFJh:uVk0DmnNEnSDReGREbs6DGB7o8NwGj8XlYsebNpMf_M	2025-02-04 14:33:21.351691+00
2ljzoxbityo5ioervs0jr7q5yt59ns9x	.eJxVjMsOgjAUBf-la9NwW1qsS_d8Q3NfWNRAQmFl_HclYaHbMzPnZTJua8lb1SWPYi7GO3P6HQn5odNO5I7TbbY8T-sykt0Ve9Bq-1n0eT3cv4OCtXxrl1QRz-JDQ9SwQuehwyCChOCHFiOFEFUVhsRIHHyKAOCkVSbWZN4fNaU5aw:1tZLwG:Hd10ySRpKMSY95BALC1QWMEEGHMGTTOKXL5CsIXpCbw	2025-02-02 03:25:28.536945+00
eq6rvo1r7pejwt5cn1cb1gjo5mytekfl	.eJxVjMsOgjAUBf-la9NwKS3UpXu_obkvLGpKQmFl_HclYaHbMzPnZRJua05b1SVNYs7GDeb0OxLyQ8tO5I7lNluey7pMZHfFHrTa6yz6vBzu30HGmr91G1URB3G-IWpYoXfQoxdBQnBjh4G8D6oKY2Qk9i4GAGilUybWaN4fOTs5cQ:1tc7Iq:B1kv7XvdV_N2JsHBYNPMoMayiXVFzs5c4q8CoEWNZm8	2025-02-09 18:24:12.232527+00
6s7t2dl05rokmv1f786282jheg68yabi	.eJxVjMsOgjAUBf-la9NwKS3WpXu-obkvLGpKQmFl_HclYaHbMzPnZRJua05b1SVNYi7Gm9PvRsgPLTuQO5bbbHku6zKR3RV70GqHWfR5Pdy_g4w1f-s2qiKexfmGqGGF3kGPXgQJwY0dBvI-qCqMkZHYuxgAoJVOmVijeX8AEks5Ow:1tZZUW:vn8jF_0fcKSehLCq7xX9Z5b34RsSCWPwr4MGzWln0w0	2025-02-02 17:53:44.443684+00
n9r1xco29dh2jm50nghb281avcg93915	.eJxVjEsKwjAUAO-StYS8pkmNS_eeobxfTVVSaNqVeHcJdKHbmWHeZsR9y-NedR1nMRfTOXP6hYT81NKMPLDcF8tL2daZbEvsYau9LaKv69H-DTLW3L5JFfEsPjgixwqDhwGDCBKCn3qMFEJUVZgSI3HwKQJAJ70ysSbz-QIz2Tlo:1tZZUW:ZdQTVng4Nw0MqF2CVtk62Ajbigw7ZsfyjDTPVTGRwQs	2025-02-02 17:53:44.782755+00
bg54ptyq0k9sr8ikqzdcfwnun5ztzpnt	.eJxVjMsOgjAUBf-la9NwKS3WpXu-obkvBDVtQmFl_HclYaHbMzPnZRJu65S2qkuaxVyM683pdyTkh-adyB3zrVgueV1msrtiD1rtUESf18P9O5iwTt-6jaqIZ3G-IWpYoXfQoxdBQnBjh4G8D6oKY2Qk9i4GAGilUybWaN4fOKI5cA:1taydM:xYRtiqT8VwCmPKs0PgxsDJIcPyVsvcg5BqQhdGLh654	2025-02-06 14:56:40.275995+00
snpol5s4m0456rhvoxsdh7bk6ul914ut	.eJxVjMsOgjAUBf-la9Nw6QPr0j3f0NwXFjWQUFgZ_11JWOj2zMx5mYzbWvJWdcmjmIsBb06_IyE_dNqJ3HG6zZbnaV1GsrtiD1ptP4s-r4f7d1Cwlm_dJlXEs7jQEDWs0DnoMIggIbjBY6QQoqrCkBiJg0sRAFrxysSazPsDNaM5aw:1taydM:JKNjBdjspcypwfvBaadXSqrvv9fJqaLJipAOwjR5v8c	2025-02-06 14:56:40.646928+00
q60l8e2tk1o3dgt53k9480fcmwffoqm4	.eJxVjMsOwiAQRf-FtSHlJYxL934DGYZBqoYmpV0Z_92QdKHbe865bxFx32rcO69xzuIirBWn3zEhPbkNkh_Y7oukpW3rnORQ5EG7vC2ZX9fD_Tuo2OuokwsBMPkpAzFoBVMplj2dDXhrg84uEzKSUaQSctEOgtIFjE4lGCs-Xx5XOHw:1tcUZ2:-2pfYlueuiLrTOAz0Ss9JgiHCFqnlBTm0Ztan56O04Q	2025-02-10 19:14:28.578416+00
thzuftwgxd5ix4yla343t05dx3bvuwp6	.eJxVjMsOgjAUBf-la9NwKS3WpXu-obkvLGpKQmFl_HclYaHbMzPnZRJua05b1SVNYi4GvDn9joT80LITuWO5zZbnsi4T2V2xB612mEWf18P9O8hY87duoyriWZxviBpW6B306EWQENzYYSDvg6rCGBmJvYsBAFrplIk1mvcHNjw5bA:1tbOdT:CBkvjP6NACqSOEkc3-Re2S8Ndv9-0UMtlYkK2hFPzbU	2025-02-07 18:42:31.30417+00
\.


--
-- Name: app_board_id_seq; Type: SEQUENCE SET; Schema: public; Owner: postgres
--

SELECT pg_catalog.setval('public.app_board_id_seq', 32, true);


--
-- Name: app_call_id_seq; Type: SEQUENCE SET; Schema: public; Owner: postgres
--

SELECT pg_catalog.setval('public.app_call_id_seq', 1311, true);


--
-- Name: app_handrecord_id_seq; Type: SEQUENCE SET; Schema: public; Owner: postgres
--

SELECT pg_catalog.setval('public.app_handrecord_id_seq', 318, true);


--
-- Name: app_lobby_id_seq; Type: SEQUENCE SET; Schema: public; Owner: postgres
--

SELECT pg_catalog.setval('public.app_lobby_id_seq', 1, true);


--
-- Name: app_message_id_seq; Type: SEQUENCE SET; Schema: public; Owner: postgres
--

SELECT pg_catalog.setval('public.app_message_id_seq', 32, true);


--
-- Name: app_play_id_seq; Type: SEQUENCE SET; Schema: public; Owner: postgres
--

SELECT pg_catalog.setval('public.app_play_id_seq', 6241, true);


--
-- Name: app_player_boards_played_id_seq; Type: SEQUENCE SET; Schema: public; Owner: postgres
--

SELECT pg_catalog.setval('public.app_player_boards_played_id_seq', 812, true);


--
-- Name: app_player_id_seq; Type: SEQUENCE SET; Schema: public; Owner: postgres
--

SELECT pg_catalog.setval('public.app_player_id_seq', 46, true);


--
-- Name: app_seat_id_seq; Type: SEQUENCE SET; Schema: public; Owner: postgres
--

SELECT pg_catalog.setval('public.app_seat_id_seq', 82, true);


--
-- Name: app_table_id_seq; Type: SEQUENCE SET; Schema: public; Owner: postgres
--

SELECT pg_catalog.setval('public.app_table_id_seq', 21, true);


--
-- Name: app_tournament_id_seq; Type: SEQUENCE SET; Schema: public; Owner: postgres
--

SELECT pg_catalog.setval('public.app_tournament_id_seq', 2, true);


--
-- Name: auth_group_id_seq; Type: SEQUENCE SET; Schema: public; Owner: postgres
--

SELECT pg_catalog.setval('public.auth_group_id_seq', 1, false);


--
-- Name: auth_group_permissions_id_seq; Type: SEQUENCE SET; Schema: public; Owner: postgres
--

SELECT pg_catalog.setval('public.auth_group_permissions_id_seq', 1, false);


--
-- Name: auth_permission_id_seq; Type: SEQUENCE SET; Schema: public; Owner: postgres
--

SELECT pg_catalog.setval('public.auth_permission_id_seq', 80, true);


--
-- Name: auth_user_groups_id_seq; Type: SEQUENCE SET; Schema: public; Owner: postgres
--

SELECT pg_catalog.setval('public.auth_user_groups_id_seq', 1, false);


--
-- Name: auth_user_id_seq; Type: SEQUENCE SET; Schema: public; Owner: postgres
--

SELECT pg_catalog.setval('public.auth_user_id_seq', 47, true);


--
-- Name: auth_user_user_permissions_id_seq; Type: SEQUENCE SET; Schema: public; Owner: postgres
--

SELECT pg_catalog.setval('public.auth_user_user_permissions_id_seq', 1, false);


--
-- Name: django_admin_log_id_seq; Type: SEQUENCE SET; Schema: public; Owner: postgres
--

SELECT pg_catalog.setval('public.django_admin_log_id_seq', 1, false);


--
-- Name: django_content_type_id_seq; Type: SEQUENCE SET; Schema: public; Owner: postgres
--

SELECT pg_catalog.setval('public.django_content_type_id_seq', 20, true);


--
-- Name: django_eventstream_event_id_seq; Type: SEQUENCE SET; Schema: public; Owner: postgres
--

SELECT pg_catalog.setval('public.django_eventstream_event_id_seq', 48158, true);


--
-- Name: django_eventstream_eventcounter_id_seq; Type: SEQUENCE SET; Schema: public; Owner: postgres
--

SELECT pg_catalog.setval('public.django_eventstream_eventcounter_id_seq', 230, true);


--
-- Name: django_migrations_id_seq; Type: SEQUENCE SET; Schema: public; Owner: postgres
--

SELECT pg_catalog.setval('public.django_migrations_id_seq', 83, true);


--
-- Name: app_board app_board_pkey; Type: CONSTRAINT; Schema: public; Owner: postgres
--

ALTER TABLE ONLY public.app_board
    ADD CONSTRAINT app_board_pkey PRIMARY KEY (id);


--
-- Name: app_call app_call_pkey; Type: CONSTRAINT; Schema: public; Owner: postgres
--

ALTER TABLE ONLY public.app_call
    ADD CONSTRAINT app_call_pkey PRIMARY KEY (id);


--
-- Name: app_hand app_hand_a_board_can_be_played_only_once_at_a_given_table; Type: CONSTRAINT; Schema: public; Owner: postgres
--

ALTER TABLE ONLY public.app_hand
    ADD CONSTRAINT app_hand_a_board_can_be_played_only_once_at_a_given_table UNIQUE (board_id, table_id);


--
-- Name: app_hand app_handrecord_pkey; Type: CONSTRAINT; Schema: public; Owner: postgres
--

ALTER TABLE ONLY public.app_hand
    ADD CONSTRAINT app_handrecord_pkey PRIMARY KEY (id);


--
-- Name: app_lobby app_lobby_pkey; Type: CONSTRAINT; Schema: public; Owner: postgres
--

ALTER TABLE ONLY public.app_lobby
    ADD CONSTRAINT app_lobby_pkey PRIMARY KEY (id);


--
-- Name: app_message app_message_pkey; Type: CONSTRAINT; Schema: public; Owner: postgres
--

ALTER TABLE ONLY public.app_message
    ADD CONSTRAINT app_message_pkey PRIMARY KEY (id);


--
-- Name: app_play app_play_a_card_can_be_played_only_once; Type: CONSTRAINT; Schema: public; Owner: postgres
--

ALTER TABLE ONLY public.app_play
    ADD CONSTRAINT app_play_a_card_can_be_played_only_once UNIQUE (hand_id, serialized);


--
-- Name: app_play app_play_pkey; Type: CONSTRAINT; Schema: public; Owner: postgres
--

ALTER TABLE ONLY public.app_play
    ADD CONSTRAINT app_play_pkey PRIMARY KEY (id);


--
-- Name: app_player_boards_played app_player_boards_played_pkey; Type: CONSTRAINT; Schema: public; Owner: postgres
--

ALTER TABLE ONLY public.app_player_boards_played
    ADD CONSTRAINT app_player_boards_played_pkey PRIMARY KEY (id);


--
-- Name: app_player_boards_played app_player_boards_played_player_id_board_id_acf086e2_uniq; Type: CONSTRAINT; Schema: public; Owner: postgres
--

ALTER TABLE ONLY public.app_player_boards_played
    ADD CONSTRAINT app_player_boards_played_player_id_board_id_acf086e2_uniq UNIQUE (player_id, board_id);


--
-- Name: app_player app_player_pkey; Type: CONSTRAINT; Schema: public; Owner: postgres
--

ALTER TABLE ONLY public.app_player
    ADD CONSTRAINT app_player_pkey PRIMARY KEY (id);


--
-- Name: app_player app_player_user_id_key; Type: CONSTRAINT; Schema: public; Owner: postgres
--

ALTER TABLE ONLY public.app_player
    ADD CONSTRAINT app_player_user_id_key UNIQUE (user_id);


--
-- Name: app_seat app_seat_pkey; Type: CONSTRAINT; Schema: public; Owner: postgres
--

ALTER TABLE ONLY public.app_seat
    ADD CONSTRAINT app_seat_pkey PRIMARY KEY (id);


--
-- Name: app_table app_table_pkey; Type: CONSTRAINT; Schema: public; Owner: postgres
--

ALTER TABLE ONLY public.app_table
    ADD CONSTRAINT app_table_pkey PRIMARY KEY (id);


--
-- Name: app_tournament app_tournament_pkey; Type: CONSTRAINT; Schema: public; Owner: postgres
--

ALTER TABLE ONLY public.app_tournament
    ADD CONSTRAINT app_tournament_pkey PRIMARY KEY (id);


--
-- Name: app_usermitplaya app_usermitplaya_pkey; Type: CONSTRAINT; Schema: public; Owner: postgres
--

ALTER TABLE ONLY public.app_usermitplaya
    ADD CONSTRAINT app_usermitplaya_pkey PRIMARY KEY (user_ptr_id);


--
-- Name: auth_group auth_group_name_key; Type: CONSTRAINT; Schema: public; Owner: postgres
--

ALTER TABLE ONLY public.auth_group
    ADD CONSTRAINT auth_group_name_key UNIQUE (name);


--
-- Name: auth_group_permissions auth_group_permissions_group_id_permission_id_0cd325b0_uniq; Type: CONSTRAINT; Schema: public; Owner: postgres
--

ALTER TABLE ONLY public.auth_group_permissions
    ADD CONSTRAINT auth_group_permissions_group_id_permission_id_0cd325b0_uniq UNIQUE (group_id, permission_id);


--
-- Name: auth_group_permissions auth_group_permissions_pkey; Type: CONSTRAINT; Schema: public; Owner: postgres
--

ALTER TABLE ONLY public.auth_group_permissions
    ADD CONSTRAINT auth_group_permissions_pkey PRIMARY KEY (id);


--
-- Name: auth_group auth_group_pkey; Type: CONSTRAINT; Schema: public; Owner: postgres
--

ALTER TABLE ONLY public.auth_group
    ADD CONSTRAINT auth_group_pkey PRIMARY KEY (id);


--
-- Name: auth_permission auth_permission_content_type_id_codename_01ab375a_uniq; Type: CONSTRAINT; Schema: public; Owner: postgres
--

ALTER TABLE ONLY public.auth_permission
    ADD CONSTRAINT auth_permission_content_type_id_codename_01ab375a_uniq UNIQUE (content_type_id, codename);


--
-- Name: auth_permission auth_permission_pkey; Type: CONSTRAINT; Schema: public; Owner: postgres
--

ALTER TABLE ONLY public.auth_permission
    ADD CONSTRAINT auth_permission_pkey PRIMARY KEY (id);


--
-- Name: auth_user_groups auth_user_groups_pkey; Type: CONSTRAINT; Schema: public; Owner: postgres
--

ALTER TABLE ONLY public.auth_user_groups
    ADD CONSTRAINT auth_user_groups_pkey PRIMARY KEY (id);


--
-- Name: auth_user_groups auth_user_groups_user_id_group_id_94350c0c_uniq; Type: CONSTRAINT; Schema: public; Owner: postgres
--

ALTER TABLE ONLY public.auth_user_groups
    ADD CONSTRAINT auth_user_groups_user_id_group_id_94350c0c_uniq UNIQUE (user_id, group_id);


--
-- Name: auth_user auth_user_pkey; Type: CONSTRAINT; Schema: public; Owner: postgres
--

ALTER TABLE ONLY public.auth_user
    ADD CONSTRAINT auth_user_pkey PRIMARY KEY (id);


--
-- Name: auth_user_user_permissions auth_user_user_permissions_pkey; Type: CONSTRAINT; Schema: public; Owner: postgres
--

ALTER TABLE ONLY public.auth_user_user_permissions
    ADD CONSTRAINT auth_user_user_permissions_pkey PRIMARY KEY (id);


--
-- Name: auth_user_user_permissions auth_user_user_permissions_user_id_permission_id_14a6b632_uniq; Type: CONSTRAINT; Schema: public; Owner: postgres
--

ALTER TABLE ONLY public.auth_user_user_permissions
    ADD CONSTRAINT auth_user_user_permissions_user_id_permission_id_14a6b632_uniq UNIQUE (user_id, permission_id);


--
-- Name: auth_user auth_user_username_key; Type: CONSTRAINT; Schema: public; Owner: postgres
--

ALTER TABLE ONLY public.auth_user
    ADD CONSTRAINT auth_user_username_key UNIQUE (username);


--
-- Name: django_admin_log django_admin_log_pkey; Type: CONSTRAINT; Schema: public; Owner: postgres
--

ALTER TABLE ONLY public.django_admin_log
    ADD CONSTRAINT django_admin_log_pkey PRIMARY KEY (id);


--
-- Name: django_content_type django_content_type_app_label_model_76bd3d3b_uniq; Type: CONSTRAINT; Schema: public; Owner: postgres
--

ALTER TABLE ONLY public.django_content_type
    ADD CONSTRAINT django_content_type_app_label_model_76bd3d3b_uniq UNIQUE (app_label, model);


--
-- Name: django_content_type django_content_type_pkey; Type: CONSTRAINT; Schema: public; Owner: postgres
--

ALTER TABLE ONLY public.django_content_type
    ADD CONSTRAINT django_content_type_pkey PRIMARY KEY (id);


--
-- Name: django_eventstream_event django_eventstream_event_channel_eid_20f68a1a_uniq; Type: CONSTRAINT; Schema: public; Owner: postgres
--

ALTER TABLE ONLY public.django_eventstream_event
    ADD CONSTRAINT django_eventstream_event_channel_eid_20f68a1a_uniq UNIQUE (channel, eid);


--
-- Name: django_eventstream_event django_eventstream_event_pkey; Type: CONSTRAINT; Schema: public; Owner: postgres
--

ALTER TABLE ONLY public.django_eventstream_event
    ADD CONSTRAINT django_eventstream_event_pkey PRIMARY KEY (id);


--
-- Name: django_eventstream_eventcounter django_eventstream_eventcounter_name_key; Type: CONSTRAINT; Schema: public; Owner: postgres
--

ALTER TABLE ONLY public.django_eventstream_eventcounter
    ADD CONSTRAINT django_eventstream_eventcounter_name_key UNIQUE (name);


--
-- Name: django_eventstream_eventcounter django_eventstream_eventcounter_pkey; Type: CONSTRAINT; Schema: public; Owner: postgres
--

ALTER TABLE ONLY public.django_eventstream_eventcounter
    ADD CONSTRAINT django_eventstream_eventcounter_pkey PRIMARY KEY (id);


--
-- Name: django_migrations django_migrations_pkey; Type: CONSTRAINT; Schema: public; Owner: postgres
--

ALTER TABLE ONLY public.django_migrations
    ADD CONSTRAINT django_migrations_pkey PRIMARY KEY (id);


--
-- Name: django_session django_session_pkey; Type: CONSTRAINT; Schema: public; Owner: postgres
--

ALTER TABLE ONLY public.django_session
    ADD CONSTRAINT django_session_pkey PRIMARY KEY (session_key);


--
-- Name: app_board_tournament_id_b31f4fc4; Type: INDEX; Schema: public; Owner: postgres
--

CREATE INDEX app_board_tournament_id_b31f4fc4 ON public.app_board USING btree (tournament_id);


--
-- Name: app_call_hand_id_248286e2; Type: INDEX; Schema: public; Owner: postgres
--

CREATE INDEX app_call_hand_id_248286e2 ON public.app_call USING btree (hand_id);


--
-- Name: app_hand_board_id_545228db; Type: INDEX; Schema: public; Owner: postgres
--

CREATE INDEX app_hand_board_id_545228db ON public.app_hand USING btree (board_id);


--
-- Name: app_handrecord_table_id_9bbde4e7; Type: INDEX; Schema: public; Owner: postgres
--

CREATE INDEX app_handrecord_table_id_9bbde4e7 ON public.app_hand USING btree (table_id);


--
-- Name: app_message_from_player_id_2b61a823; Type: INDEX; Schema: public; Owner: postgres
--

CREATE INDEX app_message_from_player_id_2b61a823 ON public.app_message USING btree (from_player_id);


--
-- Name: app_message_recipie_1391da_idx; Type: INDEX; Schema: public; Owner: postgres
--

CREATE INDEX app_message_recipie_1391da_idx ON public.app_message USING btree (recipient_content_type_id, recipient_object_id);


--
-- Name: app_message_recipient_content_type_id_ec3ce733; Type: INDEX; Schema: public; Owner: postgres
--

CREATE INDEX app_message_recipient_content_type_id_ec3ce733 ON public.app_message USING btree (recipient_content_type_id);


--
-- Name: app_play_hand_id_566ea18e; Type: INDEX; Schema: public; Owner: postgres
--

CREATE INDEX app_play_hand_id_566ea18e ON public.app_play USING btree (hand_id);


--
-- Name: app_player_boards_played_board_id_a08f7a51; Type: INDEX; Schema: public; Owner: postgres
--

CREATE INDEX app_player_boards_played_board_id_a08f7a51 ON public.app_player_boards_played USING btree (board_id);


--
-- Name: app_player_boards_played_player_id_48f5c5d5; Type: INDEX; Schema: public; Owner: postgres
--

CREATE INDEX app_player_boards_played_player_id_48f5c5d5 ON public.app_player_boards_played USING btree (player_id);


--
-- Name: app_player_partner_id_150ac39a; Type: INDEX; Schema: public; Owner: postgres
--

CREATE INDEX app_player_partner_id_150ac39a ON public.app_player USING btree (partner_id);


--
-- Name: app_seat_player_id_0f54956b; Type: INDEX; Schema: public; Owner: postgres
--

CREATE INDEX app_seat_player_id_0f54956b ON public.app_seat USING btree (player_id);


--
-- Name: app_seat_table_id_cc16d207; Type: INDEX; Schema: public; Owner: postgres
--

CREATE INDEX app_seat_table_id_cc16d207 ON public.app_seat USING btree (table_id);


--
-- Name: app_table_tournament_id_488bb731; Type: INDEX; Schema: public; Owner: postgres
--

CREATE INDEX app_table_tournament_id_488bb731 ON public.app_table USING btree (tournament_id);


--
-- Name: auth_group_name_a6ea08ec_like; Type: INDEX; Schema: public; Owner: postgres
--

CREATE INDEX auth_group_name_a6ea08ec_like ON public.auth_group USING btree (name varchar_pattern_ops);


--
-- Name: auth_group_permissions_group_id_b120cbf9; Type: INDEX; Schema: public; Owner: postgres
--

CREATE INDEX auth_group_permissions_group_id_b120cbf9 ON public.auth_group_permissions USING btree (group_id);


--
-- Name: auth_group_permissions_permission_id_84c5c92e; Type: INDEX; Schema: public; Owner: postgres
--

CREATE INDEX auth_group_permissions_permission_id_84c5c92e ON public.auth_group_permissions USING btree (permission_id);


--
-- Name: auth_permission_content_type_id_2f476e4b; Type: INDEX; Schema: public; Owner: postgres
--

CREATE INDEX auth_permission_content_type_id_2f476e4b ON public.auth_permission USING btree (content_type_id);


--
-- Name: auth_user_groups_group_id_97559544; Type: INDEX; Schema: public; Owner: postgres
--

CREATE INDEX auth_user_groups_group_id_97559544 ON public.auth_user_groups USING btree (group_id);


--
-- Name: auth_user_groups_user_id_6a12ed8b; Type: INDEX; Schema: public; Owner: postgres
--

CREATE INDEX auth_user_groups_user_id_6a12ed8b ON public.auth_user_groups USING btree (user_id);


--
-- Name: auth_user_user_permissions_permission_id_1fbb5f2c; Type: INDEX; Schema: public; Owner: postgres
--

CREATE INDEX auth_user_user_permissions_permission_id_1fbb5f2c ON public.auth_user_user_permissions USING btree (permission_id);


--
-- Name: auth_user_user_permissions_user_id_a95ead1b; Type: INDEX; Schema: public; Owner: postgres
--

CREATE INDEX auth_user_user_permissions_user_id_a95ead1b ON public.auth_user_user_permissions USING btree (user_id);


--
-- Name: auth_user_username_6821ab7c_like; Type: INDEX; Schema: public; Owner: postgres
--

CREATE INDEX auth_user_username_6821ab7c_like ON public.auth_user USING btree (username varchar_pattern_ops);


--
-- Name: django_admin_log_content_type_id_c4bce8eb; Type: INDEX; Schema: public; Owner: postgres
--

CREATE INDEX django_admin_log_content_type_id_c4bce8eb ON public.django_admin_log USING btree (content_type_id);


--
-- Name: django_admin_log_user_id_c564eba6; Type: INDEX; Schema: public; Owner: postgres
--

CREATE INDEX django_admin_log_user_id_c564eba6 ON public.django_admin_log USING btree (user_id);


--
-- Name: django_eventstream_event_channel_49bacd5e; Type: INDEX; Schema: public; Owner: postgres
--

CREATE INDEX django_eventstream_event_channel_49bacd5e ON public.django_eventstream_event USING btree (channel);


--
-- Name: django_eventstream_event_channel_49bacd5e_like; Type: INDEX; Schema: public; Owner: postgres
--

CREATE INDEX django_eventstream_event_channel_49bacd5e_like ON public.django_eventstream_event USING btree (channel varchar_pattern_ops);


--
-- Name: django_eventstream_event_created_039c5d02; Type: INDEX; Schema: public; Owner: postgres
--

CREATE INDEX django_eventstream_event_created_039c5d02 ON public.django_eventstream_event USING btree (created);


--
-- Name: django_eventstream_event_eid_2da5c1c0; Type: INDEX; Schema: public; Owner: postgres
--

CREATE INDEX django_eventstream_event_eid_2da5c1c0 ON public.django_eventstream_event USING btree (eid);


--
-- Name: django_eventstream_event_type_0e7a664e; Type: INDEX; Schema: public; Owner: postgres
--

CREATE INDEX django_eventstream_event_type_0e7a664e ON public.django_eventstream_event USING btree (type);


--
-- Name: django_eventstream_event_type_0e7a664e_like; Type: INDEX; Schema: public; Owner: postgres
--

CREATE INDEX django_eventstream_event_type_0e7a664e_like ON public.django_eventstream_event USING btree (type varchar_pattern_ops);


--
-- Name: django_eventstream_eventcounter_name_3f2f7780_like; Type: INDEX; Schema: public; Owner: postgres
--

CREATE INDEX django_eventstream_eventcounter_name_3f2f7780_like ON public.django_eventstream_eventcounter USING btree (name varchar_pattern_ops);


--
-- Name: django_eventstream_eventcounter_updated_0b6f9a25; Type: INDEX; Schema: public; Owner: postgres
--

CREATE INDEX django_eventstream_eventcounter_updated_0b6f9a25 ON public.django_eventstream_eventcounter USING btree (updated);


--
-- Name: django_session_expire_date_a5c62663; Type: INDEX; Schema: public; Owner: postgres
--

CREATE INDEX django_session_expire_date_a5c62663 ON public.django_session USING btree (expire_date);


--
-- Name: django_session_session_key_c0390e0f_like; Type: INDEX; Schema: public; Owner: postgres
--

CREATE INDEX django_session_session_key_c0390e0f_like ON public.django_session USING btree (session_key varchar_pattern_ops);


--
-- Name: app_board app_board_tournament_id_b31f4fc4_fk_app_tournament_id; Type: FK CONSTRAINT; Schema: public; Owner: postgres
--

ALTER TABLE ONLY public.app_board
    ADD CONSTRAINT app_board_tournament_id_b31f4fc4_fk_app_tournament_id FOREIGN KEY (tournament_id) REFERENCES public.app_tournament(id) DEFERRABLE INITIALLY DEFERRED;


--
-- Name: app_call app_call_hand_id_248286e2_fk_app_hand_id; Type: FK CONSTRAINT; Schema: public; Owner: postgres
--

ALTER TABLE ONLY public.app_call
    ADD CONSTRAINT app_call_hand_id_248286e2_fk_app_hand_id FOREIGN KEY (hand_id) REFERENCES public.app_hand(id) DEFERRABLE INITIALLY DEFERRED;


--
-- Name: app_hand app_hand_board_id_545228db_fk_app_board_id; Type: FK CONSTRAINT; Schema: public; Owner: postgres
--

ALTER TABLE ONLY public.app_hand
    ADD CONSTRAINT app_hand_board_id_545228db_fk_app_board_id FOREIGN KEY (board_id) REFERENCES public.app_board(id) DEFERRABLE INITIALLY DEFERRED;


--
-- Name: app_hand app_handrecord_table_id_9bbde4e7_fk_app_table_id; Type: FK CONSTRAINT; Schema: public; Owner: postgres
--

ALTER TABLE ONLY public.app_hand
    ADD CONSTRAINT app_handrecord_table_id_9bbde4e7_fk_app_table_id FOREIGN KEY (table_id) REFERENCES public.app_table(id) DEFERRABLE INITIALLY DEFERRED;


--
-- Name: app_message app_message_from_player_id_2b61a823_fk_app_player_id; Type: FK CONSTRAINT; Schema: public; Owner: postgres
--

ALTER TABLE ONLY public.app_message
    ADD CONSTRAINT app_message_from_player_id_2b61a823_fk_app_player_id FOREIGN KEY (from_player_id) REFERENCES public.app_player(id) DEFERRABLE INITIALLY DEFERRED;


--
-- Name: app_message app_message_recipient_content_ty_ec3ce733_fk_django_co; Type: FK CONSTRAINT; Schema: public; Owner: postgres
--

ALTER TABLE ONLY public.app_message
    ADD CONSTRAINT app_message_recipient_content_ty_ec3ce733_fk_django_co FOREIGN KEY (recipient_content_type_id) REFERENCES public.django_content_type(id) DEFERRABLE INITIALLY DEFERRED;


--
-- Name: app_play app_play_hand_id_566ea18e_fk_app_hand_id; Type: FK CONSTRAINT; Schema: public; Owner: postgres
--

ALTER TABLE ONLY public.app_play
    ADD CONSTRAINT app_play_hand_id_566ea18e_fk_app_hand_id FOREIGN KEY (hand_id) REFERENCES public.app_hand(id) DEFERRABLE INITIALLY DEFERRED;


--
-- Name: app_player_boards_played app_player_boards_played_board_id_a08f7a51_fk_app_board_id; Type: FK CONSTRAINT; Schema: public; Owner: postgres
--

ALTER TABLE ONLY public.app_player_boards_played
    ADD CONSTRAINT app_player_boards_played_board_id_a08f7a51_fk_app_board_id FOREIGN KEY (board_id) REFERENCES public.app_board(id) DEFERRABLE INITIALLY DEFERRED;


--
-- Name: app_player_boards_played app_player_boards_played_player_id_48f5c5d5_fk_app_player_id; Type: FK CONSTRAINT; Schema: public; Owner: postgres
--

ALTER TABLE ONLY public.app_player_boards_played
    ADD CONSTRAINT app_player_boards_played_player_id_48f5c5d5_fk_app_player_id FOREIGN KEY (player_id) REFERENCES public.app_player(id) DEFERRABLE INITIALLY DEFERRED;


--
-- Name: app_player app_player_partner_id_150ac39a_fk_app_player_id; Type: FK CONSTRAINT; Schema: public; Owner: postgres
--

ALTER TABLE ONLY public.app_player
    ADD CONSTRAINT app_player_partner_id_150ac39a_fk_app_player_id FOREIGN KEY (partner_id) REFERENCES public.app_player(id) DEFERRABLE INITIALLY DEFERRED;


--
-- Name: app_player app_player_user_id_5913fbad_fk_auth_user_id; Type: FK CONSTRAINT; Schema: public; Owner: postgres
--

ALTER TABLE ONLY public.app_player
    ADD CONSTRAINT app_player_user_id_5913fbad_fk_auth_user_id FOREIGN KEY (user_id) REFERENCES public.auth_user(id) DEFERRABLE INITIALLY DEFERRED;


--
-- Name: app_seat app_seat_player_id_0f54956b_fk_app_player_id; Type: FK CONSTRAINT; Schema: public; Owner: postgres
--

ALTER TABLE ONLY public.app_seat
    ADD CONSTRAINT app_seat_player_id_0f54956b_fk_app_player_id FOREIGN KEY (player_id) REFERENCES public.app_player(id) DEFERRABLE INITIALLY DEFERRED;


--
-- Name: app_seat app_seat_table_id_cc16d207_fk_app_table_id; Type: FK CONSTRAINT; Schema: public; Owner: postgres
--

ALTER TABLE ONLY public.app_seat
    ADD CONSTRAINT app_seat_table_id_cc16d207_fk_app_table_id FOREIGN KEY (table_id) REFERENCES public.app_table(id) DEFERRABLE INITIALLY DEFERRED;


--
-- Name: app_table app_table_tournament_id_488bb731_fk_app_tournament_id; Type: FK CONSTRAINT; Schema: public; Owner: postgres
--

ALTER TABLE ONLY public.app_table
    ADD CONSTRAINT app_table_tournament_id_488bb731_fk_app_tournament_id FOREIGN KEY (tournament_id) REFERENCES public.app_tournament(id) DEFERRABLE INITIALLY DEFERRED;


--
-- Name: app_usermitplaya app_usermitplaya_user_ptr_id_4c841542_fk_auth_user_id; Type: FK CONSTRAINT; Schema: public; Owner: postgres
--

ALTER TABLE ONLY public.app_usermitplaya
    ADD CONSTRAINT app_usermitplaya_user_ptr_id_4c841542_fk_auth_user_id FOREIGN KEY (user_ptr_id) REFERENCES public.auth_user(id) DEFERRABLE INITIALLY DEFERRED;


--
-- Name: auth_group_permissions auth_group_permissio_permission_id_84c5c92e_fk_auth_perm; Type: FK CONSTRAINT; Schema: public; Owner: postgres
--

ALTER TABLE ONLY public.auth_group_permissions
    ADD CONSTRAINT auth_group_permissio_permission_id_84c5c92e_fk_auth_perm FOREIGN KEY (permission_id) REFERENCES public.auth_permission(id) DEFERRABLE INITIALLY DEFERRED;


--
-- Name: auth_group_permissions auth_group_permissions_group_id_b120cbf9_fk_auth_group_id; Type: FK CONSTRAINT; Schema: public; Owner: postgres
--

ALTER TABLE ONLY public.auth_group_permissions
    ADD CONSTRAINT auth_group_permissions_group_id_b120cbf9_fk_auth_group_id FOREIGN KEY (group_id) REFERENCES public.auth_group(id) DEFERRABLE INITIALLY DEFERRED;


--
-- Name: auth_permission auth_permission_content_type_id_2f476e4b_fk_django_co; Type: FK CONSTRAINT; Schema: public; Owner: postgres
--

ALTER TABLE ONLY public.auth_permission
    ADD CONSTRAINT auth_permission_content_type_id_2f476e4b_fk_django_co FOREIGN KEY (content_type_id) REFERENCES public.django_content_type(id) DEFERRABLE INITIALLY DEFERRED;


--
-- Name: auth_user_groups auth_user_groups_group_id_97559544_fk_auth_group_id; Type: FK CONSTRAINT; Schema: public; Owner: postgres
--

ALTER TABLE ONLY public.auth_user_groups
    ADD CONSTRAINT auth_user_groups_group_id_97559544_fk_auth_group_id FOREIGN KEY (group_id) REFERENCES public.auth_group(id) DEFERRABLE INITIALLY DEFERRED;


--
-- Name: auth_user_groups auth_user_groups_user_id_6a12ed8b_fk_auth_user_id; Type: FK CONSTRAINT; Schema: public; Owner: postgres
--

ALTER TABLE ONLY public.auth_user_groups
    ADD CONSTRAINT auth_user_groups_user_id_6a12ed8b_fk_auth_user_id FOREIGN KEY (user_id) REFERENCES public.auth_user(id) DEFERRABLE INITIALLY DEFERRED;


--
-- Name: auth_user_user_permissions auth_user_user_permi_permission_id_1fbb5f2c_fk_auth_perm; Type: FK CONSTRAINT; Schema: public; Owner: postgres
--

ALTER TABLE ONLY public.auth_user_user_permissions
    ADD CONSTRAINT auth_user_user_permi_permission_id_1fbb5f2c_fk_auth_perm FOREIGN KEY (permission_id) REFERENCES public.auth_permission(id) DEFERRABLE INITIALLY DEFERRED;


--
-- Name: auth_user_user_permissions auth_user_user_permissions_user_id_a95ead1b_fk_auth_user_id; Type: FK CONSTRAINT; Schema: public; Owner: postgres
--

ALTER TABLE ONLY public.auth_user_user_permissions
    ADD CONSTRAINT auth_user_user_permissions_user_id_a95ead1b_fk_auth_user_id FOREIGN KEY (user_id) REFERENCES public.auth_user(id) DEFERRABLE INITIALLY DEFERRED;


--
-- Name: django_admin_log django_admin_log_content_type_id_c4bce8eb_fk_django_co; Type: FK CONSTRAINT; Schema: public; Owner: postgres
--

ALTER TABLE ONLY public.django_admin_log
    ADD CONSTRAINT django_admin_log_content_type_id_c4bce8eb_fk_django_co FOREIGN KEY (content_type_id) REFERENCES public.django_content_type(id) DEFERRABLE INITIALLY DEFERRED;


--
-- Name: django_admin_log django_admin_log_user_id_c564eba6_fk_auth_user_id; Type: FK CONSTRAINT; Schema: public; Owner: postgres
--

ALTER TABLE ONLY public.django_admin_log
    ADD CONSTRAINT django_admin_log_user_id_c564eba6_fk_auth_user_id FOREIGN KEY (user_id) REFERENCES public.auth_user(id) DEFERRABLE INITIALLY DEFERRED;


--
-- PostgreSQL database dump complete
--

