--
-- PostgreSQL database dump
--

-- Dumped from database version 17.4 (Debian 17.4-1.pgdg120+2)
-- Dumped by pg_dump version 17.4 (Debian 17.4-1.pgdg120+2)

SET statement_timeout = 0;
SET lock_timeout = 0;
SET idle_in_transaction_session_timeout = 0;
SET transaction_timeout = 0;
SET client_encoding = 'UTF8';
SET standard_conforming_strings = on;
SELECT pg_catalog.set_config('search_path', '', false);
SET check_function_bodies = false;
SET xmloption = content;
SET client_min_messages = warning;
SET row_security = off;

SET default_tablespace = '';

SET default_table_access_method = heap;

--
-- Name: app_board; Type: TABLE; Schema: public; Owner: postgres
--

CREATE TABLE public.app_board (
    id bigint NOT NULL,
    ns_vulnerable boolean NOT NULL,
    ew_vulnerable boolean NOT NULL,
    east_cards character varying(26) NOT NULL,
    north_cards character varying(26) NOT NULL,
    south_cards character varying(26) NOT NULL,
    west_cards character varying(26) NOT NULL,
    tournament_id bigint NOT NULL,
    dealer character varying NOT NULL,
    display_number smallint NOT NULL,
    "group" character varying(1),
    CONSTRAINT app_board_dealer_must_be_compass_letter CHECK (((dealer)::text = ANY ((ARRAY['N'::character varying, 'E'::character varying, 'S'::character varying, 'W'::character varying])::text[])))
);


ALTER TABLE public.app_board OWNER TO postgres;

--
-- Name: COLUMN app_board.dealer; Type: COMMENT; Schema: public; Owner: postgres
--

COMMENT ON COLUMN public.app_board.dealer IS 'corresponds to bridge library''s "direction" ';


--
-- Name: COLUMN app_board."group"; Type: COMMENT; Schema: public; Owner: postgres
--

COMMENT ON COLUMN public.app_board."group" IS ' A, B, C &c, NULL means not yet assigned ';


--
-- Name: app_board_id_seq; Type: SEQUENCE; Schema: public; Owner: postgres
--

ALTER TABLE public.app_board ALTER COLUMN id ADD GENERATED BY DEFAULT AS IDENTITY (
    SEQUENCE NAME public.app_board_id_seq
    START WITH 1
    INCREMENT BY 1
    NO MINVALUE
    NO MAXVALUE
    CACHE 1
);


--
-- Name: app_call; Type: TABLE; Schema: public; Owner: postgres
--

CREATE TABLE public.app_call (
    id bigint NOT NULL,
    serialized character varying(10) NOT NULL,
    hand_id bigint NOT NULL,
    created timestamp with time zone NOT NULL,
    modified timestamp with time zone NOT NULL
);


ALTER TABLE public.app_call OWNER TO postgres;

--
-- Name: COLUMN app_call.serialized; Type: COMMENT; Schema: public; Owner: postgres
--

COMMENT ON COLUMN public.app_call.serialized IS 'A short string with which we can create a bridge.contract.Call object';


--
-- Name: app_call_id_seq; Type: SEQUENCE; Schema: public; Owner: postgres
--

ALTER TABLE public.app_call ALTER COLUMN id ADD GENERATED BY DEFAULT AS IDENTITY (
    SEQUENCE NAME public.app_call_id_seq
    START WITH 1
    INCREMENT BY 1
    NO MINVALUE
    NO MAXVALUE
    CACHE 1
);


--
-- Name: app_hand; Type: TABLE; Schema: public; Owner: postgres
--

CREATE TABLE public.app_hand (
    id bigint NOT NULL,
    board_id bigint NOT NULL,
    open_access boolean NOT NULL,
    abandoned_because character varying(200),
    created timestamp with time zone NOT NULL,
    modified timestamp with time zone NOT NULL,
    "East_id" bigint NOT NULL,
    "North_id" bigint NOT NULL,
    "South_id" bigint NOT NULL,
    "West_id" bigint NOT NULL,
    table_display_number smallint NOT NULL
);


ALTER TABLE public.app_hand OWNER TO postgres;

--
-- Name: COLUMN app_hand.open_access; Type: COMMENT; Schema: public; Owner: postgres
--

COMMENT ON COLUMN public.app_hand.open_access IS 'For debugging only! Settable via the admin site, and maaaaybe by a special "god-mode" switch in the UI';


--
-- Name: app_handrecord_id_seq; Type: SEQUENCE; Schema: public; Owner: postgres
--

ALTER TABLE public.app_hand ALTER COLUMN id ADD GENERATED BY DEFAULT AS IDENTITY (
    SEQUENCE NAME public.app_handrecord_id_seq
    START WITH 1
    INCREMENT BY 1
    NO MINVALUE
    NO MAXVALUE
    CACHE 1
);


--
-- Name: app_lobby; Type: TABLE; Schema: public; Owner: postgres
--

CREATE TABLE public.app_lobby (
    id bigint NOT NULL
);


ALTER TABLE public.app_lobby OWNER TO postgres;

--
-- Name: TABLE app_lobby; Type: COMMENT; Schema: public; Owner: postgres
--

COMMENT ON TABLE public.app_lobby IS 'Serves no purpose other than acting as a target for lobby messages';


--
-- Name: app_lobby_id_seq; Type: SEQUENCE; Schema: public; Owner: postgres
--

ALTER TABLE public.app_lobby ALTER COLUMN id ADD GENERATED BY DEFAULT AS IDENTITY (
    SEQUENCE NAME public.app_lobby_id_seq
    START WITH 1
    INCREMENT BY 1
    NO MINVALUE
    NO MAXVALUE
    CACHE 1
);


--
-- Name: app_message; Type: TABLE; Schema: public; Owner: postgres
--

CREATE TABLE public.app_message (
    id bigint NOT NULL,
    "timestamp" timestamp with time zone NOT NULL,
    message text NOT NULL,
    from_player_id bigint,
    recipient_content_type_id integer NOT NULL,
    recipient_object_id integer NOT NULL,
    CONSTRAINT app_message_recipient_object_id_check CHECK ((recipient_object_id >= 0))
);


ALTER TABLE public.app_message OWNER TO postgres;

--
-- Name: COLUMN app_message.from_player_id; Type: COMMENT; Schema: public; Owner: postgres
--

COMMENT ON COLUMN public.app_message.from_player_id IS 'NULL means it came from ''the system''';


--
-- Name: app_message_id_seq; Type: SEQUENCE; Schema: public; Owner: postgres
--

ALTER TABLE public.app_message ALTER COLUMN id ADD GENERATED BY DEFAULT AS IDENTITY (
    SEQUENCE NAME public.app_message_id_seq
    START WITH 1
    INCREMENT BY 1
    NO MINVALUE
    NO MAXVALUE
    CACHE 1
);


--
-- Name: app_play; Type: TABLE; Schema: public; Owner: postgres
--

CREATE TABLE public.app_play (
    id bigint NOT NULL,
    serialized character varying(2) NOT NULL,
    hand_id bigint NOT NULL,
    created timestamp with time zone NOT NULL,
    modified timestamp with time zone NOT NULL
);


ALTER TABLE public.app_play OWNER TO postgres;

--
-- Name: COLUMN app_play.serialized; Type: COMMENT; Schema: public; Owner: postgres
--

COMMENT ON COLUMN public.app_play.serialized IS 'A short string with which we can create a bridge.card.Card object';


--
-- Name: app_play_id_seq; Type: SEQUENCE; Schema: public; Owner: postgres
--

ALTER TABLE public.app_play ALTER COLUMN id ADD GENERATED BY DEFAULT AS IDENTITY (
    SEQUENCE NAME public.app_play_id_seq
    START WITH 1
    INCREMENT BY 1
    NO MINVALUE
    NO MAXVALUE
    CACHE 1
);


--
-- Name: app_player; Type: TABLE; Schema: public; Owner: postgres
--

CREATE TABLE public.app_player (
    id bigint NOT NULL,
    user_id integer NOT NULL,
    partner_id bigint,
    synthetic boolean NOT NULL,
    allow_bot_to_play_for_me boolean NOT NULL,
    created timestamp with time zone NOT NULL,
    modified timestamp with time zone NOT NULL,
    CONSTRAINT app_player_cant_be_own_partner CHECK (((partner_id IS NULL) OR (NOT ((partner_id = id) AND (partner_id IS NOT NULL))))),
    CONSTRAINT synthetic_players_must_allow_bot_to_play_for_them CHECK (((NOT synthetic) OR allow_bot_to_play_for_me))
);


ALTER TABLE public.app_player OWNER TO postgres;

--
-- Name: app_player_id_seq; Type: SEQUENCE; Schema: public; Owner: postgres
--

ALTER TABLE public.app_player ALTER COLUMN id ADD GENERATED BY DEFAULT AS IDENTITY (
    SEQUENCE NAME public.app_player_id_seq
    START WITH 1
    INCREMENT BY 1
    NO MINVALUE
    NO MAXVALUE
    CACHE 1
);


--
-- Name: app_tournament; Type: TABLE; Schema: public; Owner: postgres
--

CREATE TABLE public.app_tournament (
    id bigint NOT NULL,
    is_complete boolean NOT NULL,
    display_number smallint NOT NULL,
    play_completion_deadline timestamp with time zone,
    signup_deadline timestamp with time zone NOT NULL,
    boards_per_round_per_table smallint NOT NULL,
    CONSTRAINT app_tournament_boards_per_round_per_table_check CHECK ((boards_per_round_per_table >= 0)),
    CONSTRAINT app_tournament_play_deadline_must_follow_signup_deadline CHECK (((play_completion_deadline IS NULL) OR (play_completion_deadline > signup_deadline)))
);


ALTER TABLE public.app_tournament OWNER TO postgres;

--
-- Name: COLUMN app_tournament.play_completion_deadline; Type: COMMENT; Schema: public; Owner: postgres
--

COMMENT ON COLUMN public.app_tournament.play_completion_deadline IS 'NULL means we don''t yet know how many players we have, hence cannot compute a movement';


--
-- Name: COLUMN app_tournament.signup_deadline; Type: COMMENT; Schema: public; Owner: postgres
--

COMMENT ON COLUMN public.app_tournament.signup_deadline IS 'NULL means ''infintely far in the future''';


--
-- Name: app_tournament_id_seq; Type: SEQUENCE; Schema: public; Owner: postgres
--

ALTER TABLE public.app_tournament ALTER COLUMN id ADD GENERATED BY DEFAULT AS IDENTITY (
    SEQUENCE NAME public.app_tournament_id_seq
    START WITH 1
    INCREMENT BY 1
    NO MINVALUE
    NO MAXVALUE
    CACHE 1
);


--
-- Name: app_tournamentsignup; Type: TABLE; Schema: public; Owner: postgres
--

CREATE TABLE public.app_tournamentsignup (
    id bigint NOT NULL,
    player_id bigint NOT NULL,
    tournament_id bigint NOT NULL
);


ALTER TABLE public.app_tournamentsignup OWNER TO postgres;

--
-- Name: app_tournamentsignups_id_seq; Type: SEQUENCE; Schema: public; Owner: postgres
--

ALTER TABLE public.app_tournamentsignup ALTER COLUMN id ADD GENERATED BY DEFAULT AS IDENTITY (
    SEQUENCE NAME public.app_tournamentsignups_id_seq
    START WITH 1
    INCREMENT BY 1
    NO MINVALUE
    NO MAXVALUE
    CACHE 1
);


--
-- Name: app_usermitplaya; Type: TABLE; Schema: public; Owner: postgres
--

CREATE TABLE public.app_usermitplaya (
    user_ptr_id integer NOT NULL
);


ALTER TABLE public.app_usermitplaya OWNER TO postgres;

--
-- Name: auth_group; Type: TABLE; Schema: public; Owner: postgres
--

CREATE TABLE public.auth_group (
    id integer NOT NULL,
    name character varying(150) NOT NULL
);


ALTER TABLE public.auth_group OWNER TO postgres;

--
-- Name: auth_group_id_seq; Type: SEQUENCE; Schema: public; Owner: postgres
--

ALTER TABLE public.auth_group ALTER COLUMN id ADD GENERATED BY DEFAULT AS IDENTITY (
    SEQUENCE NAME public.auth_group_id_seq
    START WITH 1
    INCREMENT BY 1
    NO MINVALUE
    NO MAXVALUE
    CACHE 1
);


--
-- Name: auth_group_permissions; Type: TABLE; Schema: public; Owner: postgres
--

CREATE TABLE public.auth_group_permissions (
    id bigint NOT NULL,
    group_id integer NOT NULL,
    permission_id integer NOT NULL
);


ALTER TABLE public.auth_group_permissions OWNER TO postgres;

--
-- Name: auth_group_permissions_id_seq; Type: SEQUENCE; Schema: public; Owner: postgres
--

ALTER TABLE public.auth_group_permissions ALTER COLUMN id ADD GENERATED BY DEFAULT AS IDENTITY (
    SEQUENCE NAME public.auth_group_permissions_id_seq
    START WITH 1
    INCREMENT BY 1
    NO MINVALUE
    NO MAXVALUE
    CACHE 1
);


--
-- Name: auth_permission; Type: TABLE; Schema: public; Owner: postgres
--

CREATE TABLE public.auth_permission (
    id integer NOT NULL,
    name character varying(255) NOT NULL,
    content_type_id integer NOT NULL,
    codename character varying(100) NOT NULL
);


ALTER TABLE public.auth_permission OWNER TO postgres;

--
-- Name: auth_permission_id_seq; Type: SEQUENCE; Schema: public; Owner: postgres
--

ALTER TABLE public.auth_permission ALTER COLUMN id ADD GENERATED BY DEFAULT AS IDENTITY (
    SEQUENCE NAME public.auth_permission_id_seq
    START WITH 1
    INCREMENT BY 1
    NO MINVALUE
    NO MAXVALUE
    CACHE 1
);


--
-- Name: auth_user; Type: TABLE; Schema: public; Owner: postgres
--

CREATE TABLE public.auth_user (
    id integer NOT NULL,
    password character varying(128) NOT NULL,
    last_login timestamp with time zone,
    is_superuser boolean NOT NULL,
    username character varying(150) NOT NULL,
    first_name character varying(150) NOT NULL,
    last_name character varying(150) NOT NULL,
    email character varying(254) NOT NULL,
    is_staff boolean NOT NULL,
    is_active boolean NOT NULL,
    date_joined timestamp with time zone NOT NULL
);


ALTER TABLE public.auth_user OWNER TO postgres;

--
-- Name: auth_user_groups; Type: TABLE; Schema: public; Owner: postgres
--

CREATE TABLE public.auth_user_groups (
    id bigint NOT NULL,
    user_id integer NOT NULL,
    group_id integer NOT NULL
);


ALTER TABLE public.auth_user_groups OWNER TO postgres;

--
-- Name: auth_user_groups_id_seq; Type: SEQUENCE; Schema: public; Owner: postgres
--

ALTER TABLE public.auth_user_groups ALTER COLUMN id ADD GENERATED BY DEFAULT AS IDENTITY (
    SEQUENCE NAME public.auth_user_groups_id_seq
    START WITH 1
    INCREMENT BY 1
    NO MINVALUE
    NO MAXVALUE
    CACHE 1
);


--
-- Name: auth_user_id_seq; Type: SEQUENCE; Schema: public; Owner: postgres
--

ALTER TABLE public.auth_user ALTER COLUMN id ADD GENERATED BY DEFAULT AS IDENTITY (
    SEQUENCE NAME public.auth_user_id_seq
    START WITH 1
    INCREMENT BY 1
    NO MINVALUE
    NO MAXVALUE
    CACHE 1
);


--
-- Name: auth_user_user_permissions; Type: TABLE; Schema: public; Owner: postgres
--

CREATE TABLE public.auth_user_user_permissions (
    id bigint NOT NULL,
    user_id integer NOT NULL,
    permission_id integer NOT NULL
);


ALTER TABLE public.auth_user_user_permissions OWNER TO postgres;

--
-- Name: auth_user_user_permissions_id_seq; Type: SEQUENCE; Schema: public; Owner: postgres
--

ALTER TABLE public.auth_user_user_permissions ALTER COLUMN id ADD GENERATED BY DEFAULT AS IDENTITY (
    SEQUENCE NAME public.auth_user_user_permissions_id_seq
    START WITH 1
    INCREMENT BY 1
    NO MINVALUE
    NO MAXVALUE
    CACHE 1
);


--
-- Name: django_admin_log; Type: TABLE; Schema: public; Owner: postgres
--

CREATE TABLE public.django_admin_log (
    id integer NOT NULL,
    action_time timestamp with time zone NOT NULL,
    object_id text,
    object_repr character varying(200) NOT NULL,
    action_flag smallint NOT NULL,
    change_message text NOT NULL,
    content_type_id integer,
    user_id integer NOT NULL,
    CONSTRAINT django_admin_log_action_flag_check CHECK ((action_flag >= 0))
);


ALTER TABLE public.django_admin_log OWNER TO postgres;

--
-- Name: django_admin_log_id_seq; Type: SEQUENCE; Schema: public; Owner: postgres
--

ALTER TABLE public.django_admin_log ALTER COLUMN id ADD GENERATED BY DEFAULT AS IDENTITY (
    SEQUENCE NAME public.django_admin_log_id_seq
    START WITH 1
    INCREMENT BY 1
    NO MINVALUE
    NO MAXVALUE
    CACHE 1
);


--
-- Name: django_content_type; Type: TABLE; Schema: public; Owner: postgres
--

CREATE TABLE public.django_content_type (
    id integer NOT NULL,
    app_label character varying(100) NOT NULL,
    model character varying(100) NOT NULL
);


ALTER TABLE public.django_content_type OWNER TO postgres;

--
-- Name: django_content_type_id_seq; Type: SEQUENCE; Schema: public; Owner: postgres
--

ALTER TABLE public.django_content_type ALTER COLUMN id ADD GENERATED BY DEFAULT AS IDENTITY (
    SEQUENCE NAME public.django_content_type_id_seq
    START WITH 1
    INCREMENT BY 1
    NO MINVALUE
    NO MAXVALUE
    CACHE 1
);


--
-- Name: django_eventstream_event; Type: TABLE; Schema: public; Owner: postgres
--

CREATE TABLE public.django_eventstream_event (
    id integer NOT NULL,
    channel character varying(255) NOT NULL,
    type character varying(255) NOT NULL,
    data text NOT NULL,
    eid bigint NOT NULL,
    created timestamp with time zone NOT NULL
);


ALTER TABLE public.django_eventstream_event OWNER TO postgres;

--
-- Name: django_eventstream_event_id_seq; Type: SEQUENCE; Schema: public; Owner: postgres
--

ALTER TABLE public.django_eventstream_event ALTER COLUMN id ADD GENERATED BY DEFAULT AS IDENTITY (
    SEQUENCE NAME public.django_eventstream_event_id_seq
    START WITH 1
    INCREMENT BY 1
    NO MINVALUE
    NO MAXVALUE
    CACHE 1
);


--
-- Name: django_eventstream_eventcounter; Type: TABLE; Schema: public; Owner: postgres
--

CREATE TABLE public.django_eventstream_eventcounter (
    id integer NOT NULL,
    name character varying(255) NOT NULL,
    value bigint NOT NULL,
    updated timestamp with time zone NOT NULL
);


ALTER TABLE public.django_eventstream_eventcounter OWNER TO postgres;

--
-- Name: django_eventstream_eventcounter_id_seq; Type: SEQUENCE; Schema: public; Owner: postgres
--

ALTER TABLE public.django_eventstream_eventcounter ALTER COLUMN id ADD GENERATED BY DEFAULT AS IDENTITY (
    SEQUENCE NAME public.django_eventstream_eventcounter_id_seq
    START WITH 1
    INCREMENT BY 1
    NO MINVALUE
    NO MAXVALUE
    CACHE 1
);


--
-- Name: django_migrations; Type: TABLE; Schema: public; Owner: postgres
--

CREATE TABLE public.django_migrations (
    id bigint NOT NULL,
    app character varying(255) NOT NULL,
    name character varying(255) NOT NULL,
    applied timestamp with time zone NOT NULL
);


ALTER TABLE public.django_migrations OWNER TO postgres;

--
-- Name: django_migrations_id_seq; Type: SEQUENCE; Schema: public; Owner: postgres
--

ALTER TABLE public.django_migrations ALTER COLUMN id ADD GENERATED BY DEFAULT AS IDENTITY (
    SEQUENCE NAME public.django_migrations_id_seq
    START WITH 1
    INCREMENT BY 1
    NO MINVALUE
    NO MAXVALUE
    CACHE 1
);


--
-- Name: django_session; Type: TABLE; Schema: public; Owner: postgres
--

CREATE TABLE public.django_session (
    session_key character varying(40) NOT NULL,
    session_data text NOT NULL,
    expire_date timestamp with time zone NOT NULL
);


ALTER TABLE public.django_session OWNER TO postgres;

--
-- Data for Name: app_board; Type: TABLE DATA; Schema: public; Owner: postgres
--

COPY public.app_board (id, ns_vulnerable, ew_vulnerable, east_cards, north_cards, south_cards, west_cards, tournament_id, dealer, display_number, "group") FROM stdin;
1	f	f	♣3♣6♣7♣9♣Q♥4♥T♥Q♠4♠7♠9♠J♠A	♣8♣J♦3♦6♦7♦T♦Q♥3♥7♥8♥9♥K♥A	♣2♣4♣5♣T♦2♦8♦9♦A♥2♥J♠2♠8♠Q	♣K♣A♦4♦5♦J♦K♥5♥6♠3♠5♠6♠T♠K	1	N	1	A
2	t	f	♣2♣5♣9♣T♣J♣K♦9♦T♥5♥9♠8♠9♠J	♣4♣6♣7♣8♣A♦8♦J♦Q♦A♥2♥7♥Q♠7	♣Q♦2♦3♦4♦6♥6♥8♠2♠4♠6♠Q♠K♠A	♣3♦5♦7♦K♥3♥4♥T♥J♥K♥A♠3♠5♠T	1	E	2	A
3	f	t	♣9♣Q♦3♦4♦5♦K♥7♥A♠3♠6♠7♠9♠A	♣2♣4♣7♣8♦7♦8♦Q♦A♥K♠4♠T♠J♠Q	♣5♣J♣K♣A♦9♦J♥4♥6♥9♥T♥J♠8♠K	♣3♣6♣T♦2♦6♦T♥2♥3♥5♥8♥Q♠2♠5	1	S	3	A
4	t	t	♣2♣K♦2♦4♦5♦6♦7♦9♦J♥7♥J♠7♠J	♣6♣7♣T♣J♥3♥9♥T♥Q♥A♠2♠4♠5♠8	♣3♣4♣Q♣A♦T♦K♦A♥2♥8♠3♠6♠T♠Q	♣5♣8♣9♦3♦8♦Q♥4♥5♥6♥K♠9♠K♠A	1	W	4	B
5	t	f	♣5♣8♣T♣J♦5♦6♦7♦9♥J♠3♠5♠9♠Q	♣4♣7♣Q♣A♥3♥5♥7♥9♥K♥A♠7♠8♠K	♣2♣3♣9♦3♦4♦Q♦K♦A♥2♥6♥8♥Q♠4	♣6♣K♦2♦8♦T♦J♥4♥T♠2♠6♠T♠J♠A	1	N	5	B
6	f	t	♣2♣3♣8♣J♦3♦8♦T♥2♠2♠6♠9♠T♠K	♣6♣7♣K♦4♦5♥7♥9♥Q♥K♥A♠4♠7♠J	♣4♣5♣T♣A♦2♦7♦9♦Q♦A♥3♥6♠3♠A	♣9♣Q♦6♦J♦K♥4♥5♥8♥T♥J♠5♠8♠Q	1	E	6	B
\.


--
-- Data for Name: app_call; Type: TABLE DATA; Schema: public; Owner: postgres
--

COPY public.app_call (id, serialized, hand_id, created, modified) FROM stdin;
1	1♥	1	2025-05-09 20:05:23.227597+00	2025-05-09 20:05:23.227629+00
2	Pass	1	2025-05-09 20:05:24.825221+00	2025-05-09 20:05:24.825261+00
3	Pass	1	2025-05-09 20:05:25.906709+00	2025-05-09 20:05:25.906748+00
4	Pass	1	2025-05-09 20:05:27.150947+00	2025-05-09 20:05:27.151011+00
\.


--
-- Data for Name: app_hand; Type: TABLE DATA; Schema: public; Owner: postgres
--

COPY public.app_hand (id, board_id, open_access, abandoned_because, created, modified, "East_id", "North_id", "South_id", "West_id", table_display_number) FROM stdin;
2	1	f	\N	2025-05-09 20:05:11.818711+00	2025-05-09 20:05:11.818719+00	7	3	4	8	2
1	1	t	\N	2025-05-09 20:05:11.755229+00	2025-05-09 20:05:18.817708+00	5	1	2	6	1
\.


--
-- Data for Name: app_lobby; Type: TABLE DATA; Schema: public; Owner: postgres
--

COPY public.app_lobby (id) FROM stdin;
1
\.


--
-- Data for Name: app_message; Type: TABLE DATA; Schema: public; Owner: postgres
--

COPY public.app_message (id, "timestamp", message, from_player_id, recipient_content_type_id, recipient_object_id) FROM stdin;
1	2025-05-09 20:05:11.551535+00	Partnered with _bodie	3	11	1
2	2025-05-09 20:05:11.58885+00	Partnered with _tony gray	5	11	1
3	2025-05-09 20:05:11.60084+00	Partnered with _randy	7	11	1
\.


--
-- Data for Name: app_play; Type: TABLE DATA; Schema: public; Owner: postgres
--

COPY public.app_play (id, serialized, hand_id, created, modified) FROM stdin;
1	♣3	1	2025-05-09 20:05:32.603365+00	2025-05-09 20:05:32.603399+00
\.


--
-- Data for Name: app_player; Type: TABLE DATA; Schema: public; Owner: postgres
--

COPY public.app_player (id, user_id, partner_id, synthetic, allow_bot_to_play_for_me, created, modified) FROM stdin;
1	1	2	f	f	2025-05-09 20:04:56.097889+00	2025-05-09 20:05:05.124406+00
2	2	1	t	t	2025-05-09 20:05:05.122057+00	2025-05-09 20:05:05.126343+00
3	3	4	t	t	2025-05-09 20:05:11.422974+00	2025-05-09 20:05:11.544475+00
4	4	3	t	t	2025-05-09 20:05:11.4583+00	2025-05-09 20:05:11.545929+00
5	5	6	t	t	2025-05-09 20:05:11.479855+00	2025-05-09 20:05:11.586967+00
6	6	5	t	t	2025-05-09 20:05:11.500252+00	2025-05-09 20:05:11.588185+00
7	7	8	t	t	2025-05-09 20:05:11.519199+00	2025-05-09 20:05:11.598983+00
8	8	7	t	t	2025-05-09 20:05:11.540539+00	2025-05-09 20:05:11.600205+00
\.


--
-- Data for Name: app_tournament; Type: TABLE DATA; Schema: public; Owner: postgres
--

COPY public.app_tournament (id, is_complete, display_number, play_completion_deadline, signup_deadline, boards_per_round_per_table) FROM stdin;
1	f	1	2035-05-09 20:50:11+00	2025-05-09 20:05:11+00	3
\.


--
-- Data for Name: app_tournamentsignup; Type: TABLE DATA; Schema: public; Owner: postgres
--

COPY public.app_tournamentsignup (id, player_id, tournament_id) FROM stdin;
1	1	1
2	2	1
3	3	1
4	4	1
5	5	1
6	6	1
7	7	1
8	8	1
\.


--
-- Data for Name: app_usermitplaya; Type: TABLE DATA; Schema: public; Owner: postgres
--

COPY public.app_usermitplaya (user_ptr_id) FROM stdin;
\.


--
-- Data for Name: auth_group; Type: TABLE DATA; Schema: public; Owner: postgres
--

COPY public.auth_group (id, name) FROM stdin;
\.


--
-- Data for Name: auth_group_permissions; Type: TABLE DATA; Schema: public; Owner: postgres
--

COPY public.auth_group_permissions (id, group_id, permission_id) FROM stdin;
\.


--
-- Data for Name: auth_permission; Type: TABLE DATA; Schema: public; Owner: postgres
--

COPY public.auth_permission (id, name, content_type_id, codename) FROM stdin;
1	Can add event	1	add_event
2	Can change event	1	change_event
3	Can delete event	1	delete_event
4	Can view event	1	view_event
5	Can add event counter	2	add_eventcounter
6	Can change event counter	2	change_eventcounter
7	Can delete event counter	2	delete_eventcounter
8	Can view event counter	2	view_eventcounter
9	Can add log entry	3	add_logentry
10	Can change log entry	3	change_logentry
11	Can delete log entry	3	delete_logentry
12	Can view log entry	3	view_logentry
13	Can add permission	4	add_permission
14	Can change permission	4	change_permission
15	Can delete permission	4	delete_permission
16	Can view permission	4	view_permission
17	Can add group	5	add_group
18	Can change group	5	change_group
19	Can delete group	5	delete_group
20	Can view group	5	view_group
21	Can add user	6	add_user
22	Can change user	6	change_user
23	Can delete user	6	delete_user
24	Can view user	6	view_user
25	Can add content type	7	add_contenttype
26	Can change content type	7	change_contenttype
27	Can delete content type	7	delete_contenttype
28	Can view content type	7	view_contenttype
29	Can add session	8	add_session
30	Can change session	8	change_session
31	Can delete session	8	delete_session
32	Can view session	8	view_session
33	Can add player	9	add_player
34	Can change player	9	change_player
35	Can delete player	9	delete_player
36	Can view player	9	view_player
37	Can add message	10	add_message
38	Can change message	10	change_message
39	Can delete message	10	delete_message
40	Can view message	10	view_message
41	Can add lobby	11	add_lobby
42	Can change lobby	11	change_lobby
43	Can delete lobby	11	delete_lobby
44	Can view lobby	11	view_lobby
45	Can add board	12	add_board
46	Can change board	12	change_board
47	Can delete board	12	delete_board
48	Can view board	12	view_board
49	Can add call	13	add_call
50	Can change call	13	change_call
51	Can delete call	13	delete_call
52	Can view call	13	view_call
53	Can add play	14	add_play
54	Can change play	14	change_play
55	Can delete play	14	delete_play
56	Can view play	14	view_play
57	Can add user	15	add_usermitplaya
58	Can change user	15	change_usermitplaya
59	Can delete user	15	delete_usermitplaya
60	Can view user	15	view_usermitplaya
61	Can add hand	16	add_hand
62	Can change hand	16	change_hand
63	Can delete hand	16	delete_hand
64	Can view hand	16	view_hand
65	Can add tournament	17	add_tournament
66	Can change tournament	17	change_tournament
67	Can delete tournament	17	delete_tournament
68	Can view tournament	17	view_tournament
69	Can add tournament signup	18	add_tournamentsignup
70	Can change tournament signup	18	change_tournamentsignup
71	Can delete tournament signup	18	delete_tournamentsignup
72	Can view tournament signup	18	view_tournamentsignup
\.


--
-- Data for Name: auth_user; Type: TABLE DATA; Schema: public; Owner: postgres
--

COPY public.auth_user (id, password, last_login, is_superuser, username, first_name, last_name, email, is_staff, is_active, date_joined) FROM stdin;
1	pbkdf2_sha256$1000000$Hu1umjffDQONUM6gAsf42l$hQYConTeK4zIYGzs14ssYQl4Gykt088er4CbRpWSHO4=	2025-05-09 20:04:57.557815+00	f	bob				f	t	2025-05-09 20:04:55.843092+00
2	!2HBYXc1DLtaqnx72amCvfJ6Us8ymq2VeEx2dvLaL	\N	f	_prez				f	t	2025-05-09 20:05:05.119192+00
3	!ylP0TO3tefBFfRMw3CaEnyQ6Vl39yJQqrd0E8iHi	\N	f	_rhonda				f	t	2025-05-09 20:05:11.420642+00
4	!PAvqI4JOt78O2HLEXYj5vtIJ1dC0Zl4FVI6NaJU7	\N	f	_bodie				f	t	2025-05-09 20:05:11.456904+00
5	!ZdFq53pQRjtcHGInagJHzmelCpjtKkUHdsxhWypu	\N	f	_kima				f	t	2025-05-09 20:05:11.478682+00
6	!cJFJwoTUjrrRf7Fpw6YzAYsXgANrOvtqNmQcC3Qt	\N	f	_tony gray				f	t	2025-05-09 20:05:11.499361+00
7	!rHj4LJJ2ZEhmWqsjtAUoCdu1xxJGigDm9MHl6YDW	\N	f	_sydnor				f	t	2025-05-09 20:05:11.518374+00
8	!JtK8WbO4QrEXCVGPI4HGdCU29bPnurUF5FgjMPZd	\N	f	_randy				f	t	2025-05-09 20:05:11.538729+00
9	pbkdf2_sha256$1000000$g4gNx04yTu1mONXDTanbml$3PKCcq4ySsPZrtVwtSdwSx8+xLN7I6ckuE0H0rtVvow=	2025-05-09 20:05:59.523413+00	t	admin			admin@admin.com	t	t	2025-05-09 20:05:51.079787+00
\.


--
-- Data for Name: auth_user_groups; Type: TABLE DATA; Schema: public; Owner: postgres
--

COPY public.auth_user_groups (id, user_id, group_id) FROM stdin;
\.


--
-- Data for Name: auth_user_user_permissions; Type: TABLE DATA; Schema: public; Owner: postgres
--

COPY public.auth_user_user_permissions (id, user_id, permission_id) FROM stdin;
\.


--
-- Data for Name: django_admin_log; Type: TABLE DATA; Schema: public; Owner: postgres
--

COPY public.django_admin_log (id, action_time, object_id, object_repr, action_flag, change_message, content_type_id, user_id) FROM stdin;
1	2025-05-09 20:06:12.454808+00	1	tournament #1; Running; 0 hands played	2	[{"changed": {"fields": ["Play completion deadline"]}}]	17	9
\.


--
-- Data for Name: django_content_type; Type: TABLE DATA; Schema: public; Owner: postgres
--

COPY public.django_content_type (id, app_label, model) FROM stdin;
1	django_eventstream	event
2	django_eventstream	eventcounter
3	admin	logentry
4	auth	permission
5	auth	group
6	auth	user
7	contenttypes	contenttype
8	sessions	session
9	app	player
10	app	message
11	app	lobby
12	app	board
13	app	call
14	app	play
15	app	usermitplaya
16	app	hand
17	app	tournament
18	app	tournamentsignup
\.


--
-- Data for Name: django_eventstream_event; Type: TABLE DATA; Schema: public; Owner: postgres
--

COPY public.django_eventstream_event (id, channel, type, data, eid, created) FROM stdin;
1	lobby			0	2025-05-09 20:05:11.557485+00
2	lobby	message	"\\"\\\\n      <div class=\\\\\\"chat-message-row\\\\\\">\\\\n        <div style=\\\\\\"display: inline; font-family: monospace;\\\\\\" class=\\\\\\"chat-message-timestamp\\\\\\">2025-05-09T20:05:11.551535+00:00</div>\\\\n        <div style=\\\\\\"display: inline;\\\\\\" class=\\\\\\"chat-message-sender-name\\\\\\">_rhonda</div>\\\\n        <div style=\\\\\\"display: inline;\\\\\\" class=\\\\\\"chat-message-text\\\\\\">Partnered with _bodie</div>\\\\n      </div>\\\\n        \\""	1	2025-05-09 20:05:11.558846+00
3	partnerships			0	2025-05-09 20:05:11.583049+00
4	partnerships	message	"{\\"split\\": [], \\"joined\\": [4, 3]}"	1	2025-05-09 20:05:11.583631+00
5	lobby	message	"\\"\\\\n      <div class=\\\\\\"chat-message-row\\\\\\">\\\\n        <div style=\\\\\\"display: inline; font-family: monospace;\\\\\\" class=\\\\\\"chat-message-timestamp\\\\\\">2025-05-09T20:05:11.588850+00:00</div>\\\\n        <div style=\\\\\\"display: inline;\\\\\\" class=\\\\\\"chat-message-sender-name\\\\\\">_kima</div>\\\\n        <div style=\\\\\\"display: inline;\\\\\\" class=\\\\\\"chat-message-text\\\\\\">Partnered with _tony gray</div>\\\\n      </div>\\\\n        \\""	2	2025-05-09 20:05:11.591071+00
6	partnerships	message	"{\\"split\\": [], \\"joined\\": [6, 5]}"	2	2025-05-09 20:05:11.595257+00
7	lobby	message	"\\"\\\\n      <div class=\\\\\\"chat-message-row\\\\\\">\\\\n        <div style=\\\\\\"display: inline; font-family: monospace;\\\\\\" class=\\\\\\"chat-message-timestamp\\\\\\">2025-05-09T20:05:11.600840+00:00</div>\\\\n        <div style=\\\\\\"display: inline;\\\\\\" class=\\\\\\"chat-message-sender-name\\\\\\">_sydnor</div>\\\\n        <div style=\\\\\\"display: inline;\\\\\\" class=\\\\\\"chat-message-text\\\\\\">Partnered with _randy</div>\\\\n      </div>\\\\n        \\""	3	2025-05-09 20:05:11.602983+00
8	partnerships	message	"{\\"split\\": [], \\"joined\\": [8, 7]}"	3	2025-05-09 20:05:11.606571+00
9	players:1_2			0	2025-05-09 20:05:11.7151+00
10	players:1_2	message	"\\"New hand for round 1\\""	1	2025-05-09 20:05:11.716167+00
11	players:5_6			0	2025-05-09 20:05:11.734127+00
12	players:5_6	message	"\\"New hand for round 1\\""	1	2025-05-09 20:05:11.7351+00
13	players:3_4			0	2025-05-09 20:05:11.778719+00
14	players:3_4	message	"\\"New hand for round 1\\""	1	2025-05-09 20:05:11.779607+00
15	players:7_8			0	2025-05-09 20:05:11.796981+00
16	players:7_8	message	"\\"New hand for round 1\\""	1	2025-05-09 20:05:11.797897+00
17	hand:1			0	2025-05-09 20:05:18.84986+00
18	hand:1	message	"{\\"open-access-status\\": true, \\"hand_pk\\": 1, \\"time\\": 1746821118.833675}"	1	2025-05-09 20:05:18.851909+00
19	all-tables			0	2025-05-09 20:05:18.871518+00
20	all-tables	message	"{\\"open-access-status\\": true, \\"hand_pk\\": 1, \\"time\\": 1746821118.833675}"	1	2025-05-09 20:05:18.873759+00
21	system:player:1			0	2025-05-09 20:05:18.899139+00
22	system:player:1	message	"{\\"open-access-status\\": true, \\"hand_pk\\": 1, \\"time\\": 1746821118.833675}"	1	2025-05-09 20:05:18.900719+00
23	system:player:5			0	2025-05-09 20:05:18.920734+00
24	system:player:5	message	"{\\"open-access-status\\": true, \\"hand_pk\\": 1, \\"time\\": 1746821118.833675}"	1	2025-05-09 20:05:18.922693+00
25	system:player:2			0	2025-05-09 20:05:18.945719+00
26	system:player:2	message	"{\\"open-access-status\\": true, \\"hand_pk\\": 1, \\"time\\": 1746821118.833675}"	1	2025-05-09 20:05:18.946746+00
27	system:player:6			0	2025-05-09 20:05:18.963365+00
28	system:player:6	message	"{\\"open-access-status\\": true, \\"hand_pk\\": 1, \\"time\\": 1746821118.833675}"	1	2025-05-09 20:05:18.966057+00
29	hand:1	message	"{\\"new-call\\": {\\"serialized\\": \\"1\\\\u2665\\"}, \\"hand_pk\\": 1, \\"time\\": 1746821123.2412841}"	2	2025-05-09 20:05:23.24715+00
30	all-tables	message	"{\\"new-call\\": {\\"serialized\\": \\"1\\\\u2665\\"}, \\"hand_pk\\": 1, \\"time\\": 1746821123.2412841}"	2	2025-05-09 20:05:23.263361+00
31	system:player:1	message	"{\\"new-call\\": {\\"serialized\\": \\"1\\\\u2665\\"}, \\"hand_pk\\": 1, \\"time\\": 1746821123.2412841}"	2	2025-05-09 20:05:23.276835+00
32	system:player:5	message	"{\\"new-call\\": {\\"serialized\\": \\"1\\\\u2665\\"}, \\"hand_pk\\": 1, \\"time\\": 1746821123.2412841}"	2	2025-05-09 20:05:23.293763+00
33	system:player:2	message	"{\\"new-call\\": {\\"serialized\\": \\"1\\\\u2665\\"}, \\"hand_pk\\": 1, \\"time\\": 1746821123.2412841}"	2	2025-05-09 20:05:23.306987+00
34	system:player:6	message	"{\\"new-call\\": {\\"serialized\\": \\"1\\\\u2665\\"}, \\"hand_pk\\": 1, \\"time\\": 1746821123.2412841}"	2	2025-05-09 20:05:23.322511+00
35	hand:1	message	"{\\"new-call\\": {\\"serialized\\": \\"Pass\\"}, \\"hand_pk\\": 1, \\"time\\": 1746821124.843585}"	3	2025-05-09 20:05:24.849454+00
36	all-tables	message	"{\\"new-call\\": {\\"serialized\\": \\"Pass\\"}, \\"hand_pk\\": 1, \\"time\\": 1746821124.843585}"	3	2025-05-09 20:05:24.867864+00
37	system:player:1	message	"{\\"new-call\\": {\\"serialized\\": \\"Pass\\"}, \\"hand_pk\\": 1, \\"time\\": 1746821124.843585}"	3	2025-05-09 20:05:24.882586+00
38	system:player:5	message	"{\\"new-call\\": {\\"serialized\\": \\"Pass\\"}, \\"hand_pk\\": 1, \\"time\\": 1746821124.843585}"	3	2025-05-09 20:05:24.901845+00
39	system:player:2	message	"{\\"new-call\\": {\\"serialized\\": \\"Pass\\"}, \\"hand_pk\\": 1, \\"time\\": 1746821124.843585}"	3	2025-05-09 20:05:24.916924+00
40	system:player:6	message	"{\\"new-call\\": {\\"serialized\\": \\"Pass\\"}, \\"hand_pk\\": 1, \\"time\\": 1746821124.843585}"	3	2025-05-09 20:05:24.938433+00
41	hand:1	message	"{\\"new-call\\": {\\"serialized\\": \\"Pass\\"}, \\"hand_pk\\": 1, \\"time\\": 1746821125.925633}"	4	2025-05-09 20:05:25.933986+00
42	all-tables	message	"{\\"new-call\\": {\\"serialized\\": \\"Pass\\"}, \\"hand_pk\\": 1, \\"time\\": 1746821125.925633}"	4	2025-05-09 20:05:25.95723+00
43	system:player:1	message	"{\\"new-call\\": {\\"serialized\\": \\"Pass\\"}, \\"hand_pk\\": 1, \\"time\\": 1746821125.925633}"	4	2025-05-09 20:05:25.971166+00
44	system:player:5	message	"{\\"new-call\\": {\\"serialized\\": \\"Pass\\"}, \\"hand_pk\\": 1, \\"time\\": 1746821125.925633}"	4	2025-05-09 20:05:25.995584+00
45	system:player:2	message	"{\\"new-call\\": {\\"serialized\\": \\"Pass\\"}, \\"hand_pk\\": 1, \\"time\\": 1746821125.925633}"	4	2025-05-09 20:05:26.01653+00
46	system:player:6	message	"{\\"new-call\\": {\\"serialized\\": \\"Pass\\"}, \\"hand_pk\\": 1, \\"time\\": 1746821125.925633}"	4	2025-05-09 20:05:26.036777+00
47	hand:1	message	"{\\"new-call\\": {\\"serialized\\": \\"Pass\\"}, \\"hand_pk\\": 1, \\"time\\": 1746821127.1643689}"	5	2025-05-09 20:05:27.170271+00
48	all-tables	message	"{\\"new-call\\": {\\"serialized\\": \\"Pass\\"}, \\"hand_pk\\": 1, \\"time\\": 1746821127.1643689}"	5	2025-05-09 20:05:27.196191+00
49	system:player:1	message	"{\\"new-call\\": {\\"serialized\\": \\"Pass\\"}, \\"hand_pk\\": 1, \\"time\\": 1746821127.1643689}"	5	2025-05-09 20:05:27.211524+00
50	system:player:5	message	"{\\"new-call\\": {\\"serialized\\": \\"Pass\\"}, \\"hand_pk\\": 1, \\"time\\": 1746821127.1643689}"	5	2025-05-09 20:05:27.227067+00
51	system:player:2	message	"{\\"new-call\\": {\\"serialized\\": \\"Pass\\"}, \\"hand_pk\\": 1, \\"time\\": 1746821127.1643689}"	5	2025-05-09 20:05:27.240177+00
52	system:player:6	message	"{\\"new-call\\": {\\"serialized\\": \\"Pass\\"}, \\"hand_pk\\": 1, \\"time\\": 1746821127.1643689}"	5	2025-05-09 20:05:27.24998+00
53	hand:1	message	"{\\"table\\": 1, \\"contract_text\\": \\"one Heart played by        bob, sitting North\\", \\"contract\\": {\\"opening_leader\\": \\"E\\"}, \\"hand_pk\\": 1, \\"time\\": 1746821127.258792}"	6	2025-05-09 20:05:27.262776+00
54	all-tables	message	"{\\"table\\": 1, \\"contract_text\\": \\"one Heart played by        bob, sitting North\\", \\"contract\\": {\\"opening_leader\\": \\"E\\"}, \\"hand_pk\\": 1, \\"time\\": 1746821127.258792}"	6	2025-05-09 20:05:27.271833+00
55	system:player:1	message	"{\\"table\\": 1, \\"contract_text\\": \\"one Heart played by        bob, sitting North\\", \\"contract\\": {\\"opening_leader\\": \\"E\\"}, \\"hand_pk\\": 1, \\"time\\": 1746821127.258792}"	6	2025-05-09 20:05:27.283119+00
56	system:player:5	message	"{\\"table\\": 1, \\"contract_text\\": \\"one Heart played by        bob, sitting North\\", \\"contract\\": {\\"opening_leader\\": \\"E\\"}, \\"hand_pk\\": 1, \\"time\\": 1746821127.258792}"	6	2025-05-09 20:05:27.296447+00
57	system:player:2	message	"{\\"table\\": 1, \\"contract_text\\": \\"one Heart played by        bob, sitting North\\", \\"contract\\": {\\"opening_leader\\": \\"E\\"}, \\"hand_pk\\": 1, \\"time\\": 1746821127.258792}"	6	2025-05-09 20:05:27.307555+00
58	system:player:6	message	"{\\"table\\": 1, \\"contract_text\\": \\"one Heart played by        bob, sitting North\\", \\"contract\\": {\\"opening_leader\\": \\"E\\"}, \\"hand_pk\\": 1, \\"time\\": 1746821127.258792}"	6	2025-05-09 20:05:27.319199+00
59	hand:1	message	"{\\"new-play\\": {\\"serialized\\": \\"\\\\u26633\\", \\"hand_pk\\": 1}, \\"dummy\\": \\"\\\\u26632\\\\u26634\\\\u26635\\\\u2663T\\\\u26662\\\\u26668\\\\u26669\\\\u2666A\\\\u26652\\\\u2665J\\\\u26602\\\\u26608\\\\u2660Q\\", \\"hand_pk\\": 1, \\"time\\": 1746821132.623984}"	7	2025-05-09 20:05:32.628871+00
60	all-tables	message	"{\\"new-play\\": {\\"serialized\\": \\"\\\\u26633\\", \\"hand_pk\\": 1}, \\"dummy\\": \\"\\\\u26632\\\\u26634\\\\u26635\\\\u2663T\\\\u26662\\\\u26668\\\\u26669\\\\u2666A\\\\u26652\\\\u2665J\\\\u26602\\\\u26608\\\\u2660Q\\", \\"hand_pk\\": 1, \\"time\\": 1746821132.623984}"	7	2025-05-09 20:05:32.643641+00
61	system:player:1	message	"{\\"new-play\\": {\\"serialized\\": \\"\\\\u26633\\", \\"hand_pk\\": 1}, \\"dummy\\": \\"\\\\u26632\\\\u26634\\\\u26635\\\\u2663T\\\\u26662\\\\u26668\\\\u26669\\\\u2666A\\\\u26652\\\\u2665J\\\\u26602\\\\u26608\\\\u2660Q\\", \\"hand_pk\\": 1, \\"time\\": 1746821132.623984}"	7	2025-05-09 20:05:32.656068+00
62	system:player:5	message	"{\\"new-play\\": {\\"serialized\\": \\"\\\\u26633\\", \\"hand_pk\\": 1}, \\"dummy\\": \\"\\\\u26632\\\\u26634\\\\u26635\\\\u2663T\\\\u26662\\\\u26668\\\\u26669\\\\u2666A\\\\u26652\\\\u2665J\\\\u26602\\\\u26608\\\\u2660Q\\", \\"hand_pk\\": 1, \\"time\\": 1746821132.623984}"	7	2025-05-09 20:05:32.669977+00
63	system:player:2	message	"{\\"new-play\\": {\\"serialized\\": \\"\\\\u26633\\", \\"hand_pk\\": 1}, \\"dummy\\": \\"\\\\u26632\\\\u26634\\\\u26635\\\\u2663T\\\\u26662\\\\u26668\\\\u26669\\\\u2666A\\\\u26652\\\\u2665J\\\\u26602\\\\u26608\\\\u2660Q\\", \\"hand_pk\\": 1, \\"time\\": 1746821132.623984}"	7	2025-05-09 20:05:32.679385+00
64	system:player:6	message	"{\\"new-play\\": {\\"serialized\\": \\"\\\\u26633\\", \\"hand_pk\\": 1}, \\"dummy\\": \\"\\\\u26632\\\\u26634\\\\u26635\\\\u2663T\\\\u26662\\\\u26668\\\\u26669\\\\u2666A\\\\u26652\\\\u2665J\\\\u26602\\\\u26608\\\\u2660Q\\", \\"hand_pk\\": 1, \\"time\\": 1746821132.623984}"	7	2025-05-09 20:05:32.689766+00
\.


--
-- Data for Name: django_eventstream_eventcounter; Type: TABLE DATA; Schema: public; Owner: postgres
--

COPY public.django_eventstream_eventcounter (id, name, value, updated) FROM stdin;
1	lobby	3	2025-05-09 20:05:11.603565+00
2	partnerships	3	2025-05-09 20:05:11.607262+00
3	players:1_2	1	2025-05-09 20:05:11.717045+00
4	players:5_6	1	2025-05-09 20:05:11.736032+00
5	players:3_4	1	2025-05-09 20:05:11.780574+00
6	players:7_8	1	2025-05-09 20:05:11.798708+00
7	hand:1	7	2025-05-09 20:05:32.630553+00
8	all-tables	7	2025-05-09 20:05:32.644817+00
9	system:player:1	7	2025-05-09 20:05:32.658441+00
10	system:player:5	7	2025-05-09 20:05:32.670805+00
11	system:player:2	7	2025-05-09 20:05:32.68031+00
12	system:player:6	7	2025-05-09 20:05:32.692411+00
\.


--
-- Data for Name: django_migrations; Type: TABLE DATA; Schema: public; Owner: postgres
--

COPY public.django_migrations (id, app, name, applied) FROM stdin;
1	contenttypes	0001_initial	2025-05-09 20:04:13.912628+00
2	auth	0001_initial	2025-05-09 20:04:13.954362+00
3	admin	0001_initial	2025-05-09 20:04:13.965437+00
4	admin	0002_logentry_remove_auto_add	2025-05-09 20:04:13.969473+00
5	admin	0003_logentry_add_action_flag_choices	2025-05-09 20:04:13.974221+00
6	contenttypes	0002_remove_content_type_name	2025-05-09 20:04:13.983568+00
7	auth	0002_alter_permission_name_max_length	2025-05-09 20:04:13.988952+00
8	auth	0003_alter_user_email_max_length	2025-05-09 20:04:13.99461+00
9	auth	0004_alter_user_username_opts	2025-05-09 20:04:13.999124+00
10	auth	0005_alter_user_last_login_null	2025-05-09 20:04:14.005017+00
11	auth	0006_require_contenttypes_0002	2025-05-09 20:04:14.008167+00
12	auth	0007_alter_validators_add_error_messages	2025-05-09 20:04:14.01321+00
13	auth	0008_alter_user_username_max_length	2025-05-09 20:04:14.024286+00
14	auth	0009_alter_user_last_name_max_length	2025-05-09 20:04:14.029832+00
15	auth	0010_alter_group_name_max_length	2025-05-09 20:04:14.036192+00
16	auth	0011_update_proxy_permissions	2025-05-09 20:04:14.04048+00
17	auth	0012_alter_user_first_name_max_length	2025-05-09 20:04:14.047088+00
18	app	0001_initial	2025-05-09 20:04:14.086472+00
19	app	0002_remove_seat_app_seat_direction_valid_and_more	2025-05-09 20:04:14.111037+00
20	app	0003_alter_player_partner_delete_call	2025-05-09 20:04:14.12002+00
21	app	0004_lobbymessage	2025-05-09 20:04:14.137051+00
22	app	0005_playermessage	2025-05-09 20:04:14.15601+00
23	app	0006_remove_playermessage_from_player_and_more	2025-05-09 20:04:14.200854+00
24	app	0007_lobby_remove_message_player_recipient_and_more	2025-05-09 20:04:14.280109+00
25	app	0008_remove_seat_no_more_than_one_player_per_table_and_more	2025-05-09 20:04:14.295381+00
26	app	0009_alter_seat_options	2025-05-09 20:04:14.301755+00
27	app	0010_player_app_player_cant_be_own_partner	2025-05-09 20:04:14.309421+00
28	app	0011_board	2025-05-09 20:04:14.322216+00
29	app	0012_remove_board_cards_board_east_cards_and_more	2025-05-09 20:04:14.332724+00
30	app	0013_handrecord_call_play	2025-05-09 20:04:14.359382+00
31	app	0014_remove_handrecord_seat_handrecord_table_and_more	2025-05-09 20:04:14.384341+00
32	app	0015_remove_board_table_handrecord_board	2025-05-09 20:04:14.406353+00
33	app	0016_usermitplaya	2025-05-09 20:04:14.422823+00
34	app	0017_player_is_human	2025-05-09 20:04:14.431769+00
35	app	0018_play_app_play_a_card_can_be_played_only_once	2025-05-09 20:04:14.437508+00
36	app	0019_alter_seat_player	2025-05-09 20:04:14.451302+00
37	app	0020_play_won_its_trick	2025-05-09 20:04:14.458266+00
38	app	0021_rename_handrecord_handaction	2025-05-09 20:04:14.484851+00
39	app	0022_rename_handaction_hand	2025-05-09 20:04:14.508546+00
40	app	0023_remove_player_is_human_and_more	2025-05-09 20:04:14.520749+00
41	app	0024_alter_hand_board_alter_seat_player	2025-05-09 20:04:14.55493+00
42	app	0025_hand_open_access	2025-05-09 20:04:14.561707+00
43	app	0026_alter_hand_open_access	2025-05-09 20:04:14.567763+00
44	app	0027_remove_play_won_its_trick	2025-05-09 20:04:14.572795+00
45	app	0028_remove_seat_app_seat_direction_valid_and_more	2025-05-09 20:04:14.591698+00
46	app	0029_table_tempo_seconds	2025-05-09 20:04:14.600194+00
47	app	0030_board_number	2025-05-09 20:04:14.605932+00
48	app	0031_auto_20241106_1511	2025-05-09 20:04:14.616071+00
49	app	0032_alter_board_number	2025-05-09 20:04:14.622265+00
50	app	0033_player_currently_seated	2025-05-09 20:04:14.630507+00
51	app	0034_auto_20241118_1952	2025-05-09 20:04:14.639338+00
52	app	0035_remove_seat_app_seat_no_more_than_one_seat_per_player	2025-05-09 20:04:14.645229+00
53	app	0033_tournament_remove_board_number_board_tournament	2025-05-09 20:04:14.660453+00
54	app	0034_backfill_tournaments	2025-05-09 20:04:14.668654+00
55	app	0035_alter_board_tournament	2025-05-09 20:04:14.681486+00
56	app	0036_merge_20241119_0336	2025-05-09 20:04:14.685019+00
57	app	0037_alter_table_tempo_seconds	2025-05-09 20:04:14.689449+00
58	app	0038_alter_table_tempo_seconds	2025-05-09 20:04:14.692636+00
59	app	0039_remove_player_allow_bot_to_play_for_me_botplayer	2025-05-09 20:04:14.712184+00
60	app	0040_board_dealer_letter_seat_direction_letter	2025-05-09 20:04:14.723668+00
61	app	0041_auto_20250113_1941	2025-05-09 20:04:14.732717+00
62	app	0042_board_app_board_dealer_must_be_compass_letter_and_more	2025-05-09 20:04:14.74121+00
63	app	0043_remove_board_app_board_dealer_must_be_compass_letter_and_more	2025-05-09 20:04:14.747905+00
64	app	0044_alter_seat_options_and_more	2025-05-09 20:04:14.783+00
65	app	0045_hand_app_hand_a_board_can_be_played_only_once_at_a_given_table	2025-05-09 20:04:14.790776+00
66	app	0046_player_boards_played	2025-05-09 20:04:14.806048+00
67	app	0047_auto_20250119_0005	2025-05-09 20:04:14.814534+00
68	app	0048_alter_botplayer_player	2025-05-09 20:04:14.834578+00
69	app	0049_alter_botplayer_player	2025-05-09 20:04:14.852834+00
70	app	0050_board_display_number	2025-05-09 20:04:14.86017+00
71	app	0051_auto_20250119_1709	2025-05-09 20:04:14.869498+00
72	app	0052_alter_board_display_number	2025-05-09 20:04:14.880365+00
73	app	0053_tournament_is_complete	2025-05-09 20:04:14.88778+00
74	app	0054_table_tournament	2025-05-09 20:04:14.903318+00
75	app	0055_auto_20250123_2237	2025-05-09 20:04:14.92068+00
76	app	0056_alter_table_tournament	2025-05-09 20:04:14.939871+00
77	app	0057_alter_seat_player	2025-05-09 20:04:14.951996+00
78	app	0058_player_synthetic	2025-05-09 20:04:14.960928+00
79	app	0059_player_allow_bot_to_play_for_me_delete_botplayer	2025-05-09 20:04:14.971772+00
80	app	0060_auto_20250201_1715	2025-05-09 20:04:14.98219+00
81	app	0061_player_synthetic_players_must_allow_bot_to_play_for_them	2025-05-09 20:04:14.991487+00
82	app	0062_tournament_display_number	2025-05-09 20:04:14.996998+00
83	app	0063_auto_20250205_0328	2025-05-09 20:04:15.006901+00
84	app	0064_alter_tournament_display_number	2025-05-09 20:04:15.014477+00
85	app	0065_hand_abandoned_because_and_more	2025-05-09 20:04:15.026432+00
86	app	0066_tournament_app_tournament_play_deadline_must_follow_signup_deadline	2025-05-09 20:04:15.032426+00
87	app	0067_alter_tournament_play_completion_deadline_and_more	2025-05-09 20:04:15.042972+00
88	app	0068_board_app_board_display_number_unique_per_tournament	2025-05-09 20:04:15.050167+00
89	app	0069_tournamentsignups	2025-05-09 20:04:15.06856+00
90	app	0070_alter_tournamentsignups_player	2025-05-09 20:04:15.08703+00
91	app	0071_rename_tournamentsignups_tournamentsignup	2025-05-09 20:04:15.105172+00
92	app	0072_alter_tournament_play_completion_deadline_and_more	2025-05-09 20:04:15.111961+00
93	app	0073_alter_call_options_call_created_call_modified_and_more	2025-05-09 20:04:15.147209+00
94	app	0074_seat_app_seat_no_more_than_four_directions_per_table_and_more	2025-05-09 20:04:15.158737+00
95	app	0075_add_new_hand_attributes	2025-05-09 20:04:15.201914+00
96	app	0076_backfill_new_hand_attributes	2025-05-09 20:04:15.214526+00
97	app	0077_remove_seat_player_remove_seat_table_and_more	2025-05-09 20:04:15.291256+00
98	app	0078_board_group_tournament_boards_per_round_per_table	2025-05-09 20:04:15.301887+00
99	app	0079_remove_tournament_app_tournament_cant_have_just_one_deadline_and_more	2025-05-09 20:04:15.310097+00
100	app	0080_alter_hand_options	2025-05-09 20:04:15.316855+00
101	app	0081_alter_hand_east_alter_hand_north_alter_hand_south_and_more	2025-05-09 20:04:15.375833+00
102	app	0082_tournament_app_tournament_display_number_unique	2025-05-09 20:04:15.383588+00
103	app	0083_hand_app_hand_a_board_can_be_played_only_once_at_a_given_table	2025-05-09 20:04:15.391435+00
104	app	0084_auto_20250501_2048	2025-05-09 20:04:15.401033+00
105	app	0085_alter_tournament_play_completion_deadline_and_more	2025-05-09 20:04:15.408436+00
106	app	0086_alter_tournament_play_completion_deadline	2025-05-09 20:04:15.413597+00
107	django_eventstream	0001_initial	2025-05-09 20:04:15.430603+00
108	sessions	0001_initial	2025-05-09 20:04:15.441924+00
\.


--
-- Data for Name: django_session; Type: TABLE DATA; Schema: public; Owner: postgres
--

COPY public.django_session (session_key, session_data, expire_date) FROM stdin;
fa68glqd8jay9hq8jyuwncid60bk73lo	.eJxVjMEOwiAQBf-Fs6ksFLDe6lm_gcCy2GqFpNCLxn_XJr30-mbmfVigSlgp2PpmZ9a_aB7RHa-52D7daaLCDsy6pQ52KTTbMfwt2G_e4ZPSCsLDpXtuMKc6j75ZlWajpbnlQNNlc3cHgyvDWivRKm8IhIAOjI4YY-w6obGVwqGTHsEYLaM6ATnufeCAEbxqORDXkn1_ROJEYw:1uDTxp:GxfrmE2opQBu1hAs1aMGkBynMVsQTDRwqpqhnbHtC-k	2025-05-23 20:04:57.562912+00
fjpadpoecxjcipmrguft5nbye9vzuf5d	.eJxVjEsOwjAMBe-SNYpoTBKHJfueoXJslxZQIvWzQtydVuoCtm9m3tt0tC5Dt846daOYq0nm9Ltl4qeWHciDyr1armWZxmx3xR50tm0Vfd0O9-9goHnYan8mFyT46AQulGJDnGLmvkdAYBUUDgjSQIycBBoU8OiSpM1AZTWfL-VRODY:1uDTyp:ACSDe2n4vYENnhChpykjIpwiqr0PHyETlOPgaOvRc8I	2025-05-23 20:05:59.528051+00
\.


--
-- Name: app_board_id_seq; Type: SEQUENCE SET; Schema: public; Owner: postgres
--

SELECT pg_catalog.setval('public.app_board_id_seq', 6, true);


--
-- Name: app_call_id_seq; Type: SEQUENCE SET; Schema: public; Owner: postgres
--

SELECT pg_catalog.setval('public.app_call_id_seq', 4, true);


--
-- Name: app_handrecord_id_seq; Type: SEQUENCE SET; Schema: public; Owner: postgres
--

SELECT pg_catalog.setval('public.app_handrecord_id_seq', 2, true);


--
-- Name: app_lobby_id_seq; Type: SEQUENCE SET; Schema: public; Owner: postgres
--

SELECT pg_catalog.setval('public.app_lobby_id_seq', 1, true);


--
-- Name: app_message_id_seq; Type: SEQUENCE SET; Schema: public; Owner: postgres
--

SELECT pg_catalog.setval('public.app_message_id_seq', 3, true);


--
-- Name: app_play_id_seq; Type: SEQUENCE SET; Schema: public; Owner: postgres
--

SELECT pg_catalog.setval('public.app_play_id_seq', 1, true);


--
-- Name: app_player_id_seq; Type: SEQUENCE SET; Schema: public; Owner: postgres
--

SELECT pg_catalog.setval('public.app_player_id_seq', 8, true);


--
-- Name: app_tournament_id_seq; Type: SEQUENCE SET; Schema: public; Owner: postgres
--

SELECT pg_catalog.setval('public.app_tournament_id_seq', 1, true);


--
-- Name: app_tournamentsignups_id_seq; Type: SEQUENCE SET; Schema: public; Owner: postgres
--

SELECT pg_catalog.setval('public.app_tournamentsignups_id_seq', 8, true);


--
-- Name: auth_group_id_seq; Type: SEQUENCE SET; Schema: public; Owner: postgres
--

SELECT pg_catalog.setval('public.auth_group_id_seq', 1, false);


--
-- Name: auth_group_permissions_id_seq; Type: SEQUENCE SET; Schema: public; Owner: postgres
--

SELECT pg_catalog.setval('public.auth_group_permissions_id_seq', 1, false);


--
-- Name: auth_permission_id_seq; Type: SEQUENCE SET; Schema: public; Owner: postgres
--

SELECT pg_catalog.setval('public.auth_permission_id_seq', 72, true);


--
-- Name: auth_user_groups_id_seq; Type: SEQUENCE SET; Schema: public; Owner: postgres
--

SELECT pg_catalog.setval('public.auth_user_groups_id_seq', 1, false);


--
-- Name: auth_user_id_seq; Type: SEQUENCE SET; Schema: public; Owner: postgres
--

SELECT pg_catalog.setval('public.auth_user_id_seq', 9, true);


--
-- Name: auth_user_user_permissions_id_seq; Type: SEQUENCE SET; Schema: public; Owner: postgres
--

SELECT pg_catalog.setval('public.auth_user_user_permissions_id_seq', 1, false);


--
-- Name: django_admin_log_id_seq; Type: SEQUENCE SET; Schema: public; Owner: postgres
--

SELECT pg_catalog.setval('public.django_admin_log_id_seq', 1, true);


--
-- Name: django_content_type_id_seq; Type: SEQUENCE SET; Schema: public; Owner: postgres
--

SELECT pg_catalog.setval('public.django_content_type_id_seq', 18, true);


--
-- Name: django_eventstream_event_id_seq; Type: SEQUENCE SET; Schema: public; Owner: postgres
--

SELECT pg_catalog.setval('public.django_eventstream_event_id_seq', 64, true);


--
-- Name: django_eventstream_eventcounter_id_seq; Type: SEQUENCE SET; Schema: public; Owner: postgres
--

SELECT pg_catalog.setval('public.django_eventstream_eventcounter_id_seq', 12, true);


--
-- Name: django_migrations_id_seq; Type: SEQUENCE SET; Schema: public; Owner: postgres
--

SELECT pg_catalog.setval('public.django_migrations_id_seq', 108, true);


--
-- Name: app_board app_board_display_number_unique_per_tournament; Type: CONSTRAINT; Schema: public; Owner: postgres
--

ALTER TABLE ONLY public.app_board
    ADD CONSTRAINT app_board_display_number_unique_per_tournament UNIQUE (display_number, tournament_id);


--
-- Name: app_board app_board_pkey; Type: CONSTRAINT; Schema: public; Owner: postgres
--

ALTER TABLE ONLY public.app_board
    ADD CONSTRAINT app_board_pkey PRIMARY KEY (id);


--
-- Name: app_call app_call_pkey; Type: CONSTRAINT; Schema: public; Owner: postgres
--

ALTER TABLE ONLY public.app_call
    ADD CONSTRAINT app_call_pkey PRIMARY KEY (id);


--
-- Name: app_hand app_hand_a_board_can_be_played_only_once_at_a_given_table; Type: CONSTRAINT; Schema: public; Owner: postgres
--

ALTER TABLE ONLY public.app_hand
    ADD CONSTRAINT app_hand_a_board_can_be_played_only_once_at_a_given_table UNIQUE (board_id, table_display_number);


--
-- Name: app_hand app_hand_a_board_can_be_played_only_once_by_four_players; Type: CONSTRAINT; Schema: public; Owner: postgres
--

ALTER TABLE ONLY public.app_hand
    ADD CONSTRAINT app_hand_a_board_can_be_played_only_once_by_four_players UNIQUE (board_id, "North_id", "East_id", "South_id", "West_id");


--
-- Name: app_hand app_handrecord_pkey; Type: CONSTRAINT; Schema: public; Owner: postgres
--

ALTER TABLE ONLY public.app_hand
    ADD CONSTRAINT app_handrecord_pkey PRIMARY KEY (id);


--
-- Name: app_lobby app_lobby_pkey; Type: CONSTRAINT; Schema: public; Owner: postgres
--

ALTER TABLE ONLY public.app_lobby
    ADD CONSTRAINT app_lobby_pkey PRIMARY KEY (id);


--
-- Name: app_message app_message_pkey; Type: CONSTRAINT; Schema: public; Owner: postgres
--

ALTER TABLE ONLY public.app_message
    ADD CONSTRAINT app_message_pkey PRIMARY KEY (id);


--
-- Name: app_play app_play_a_card_can_be_played_only_once; Type: CONSTRAINT; Schema: public; Owner: postgres
--

ALTER TABLE ONLY public.app_play
    ADD CONSTRAINT app_play_a_card_can_be_played_only_once UNIQUE (hand_id, serialized);


--
-- Name: app_play app_play_pkey; Type: CONSTRAINT; Schema: public; Owner: postgres
--

ALTER TABLE ONLY public.app_play
    ADD CONSTRAINT app_play_pkey PRIMARY KEY (id);


--
-- Name: app_player app_player_pkey; Type: CONSTRAINT; Schema: public; Owner: postgres
--

ALTER TABLE ONLY public.app_player
    ADD CONSTRAINT app_player_pkey PRIMARY KEY (id);


--
-- Name: app_player app_player_user_id_key; Type: CONSTRAINT; Schema: public; Owner: postgres
--

ALTER TABLE ONLY public.app_player
    ADD CONSTRAINT app_player_user_id_key UNIQUE (user_id);


--
-- Name: app_tournament app_tournament_display_number_62e5f385_uniq; Type: CONSTRAINT; Schema: public; Owner: postgres
--

ALTER TABLE ONLY public.app_tournament
    ADD CONSTRAINT app_tournament_display_number_62e5f385_uniq UNIQUE (display_number);


--
-- Name: app_tournament app_tournament_display_number_unique; Type: CONSTRAINT; Schema: public; Owner: postgres
--

ALTER TABLE ONLY public.app_tournament
    ADD CONSTRAINT app_tournament_display_number_unique UNIQUE (display_number);


--
-- Name: app_tournament app_tournament_pkey; Type: CONSTRAINT; Schema: public; Owner: postgres
--

ALTER TABLE ONLY public.app_tournament
    ADD CONSTRAINT app_tournament_pkey PRIMARY KEY (id);


--
-- Name: app_tournamentsignup app_tournamentsignups_pkey; Type: CONSTRAINT; Schema: public; Owner: postgres
--

ALTER TABLE ONLY public.app_tournamentsignup
    ADD CONSTRAINT app_tournamentsignups_pkey PRIMARY KEY (id);


--
-- Name: app_tournamentsignup app_tournamentsignups_player_id_29adbee4_uniq; Type: CONSTRAINT; Schema: public; Owner: postgres
--

ALTER TABLE ONLY public.app_tournamentsignup
    ADD CONSTRAINT app_tournamentsignups_player_id_29adbee4_uniq UNIQUE (player_id);


--
-- Name: app_usermitplaya app_usermitplaya_pkey; Type: CONSTRAINT; Schema: public; Owner: postgres
--

ALTER TABLE ONLY public.app_usermitplaya
    ADD CONSTRAINT app_usermitplaya_pkey PRIMARY KEY (user_ptr_id);


--
-- Name: auth_group auth_group_name_key; Type: CONSTRAINT; Schema: public; Owner: postgres
--

ALTER TABLE ONLY public.auth_group
    ADD CONSTRAINT auth_group_name_key UNIQUE (name);


--
-- Name: auth_group_permissions auth_group_permissions_group_id_permission_id_0cd325b0_uniq; Type: CONSTRAINT; Schema: public; Owner: postgres
--

ALTER TABLE ONLY public.auth_group_permissions
    ADD CONSTRAINT auth_group_permissions_group_id_permission_id_0cd325b0_uniq UNIQUE (group_id, permission_id);


--
-- Name: auth_group_permissions auth_group_permissions_pkey; Type: CONSTRAINT; Schema: public; Owner: postgres
--

ALTER TABLE ONLY public.auth_group_permissions
    ADD CONSTRAINT auth_group_permissions_pkey PRIMARY KEY (id);


--
-- Name: auth_group auth_group_pkey; Type: CONSTRAINT; Schema: public; Owner: postgres
--

ALTER TABLE ONLY public.auth_group
    ADD CONSTRAINT auth_group_pkey PRIMARY KEY (id);


--
-- Name: auth_permission auth_permission_content_type_id_codename_01ab375a_uniq; Type: CONSTRAINT; Schema: public; Owner: postgres
--

ALTER TABLE ONLY public.auth_permission
    ADD CONSTRAINT auth_permission_content_type_id_codename_01ab375a_uniq UNIQUE (content_type_id, codename);


--
-- Name: auth_permission auth_permission_pkey; Type: CONSTRAINT; Schema: public; Owner: postgres
--

ALTER TABLE ONLY public.auth_permission
    ADD CONSTRAINT auth_permission_pkey PRIMARY KEY (id);


--
-- Name: auth_user_groups auth_user_groups_pkey; Type: CONSTRAINT; Schema: public; Owner: postgres
--

ALTER TABLE ONLY public.auth_user_groups
    ADD CONSTRAINT auth_user_groups_pkey PRIMARY KEY (id);


--
-- Name: auth_user_groups auth_user_groups_user_id_group_id_94350c0c_uniq; Type: CONSTRAINT; Schema: public; Owner: postgres
--

ALTER TABLE ONLY public.auth_user_groups
    ADD CONSTRAINT auth_user_groups_user_id_group_id_94350c0c_uniq UNIQUE (user_id, group_id);


--
-- Name: auth_user auth_user_pkey; Type: CONSTRAINT; Schema: public; Owner: postgres
--

ALTER TABLE ONLY public.auth_user
    ADD CONSTRAINT auth_user_pkey PRIMARY KEY (id);


--
-- Name: auth_user_user_permissions auth_user_user_permissions_pkey; Type: CONSTRAINT; Schema: public; Owner: postgres
--

ALTER TABLE ONLY public.auth_user_user_permissions
    ADD CONSTRAINT auth_user_user_permissions_pkey PRIMARY KEY (id);


--
-- Name: auth_user_user_permissions auth_user_user_permissions_user_id_permission_id_14a6b632_uniq; Type: CONSTRAINT; Schema: public; Owner: postgres
--

ALTER TABLE ONLY public.auth_user_user_permissions
    ADD CONSTRAINT auth_user_user_permissions_user_id_permission_id_14a6b632_uniq UNIQUE (user_id, permission_id);


--
-- Name: auth_user auth_user_username_key; Type: CONSTRAINT; Schema: public; Owner: postgres
--

ALTER TABLE ONLY public.auth_user
    ADD CONSTRAINT auth_user_username_key UNIQUE (username);


--
-- Name: django_admin_log django_admin_log_pkey; Type: CONSTRAINT; Schema: public; Owner: postgres
--

ALTER TABLE ONLY public.django_admin_log
    ADD CONSTRAINT django_admin_log_pkey PRIMARY KEY (id);


--
-- Name: django_content_type django_content_type_app_label_model_76bd3d3b_uniq; Type: CONSTRAINT; Schema: public; Owner: postgres
--

ALTER TABLE ONLY public.django_content_type
    ADD CONSTRAINT django_content_type_app_label_model_76bd3d3b_uniq UNIQUE (app_label, model);


--
-- Name: django_content_type django_content_type_pkey; Type: CONSTRAINT; Schema: public; Owner: postgres
--

ALTER TABLE ONLY public.django_content_type
    ADD CONSTRAINT django_content_type_pkey PRIMARY KEY (id);


--
-- Name: django_eventstream_event django_eventstream_event_channel_eid_20f68a1a_uniq; Type: CONSTRAINT; Schema: public; Owner: postgres
--

ALTER TABLE ONLY public.django_eventstream_event
    ADD CONSTRAINT django_eventstream_event_channel_eid_20f68a1a_uniq UNIQUE (channel, eid);


--
-- Name: django_eventstream_event django_eventstream_event_pkey; Type: CONSTRAINT; Schema: public; Owner: postgres
--

ALTER TABLE ONLY public.django_eventstream_event
    ADD CONSTRAINT django_eventstream_event_pkey PRIMARY KEY (id);


--
-- Name: django_eventstream_eventcounter django_eventstream_eventcounter_name_key; Type: CONSTRAINT; Schema: public; Owner: postgres
--

ALTER TABLE ONLY public.django_eventstream_eventcounter
    ADD CONSTRAINT django_eventstream_eventcounter_name_key UNIQUE (name);


--
-- Name: django_eventstream_eventcounter django_eventstream_eventcounter_pkey; Type: CONSTRAINT; Schema: public; Owner: postgres
--

ALTER TABLE ONLY public.django_eventstream_eventcounter
    ADD CONSTRAINT django_eventstream_eventcounter_pkey PRIMARY KEY (id);


--
-- Name: django_migrations django_migrations_pkey; Type: CONSTRAINT; Schema: public; Owner: postgres
--

ALTER TABLE ONLY public.django_migrations
    ADD CONSTRAINT django_migrations_pkey PRIMARY KEY (id);


--
-- Name: django_session django_session_pkey; Type: CONSTRAINT; Schema: public; Owner: postgres
--

ALTER TABLE ONLY public.django_session
    ADD CONSTRAINT django_session_pkey PRIMARY KEY (session_key);


--
-- Name: app_board_tournament_id_b31f4fc4; Type: INDEX; Schema: public; Owner: postgres
--

CREATE INDEX app_board_tournament_id_b31f4fc4 ON public.app_board USING btree (tournament_id);


--
-- Name: app_call_hand_id_248286e2; Type: INDEX; Schema: public; Owner: postgres
--

CREATE INDEX app_call_hand_id_248286e2 ON public.app_call USING btree (hand_id);


--
-- Name: app_hand_East_id_9ebb3cd0; Type: INDEX; Schema: public; Owner: postgres
--

CREATE INDEX "app_hand_East_id_9ebb3cd0" ON public.app_hand USING btree ("East_id");


--
-- Name: app_hand_North_id_8a0e6b49; Type: INDEX; Schema: public; Owner: postgres
--

CREATE INDEX "app_hand_North_id_8a0e6b49" ON public.app_hand USING btree ("North_id");


--
-- Name: app_hand_South_id_c27dc7ca; Type: INDEX; Schema: public; Owner: postgres
--

CREATE INDEX "app_hand_South_id_c27dc7ca" ON public.app_hand USING btree ("South_id");


--
-- Name: app_hand_West_id_481188f8; Type: INDEX; Schema: public; Owner: postgres
--

CREATE INDEX "app_hand_West_id_481188f8" ON public.app_hand USING btree ("West_id");


--
-- Name: app_hand_board_id_545228db; Type: INDEX; Schema: public; Owner: postgres
--

CREATE INDEX app_hand_board_id_545228db ON public.app_hand USING btree (board_id);


--
-- Name: app_message_from_player_id_2b61a823; Type: INDEX; Schema: public; Owner: postgres
--

CREATE INDEX app_message_from_player_id_2b61a823 ON public.app_message USING btree (from_player_id);


--
-- Name: app_message_recipie_1391da_idx; Type: INDEX; Schema: public; Owner: postgres
--

CREATE INDEX app_message_recipie_1391da_idx ON public.app_message USING btree (recipient_content_type_id, recipient_object_id);


--
-- Name: app_message_recipient_content_type_id_ec3ce733; Type: INDEX; Schema: public; Owner: postgres
--

CREATE INDEX app_message_recipient_content_type_id_ec3ce733 ON public.app_message USING btree (recipient_content_type_id);


--
-- Name: app_play_hand_id_566ea18e; Type: INDEX; Schema: public; Owner: postgres
--

CREATE INDEX app_play_hand_id_566ea18e ON public.app_play USING btree (hand_id);


--
-- Name: app_player_partner_id_150ac39a; Type: INDEX; Schema: public; Owner: postgres
--

CREATE INDEX app_player_partner_id_150ac39a ON public.app_player USING btree (partner_id);


--
-- Name: app_tournamentsignups_tournament_id_aad9b5e0; Type: INDEX; Schema: public; Owner: postgres
--

CREATE INDEX app_tournamentsignups_tournament_id_aad9b5e0 ON public.app_tournamentsignup USING btree (tournament_id);


--
-- Name: auth_group_name_a6ea08ec_like; Type: INDEX; Schema: public; Owner: postgres
--

CREATE INDEX auth_group_name_a6ea08ec_like ON public.auth_group USING btree (name varchar_pattern_ops);


--
-- Name: auth_group_permissions_group_id_b120cbf9; Type: INDEX; Schema: public; Owner: postgres
--

CREATE INDEX auth_group_permissions_group_id_b120cbf9 ON public.auth_group_permissions USING btree (group_id);


--
-- Name: auth_group_permissions_permission_id_84c5c92e; Type: INDEX; Schema: public; Owner: postgres
--

CREATE INDEX auth_group_permissions_permission_id_84c5c92e ON public.auth_group_permissions USING btree (permission_id);


--
-- Name: auth_permission_content_type_id_2f476e4b; Type: INDEX; Schema: public; Owner: postgres
--

CREATE INDEX auth_permission_content_type_id_2f476e4b ON public.auth_permission USING btree (content_type_id);


--
-- Name: auth_user_groups_group_id_97559544; Type: INDEX; Schema: public; Owner: postgres
--

CREATE INDEX auth_user_groups_group_id_97559544 ON public.auth_user_groups USING btree (group_id);


--
-- Name: auth_user_groups_user_id_6a12ed8b; Type: INDEX; Schema: public; Owner: postgres
--

CREATE INDEX auth_user_groups_user_id_6a12ed8b ON public.auth_user_groups USING btree (user_id);


--
-- Name: auth_user_user_permissions_permission_id_1fbb5f2c; Type: INDEX; Schema: public; Owner: postgres
--

CREATE INDEX auth_user_user_permissions_permission_id_1fbb5f2c ON public.auth_user_user_permissions USING btree (permission_id);


--
-- Name: auth_user_user_permissions_user_id_a95ead1b; Type: INDEX; Schema: public; Owner: postgres
--

CREATE INDEX auth_user_user_permissions_user_id_a95ead1b ON public.auth_user_user_permissions USING btree (user_id);


--
-- Name: auth_user_username_6821ab7c_like; Type: INDEX; Schema: public; Owner: postgres
--

CREATE INDEX auth_user_username_6821ab7c_like ON public.auth_user USING btree (username varchar_pattern_ops);


--
-- Name: django_admin_log_content_type_id_c4bce8eb; Type: INDEX; Schema: public; Owner: postgres
--

CREATE INDEX django_admin_log_content_type_id_c4bce8eb ON public.django_admin_log USING btree (content_type_id);


--
-- Name: django_admin_log_user_id_c564eba6; Type: INDEX; Schema: public; Owner: postgres
--

CREATE INDEX django_admin_log_user_id_c564eba6 ON public.django_admin_log USING btree (user_id);


--
-- Name: django_eventstream_event_channel_49bacd5e; Type: INDEX; Schema: public; Owner: postgres
--

CREATE INDEX django_eventstream_event_channel_49bacd5e ON public.django_eventstream_event USING btree (channel);


--
-- Name: django_eventstream_event_channel_49bacd5e_like; Type: INDEX; Schema: public; Owner: postgres
--

CREATE INDEX django_eventstream_event_channel_49bacd5e_like ON public.django_eventstream_event USING btree (channel varchar_pattern_ops);


--
-- Name: django_eventstream_event_created_039c5d02; Type: INDEX; Schema: public; Owner: postgres
--

CREATE INDEX django_eventstream_event_created_039c5d02 ON public.django_eventstream_event USING btree (created);


--
-- Name: django_eventstream_event_eid_2da5c1c0; Type: INDEX; Schema: public; Owner: postgres
--

CREATE INDEX django_eventstream_event_eid_2da5c1c0 ON public.django_eventstream_event USING btree (eid);


--
-- Name: django_eventstream_event_type_0e7a664e; Type: INDEX; Schema: public; Owner: postgres
--

CREATE INDEX django_eventstream_event_type_0e7a664e ON public.django_eventstream_event USING btree (type);


--
-- Name: django_eventstream_event_type_0e7a664e_like; Type: INDEX; Schema: public; Owner: postgres
--

CREATE INDEX django_eventstream_event_type_0e7a664e_like ON public.django_eventstream_event USING btree (type varchar_pattern_ops);


--
-- Name: django_eventstream_eventcounter_name_3f2f7780_like; Type: INDEX; Schema: public; Owner: postgres
--

CREATE INDEX django_eventstream_eventcounter_name_3f2f7780_like ON public.django_eventstream_eventcounter USING btree (name varchar_pattern_ops);


--
-- Name: django_eventstream_eventcounter_updated_0b6f9a25; Type: INDEX; Schema: public; Owner: postgres
--

CREATE INDEX django_eventstream_eventcounter_updated_0b6f9a25 ON public.django_eventstream_eventcounter USING btree (updated);


--
-- Name: django_session_expire_date_a5c62663; Type: INDEX; Schema: public; Owner: postgres
--

CREATE INDEX django_session_expire_date_a5c62663 ON public.django_session USING btree (expire_date);


--
-- Name: django_session_session_key_c0390e0f_like; Type: INDEX; Schema: public; Owner: postgres
--

CREATE INDEX django_session_session_key_c0390e0f_like ON public.django_session USING btree (session_key varchar_pattern_ops);


--
-- Name: app_board app_board_tournament_id_b31f4fc4_fk_app_tournament_id; Type: FK CONSTRAINT; Schema: public; Owner: postgres
--

ALTER TABLE ONLY public.app_board
    ADD CONSTRAINT app_board_tournament_id_b31f4fc4_fk_app_tournament_id FOREIGN KEY (tournament_id) REFERENCES public.app_tournament(id) DEFERRABLE INITIALLY DEFERRED;


--
-- Name: app_call app_call_hand_id_248286e2_fk_app_hand_id; Type: FK CONSTRAINT; Schema: public; Owner: postgres
--

ALTER TABLE ONLY public.app_call
    ADD CONSTRAINT app_call_hand_id_248286e2_fk_app_hand_id FOREIGN KEY (hand_id) REFERENCES public.app_hand(id) DEFERRABLE INITIALLY DEFERRED;


--
-- Name: app_hand app_hand_East_id_9ebb3cd0_fk_app_player_id; Type: FK CONSTRAINT; Schema: public; Owner: postgres
--

ALTER TABLE ONLY public.app_hand
    ADD CONSTRAINT "app_hand_East_id_9ebb3cd0_fk_app_player_id" FOREIGN KEY ("East_id") REFERENCES public.app_player(id) DEFERRABLE INITIALLY DEFERRED;


--
-- Name: app_hand app_hand_North_id_8a0e6b49_fk_app_player_id; Type: FK CONSTRAINT; Schema: public; Owner: postgres
--

ALTER TABLE ONLY public.app_hand
    ADD CONSTRAINT "app_hand_North_id_8a0e6b49_fk_app_player_id" FOREIGN KEY ("North_id") REFERENCES public.app_player(id) DEFERRABLE INITIALLY DEFERRED;


--
-- Name: app_hand app_hand_South_id_c27dc7ca_fk_app_player_id; Type: FK CONSTRAINT; Schema: public; Owner: postgres
--

ALTER TABLE ONLY public.app_hand
    ADD CONSTRAINT "app_hand_South_id_c27dc7ca_fk_app_player_id" FOREIGN KEY ("South_id") REFERENCES public.app_player(id) DEFERRABLE INITIALLY DEFERRED;


--
-- Name: app_hand app_hand_West_id_481188f8_fk_app_player_id; Type: FK CONSTRAINT; Schema: public; Owner: postgres
--

ALTER TABLE ONLY public.app_hand
    ADD CONSTRAINT "app_hand_West_id_481188f8_fk_app_player_id" FOREIGN KEY ("West_id") REFERENCES public.app_player(id) DEFERRABLE INITIALLY DEFERRED;


--
-- Name: app_hand app_hand_board_id_545228db_fk_app_board_id; Type: FK CONSTRAINT; Schema: public; Owner: postgres
--

ALTER TABLE ONLY public.app_hand
    ADD CONSTRAINT app_hand_board_id_545228db_fk_app_board_id FOREIGN KEY (board_id) REFERENCES public.app_board(id) DEFERRABLE INITIALLY DEFERRED;


--
-- Name: app_message app_message_from_player_id_2b61a823_fk_app_player_id; Type: FK CONSTRAINT; Schema: public; Owner: postgres
--

ALTER TABLE ONLY public.app_message
    ADD CONSTRAINT app_message_from_player_id_2b61a823_fk_app_player_id FOREIGN KEY (from_player_id) REFERENCES public.app_player(id) DEFERRABLE INITIALLY DEFERRED;


--
-- Name: app_message app_message_recipient_content_ty_ec3ce733_fk_django_co; Type: FK CONSTRAINT; Schema: public; Owner: postgres
--

ALTER TABLE ONLY public.app_message
    ADD CONSTRAINT app_message_recipient_content_ty_ec3ce733_fk_django_co FOREIGN KEY (recipient_content_type_id) REFERENCES public.django_content_type(id) DEFERRABLE INITIALLY DEFERRED;


--
-- Name: app_play app_play_hand_id_566ea18e_fk_app_hand_id; Type: FK CONSTRAINT; Schema: public; Owner: postgres
--

ALTER TABLE ONLY public.app_play
    ADD CONSTRAINT app_play_hand_id_566ea18e_fk_app_hand_id FOREIGN KEY (hand_id) REFERENCES public.app_hand(id) DEFERRABLE INITIALLY DEFERRED;


--
-- Name: app_player app_player_partner_id_150ac39a_fk_app_player_id; Type: FK CONSTRAINT; Schema: public; Owner: postgres
--

ALTER TABLE ONLY public.app_player
    ADD CONSTRAINT app_player_partner_id_150ac39a_fk_app_player_id FOREIGN KEY (partner_id) REFERENCES public.app_player(id) DEFERRABLE INITIALLY DEFERRED;


--
-- Name: app_player app_player_user_id_5913fbad_fk_auth_user_id; Type: FK CONSTRAINT; Schema: public; Owner: postgres
--

ALTER TABLE ONLY public.app_player
    ADD CONSTRAINT app_player_user_id_5913fbad_fk_auth_user_id FOREIGN KEY (user_id) REFERENCES public.auth_user(id) DEFERRABLE INITIALLY DEFERRED;


--
-- Name: app_tournamentsignup app_tournamentsignup_tournament_id_aad9b5e0_fk_app_tourn; Type: FK CONSTRAINT; Schema: public; Owner: postgres
--

ALTER TABLE ONLY public.app_tournamentsignup
    ADD CONSTRAINT app_tournamentsignup_tournament_id_aad9b5e0_fk_app_tourn FOREIGN KEY (tournament_id) REFERENCES public.app_tournament(id) DEFERRABLE INITIALLY DEFERRED;


--
-- Name: app_tournamentsignup app_tournamentsignups_player_id_29adbee4_fk_app_player_id; Type: FK CONSTRAINT; Schema: public; Owner: postgres
--

ALTER TABLE ONLY public.app_tournamentsignup
    ADD CONSTRAINT app_tournamentsignups_player_id_29adbee4_fk_app_player_id FOREIGN KEY (player_id) REFERENCES public.app_player(id) DEFERRABLE INITIALLY DEFERRED;


--
-- Name: app_usermitplaya app_usermitplaya_user_ptr_id_4c841542_fk_auth_user_id; Type: FK CONSTRAINT; Schema: public; Owner: postgres
--

ALTER TABLE ONLY public.app_usermitplaya
    ADD CONSTRAINT app_usermitplaya_user_ptr_id_4c841542_fk_auth_user_id FOREIGN KEY (user_ptr_id) REFERENCES public.auth_user(id) DEFERRABLE INITIALLY DEFERRED;


--
-- Name: auth_group_permissions auth_group_permissio_permission_id_84c5c92e_fk_auth_perm; Type: FK CONSTRAINT; Schema: public; Owner: postgres
--

ALTER TABLE ONLY public.auth_group_permissions
    ADD CONSTRAINT auth_group_permissio_permission_id_84c5c92e_fk_auth_perm FOREIGN KEY (permission_id) REFERENCES public.auth_permission(id) DEFERRABLE INITIALLY DEFERRED;


--
-- Name: auth_group_permissions auth_group_permissions_group_id_b120cbf9_fk_auth_group_id; Type: FK CONSTRAINT; Schema: public; Owner: postgres
--

ALTER TABLE ONLY public.auth_group_permissions
    ADD CONSTRAINT auth_group_permissions_group_id_b120cbf9_fk_auth_group_id FOREIGN KEY (group_id) REFERENCES public.auth_group(id) DEFERRABLE INITIALLY DEFERRED;


--
-- Name: auth_permission auth_permission_content_type_id_2f476e4b_fk_django_co; Type: FK CONSTRAINT; Schema: public; Owner: postgres
--

ALTER TABLE ONLY public.auth_permission
    ADD CONSTRAINT auth_permission_content_type_id_2f476e4b_fk_django_co FOREIGN KEY (content_type_id) REFERENCES public.django_content_type(id) DEFERRABLE INITIALLY DEFERRED;


--
-- Name: auth_user_groups auth_user_groups_group_id_97559544_fk_auth_group_id; Type: FK CONSTRAINT; Schema: public; Owner: postgres
--

ALTER TABLE ONLY public.auth_user_groups
    ADD CONSTRAINT auth_user_groups_group_id_97559544_fk_auth_group_id FOREIGN KEY (group_id) REFERENCES public.auth_group(id) DEFERRABLE INITIALLY DEFERRED;


--
-- Name: auth_user_groups auth_user_groups_user_id_6a12ed8b_fk_auth_user_id; Type: FK CONSTRAINT; Schema: public; Owner: postgres
--

ALTER TABLE ONLY public.auth_user_groups
    ADD CONSTRAINT auth_user_groups_user_id_6a12ed8b_fk_auth_user_id FOREIGN KEY (user_id) REFERENCES public.auth_user(id) DEFERRABLE INITIALLY DEFERRED;


--
-- Name: auth_user_user_permissions auth_user_user_permi_permission_id_1fbb5f2c_fk_auth_perm; Type: FK CONSTRAINT; Schema: public; Owner: postgres
--

ALTER TABLE ONLY public.auth_user_user_permissions
    ADD CONSTRAINT auth_user_user_permi_permission_id_1fbb5f2c_fk_auth_perm FOREIGN KEY (permission_id) REFERENCES public.auth_permission(id) DEFERRABLE INITIALLY DEFERRED;


--
-- Name: auth_user_user_permissions auth_user_user_permissions_user_id_a95ead1b_fk_auth_user_id; Type: FK CONSTRAINT; Schema: public; Owner: postgres
--

ALTER TABLE ONLY public.auth_user_user_permissions
    ADD CONSTRAINT auth_user_user_permissions_user_id_a95ead1b_fk_auth_user_id FOREIGN KEY (user_id) REFERENCES public.auth_user(id) DEFERRABLE INITIALLY DEFERRED;


--
-- Name: django_admin_log django_admin_log_content_type_id_c4bce8eb_fk_django_co; Type: FK CONSTRAINT; Schema: public; Owner: postgres
--

ALTER TABLE ONLY public.django_admin_log
    ADD CONSTRAINT django_admin_log_content_type_id_c4bce8eb_fk_django_co FOREIGN KEY (content_type_id) REFERENCES public.django_content_type(id) DEFERRABLE INITIALLY DEFERRED;


--
-- Name: django_admin_log django_admin_log_user_id_c564eba6_fk_auth_user_id; Type: FK CONSTRAINT; Schema: public; Owner: postgres
--

ALTER TABLE ONLY public.django_admin_log
    ADD CONSTRAINT django_admin_log_user_id_c564eba6_fk_auth_user_id FOREIGN KEY (user_id) REFERENCES public.auth_user(id) DEFERRABLE INITIALLY DEFERRED;


--
-- PostgreSQL database dump complete
--

