--
-- PostgreSQL database dump
--

-- Dumped from database version 17.2 (Debian 17.2-1.pgdg120+1)
-- Dumped by pg_dump version 17.2 (Debian 17.2-1.pgdg120+1)

SET statement_timeout = 0;
SET lock_timeout = 0;
SET idle_in_transaction_session_timeout = 0;
SET transaction_timeout = 0;
SET client_encoding = 'UTF8';
SET standard_conforming_strings = on;
SELECT pg_catalog.set_config('search_path', '', false);
SET check_function_bodies = false;
SET xmloption = content;
SET client_min_messages = warning;
SET row_security = off;

SET default_tablespace = '';

SET default_table_access_method = heap;

--
-- Name: app_board; Type: TABLE; Schema: public; Owner: postgres
--

CREATE TABLE public.app_board (
    id bigint NOT NULL,
    ns_vulnerable boolean NOT NULL,
    ew_vulnerable boolean NOT NULL,
    east_cards character varying(26) NOT NULL,
    north_cards character varying(26) NOT NULL,
    south_cards character varying(26) NOT NULL,
    west_cards character varying(26) NOT NULL,
    tournament_id bigint NOT NULL,
    dealer character varying NOT NULL,
    display_number smallint NOT NULL,
    CONSTRAINT app_board_dealer_must_be_compass_letter CHECK (((dealer)::text = ANY ((ARRAY['N'::character varying, 'E'::character varying, 'S'::character varying, 'W'::character varying])::text[])))
);


ALTER TABLE public.app_board OWNER TO postgres;

--
-- Name: COLUMN app_board.dealer; Type: COMMENT; Schema: public; Owner: postgres
--

COMMENT ON COLUMN public.app_board.dealer IS 'corresponds to bridge library''s "direction" ';


--
-- Name: app_board_id_seq; Type: SEQUENCE; Schema: public; Owner: postgres
--

ALTER TABLE public.app_board ALTER COLUMN id ADD GENERATED BY DEFAULT AS IDENTITY (
    SEQUENCE NAME public.app_board_id_seq
    START WITH 1
    INCREMENT BY 1
    NO MINVALUE
    NO MAXVALUE
    CACHE 1
);


--
-- Name: app_call; Type: TABLE; Schema: public; Owner: postgres
--

CREATE TABLE public.app_call (
    id bigint NOT NULL,
    serialized character varying(10) NOT NULL,
    hand_id bigint NOT NULL
);


ALTER TABLE public.app_call OWNER TO postgres;

--
-- Name: COLUMN app_call.serialized; Type: COMMENT; Schema: public; Owner: postgres
--

COMMENT ON COLUMN public.app_call.serialized IS 'A short string with which we can create a bridge.contract.Call object';


--
-- Name: app_call_id_seq; Type: SEQUENCE; Schema: public; Owner: postgres
--

ALTER TABLE public.app_call ALTER COLUMN id ADD GENERATED BY DEFAULT AS IDENTITY (
    SEQUENCE NAME public.app_call_id_seq
    START WITH 1
    INCREMENT BY 1
    NO MINVALUE
    NO MAXVALUE
    CACHE 1
);


--
-- Name: app_hand; Type: TABLE; Schema: public; Owner: postgres
--

CREATE TABLE public.app_hand (
    id bigint NOT NULL,
    table_id bigint NOT NULL,
    board_id bigint NOT NULL,
    open_access boolean NOT NULL
);


ALTER TABLE public.app_hand OWNER TO postgres;

--
-- Name: COLUMN app_hand.open_access; Type: COMMENT; Schema: public; Owner: postgres
--

COMMENT ON COLUMN public.app_hand.open_access IS 'For debugging only! Settable via the admin site, and maaaaybe by a special "god-mode" switch in the UI';


--
-- Name: app_handrecord_id_seq; Type: SEQUENCE; Schema: public; Owner: postgres
--

ALTER TABLE public.app_hand ALTER COLUMN id ADD GENERATED BY DEFAULT AS IDENTITY (
    SEQUENCE NAME public.app_handrecord_id_seq
    START WITH 1
    INCREMENT BY 1
    NO MINVALUE
    NO MAXVALUE
    CACHE 1
);


--
-- Name: app_lobby; Type: TABLE; Schema: public; Owner: postgres
--

CREATE TABLE public.app_lobby (
    id bigint NOT NULL
);


ALTER TABLE public.app_lobby OWNER TO postgres;

--
-- Name: TABLE app_lobby; Type: COMMENT; Schema: public; Owner: postgres
--

COMMENT ON TABLE public.app_lobby IS 'Serves no purpose other than acting as a target for lobby messages';


--
-- Name: app_lobby_id_seq; Type: SEQUENCE; Schema: public; Owner: postgres
--

ALTER TABLE public.app_lobby ALTER COLUMN id ADD GENERATED BY DEFAULT AS IDENTITY (
    SEQUENCE NAME public.app_lobby_id_seq
    START WITH 1
    INCREMENT BY 1
    NO MINVALUE
    NO MAXVALUE
    CACHE 1
);


--
-- Name: app_message; Type: TABLE; Schema: public; Owner: postgres
--

CREATE TABLE public.app_message (
    id bigint NOT NULL,
    "timestamp" timestamp with time zone NOT NULL,
    message text NOT NULL,
    from_player_id bigint,
    recipient_content_type_id integer NOT NULL,
    recipient_object_id integer NOT NULL,
    CONSTRAINT app_message_recipient_object_id_check CHECK ((recipient_object_id >= 0))
);


ALTER TABLE public.app_message OWNER TO postgres;

--
-- Name: COLUMN app_message.from_player_id; Type: COMMENT; Schema: public; Owner: postgres
--

COMMENT ON COLUMN public.app_message.from_player_id IS 'NULL means it came from ''the system''';


--
-- Name: app_message_id_seq; Type: SEQUENCE; Schema: public; Owner: postgres
--

ALTER TABLE public.app_message ALTER COLUMN id ADD GENERATED BY DEFAULT AS IDENTITY (
    SEQUENCE NAME public.app_message_id_seq
    START WITH 1
    INCREMENT BY 1
    NO MINVALUE
    NO MAXVALUE
    CACHE 1
);


--
-- Name: app_play; Type: TABLE; Schema: public; Owner: postgres
--

CREATE TABLE public.app_play (
    id bigint NOT NULL,
    serialized character varying(2) NOT NULL,
    hand_id bigint NOT NULL
);


ALTER TABLE public.app_play OWNER TO postgres;

--
-- Name: COLUMN app_play.serialized; Type: COMMENT; Schema: public; Owner: postgres
--

COMMENT ON COLUMN public.app_play.serialized IS 'A short string with which we can create a bridge.card.Card object';


--
-- Name: app_play_id_seq; Type: SEQUENCE; Schema: public; Owner: postgres
--

ALTER TABLE public.app_play ALTER COLUMN id ADD GENERATED BY DEFAULT AS IDENTITY (
    SEQUENCE NAME public.app_play_id_seq
    START WITH 1
    INCREMENT BY 1
    NO MINVALUE
    NO MAXVALUE
    CACHE 1
);


--
-- Name: app_player; Type: TABLE; Schema: public; Owner: postgres
--

CREATE TABLE public.app_player (
    id bigint NOT NULL,
    user_id integer NOT NULL,
    partner_id bigint,
    currently_seated boolean NOT NULL,
    synthetic boolean NOT NULL,
    allow_bot_to_play_for_me boolean NOT NULL,
    CONSTRAINT app_player_cant_be_own_partner CHECK (((partner_id IS NULL) OR (NOT ((partner_id = id) AND (partner_id IS NOT NULL))))),
    CONSTRAINT synthetic_players_must_allow_bot_to_play_for_them CHECK (((NOT synthetic) OR allow_bot_to_play_for_me))
);


ALTER TABLE public.app_player OWNER TO postgres;

--
-- Name: app_player_boards_played; Type: TABLE; Schema: public; Owner: postgres
--

CREATE TABLE public.app_player_boards_played (
    id bigint NOT NULL,
    player_id bigint NOT NULL,
    board_id bigint NOT NULL
);


ALTER TABLE public.app_player_boards_played OWNER TO postgres;

--
-- Name: app_player_boards_played_id_seq; Type: SEQUENCE; Schema: public; Owner: postgres
--

ALTER TABLE public.app_player_boards_played ALTER COLUMN id ADD GENERATED BY DEFAULT AS IDENTITY (
    SEQUENCE NAME public.app_player_boards_played_id_seq
    START WITH 1
    INCREMENT BY 1
    NO MINVALUE
    NO MAXVALUE
    CACHE 1
);


--
-- Name: app_player_id_seq; Type: SEQUENCE; Schema: public; Owner: postgres
--

ALTER TABLE public.app_player ALTER COLUMN id ADD GENERATED BY DEFAULT AS IDENTITY (
    SEQUENCE NAME public.app_player_id_seq
    START WITH 1
    INCREMENT BY 1
    NO MINVALUE
    NO MAXVALUE
    CACHE 1
);


--
-- Name: app_seat; Type: TABLE; Schema: public; Owner: postgres
--

CREATE TABLE public.app_seat (
    id bigint NOT NULL,
    player_id bigint NOT NULL,
    table_id bigint NOT NULL,
    direction character varying NOT NULL,
    CONSTRAINT app_seat_direction_valid CHECK (((direction)::text = ANY ((ARRAY['E'::character varying, 'N'::character varying, 'S'::character varying, 'W'::character varying])::text[])))
);


ALTER TABLE public.app_seat OWNER TO postgres;

--
-- Name: COLUMN app_seat.player_id; Type: COMMENT; Schema: public; Owner: postgres
--

COMMENT ON COLUMN public.app_seat.player_id IS 'this is None *only* if this player has *never* been seated.  Use `Player.currently_seated` for most things.';


--
-- Name: app_seat_id_seq; Type: SEQUENCE; Schema: public; Owner: postgres
--

ALTER TABLE public.app_seat ALTER COLUMN id ADD GENERATED BY DEFAULT AS IDENTITY (
    SEQUENCE NAME public.app_seat_id_seq
    START WITH 1
    INCREMENT BY 1
    NO MINVALUE
    NO MAXVALUE
    CACHE 1
);


--
-- Name: app_table; Type: TABLE; Schema: public; Owner: postgres
--

CREATE TABLE public.app_table (
    id bigint NOT NULL,
    tempo_seconds double precision NOT NULL,
    tournament_id bigint NOT NULL
);


ALTER TABLE public.app_table OWNER TO postgres;

--
-- Name: COLUMN app_table.tempo_seconds; Type: COMMENT; Schema: public; Owner: postgres
--

COMMENT ON COLUMN public.app_table.tempo_seconds IS 'Time, in seconds, that the bot will wait before making a call or play';


--
-- Name: app_table_id_seq; Type: SEQUENCE; Schema: public; Owner: postgres
--

ALTER TABLE public.app_table ALTER COLUMN id ADD GENERATED BY DEFAULT AS IDENTITY (
    SEQUENCE NAME public.app_table_id_seq
    START WITH 1
    INCREMENT BY 1
    NO MINVALUE
    NO MAXVALUE
    CACHE 1
);


--
-- Name: app_tournament; Type: TABLE; Schema: public; Owner: postgres
--

CREATE TABLE public.app_tournament (
    id bigint NOT NULL,
    is_complete boolean NOT NULL
);


ALTER TABLE public.app_tournament OWNER TO postgres;

--
-- Name: app_tournament_id_seq; Type: SEQUENCE; Schema: public; Owner: postgres
--

ALTER TABLE public.app_tournament ALTER COLUMN id ADD GENERATED BY DEFAULT AS IDENTITY (
    SEQUENCE NAME public.app_tournament_id_seq
    START WITH 1
    INCREMENT BY 1
    NO MINVALUE
    NO MAXVALUE
    CACHE 1
);


--
-- Name: app_usermitplaya; Type: TABLE; Schema: public; Owner: postgres
--

CREATE TABLE public.app_usermitplaya (
    user_ptr_id integer NOT NULL
);


ALTER TABLE public.app_usermitplaya OWNER TO postgres;

--
-- Name: auth_group; Type: TABLE; Schema: public; Owner: postgres
--

CREATE TABLE public.auth_group (
    id integer NOT NULL,
    name character varying(150) NOT NULL
);


ALTER TABLE public.auth_group OWNER TO postgres;

--
-- Name: auth_group_id_seq; Type: SEQUENCE; Schema: public; Owner: postgres
--

ALTER TABLE public.auth_group ALTER COLUMN id ADD GENERATED BY DEFAULT AS IDENTITY (
    SEQUENCE NAME public.auth_group_id_seq
    START WITH 1
    INCREMENT BY 1
    NO MINVALUE
    NO MAXVALUE
    CACHE 1
);


--
-- Name: auth_group_permissions; Type: TABLE; Schema: public; Owner: postgres
--

CREATE TABLE public.auth_group_permissions (
    id bigint NOT NULL,
    group_id integer NOT NULL,
    permission_id integer NOT NULL
);


ALTER TABLE public.auth_group_permissions OWNER TO postgres;

--
-- Name: auth_group_permissions_id_seq; Type: SEQUENCE; Schema: public; Owner: postgres
--

ALTER TABLE public.auth_group_permissions ALTER COLUMN id ADD GENERATED BY DEFAULT AS IDENTITY (
    SEQUENCE NAME public.auth_group_permissions_id_seq
    START WITH 1
    INCREMENT BY 1
    NO MINVALUE
    NO MAXVALUE
    CACHE 1
);


--
-- Name: auth_permission; Type: TABLE; Schema: public; Owner: postgres
--

CREATE TABLE public.auth_permission (
    id integer NOT NULL,
    name character varying(255) NOT NULL,
    content_type_id integer NOT NULL,
    codename character varying(100) NOT NULL
);


ALTER TABLE public.auth_permission OWNER TO postgres;

--
-- Name: auth_permission_id_seq; Type: SEQUENCE; Schema: public; Owner: postgres
--

ALTER TABLE public.auth_permission ALTER COLUMN id ADD GENERATED BY DEFAULT AS IDENTITY (
    SEQUENCE NAME public.auth_permission_id_seq
    START WITH 1
    INCREMENT BY 1
    NO MINVALUE
    NO MAXVALUE
    CACHE 1
);


--
-- Name: auth_user; Type: TABLE; Schema: public; Owner: postgres
--

CREATE TABLE public.auth_user (
    id integer NOT NULL,
    password character varying(128) NOT NULL,
    last_login timestamp with time zone,
    is_superuser boolean NOT NULL,
    username character varying(150) NOT NULL,
    first_name character varying(150) NOT NULL,
    last_name character varying(150) NOT NULL,
    email character varying(254) NOT NULL,
    is_staff boolean NOT NULL,
    is_active boolean NOT NULL,
    date_joined timestamp with time zone NOT NULL
);


ALTER TABLE public.auth_user OWNER TO postgres;

--
-- Name: auth_user_groups; Type: TABLE; Schema: public; Owner: postgres
--

CREATE TABLE public.auth_user_groups (
    id bigint NOT NULL,
    user_id integer NOT NULL,
    group_id integer NOT NULL
);


ALTER TABLE public.auth_user_groups OWNER TO postgres;

--
-- Name: auth_user_groups_id_seq; Type: SEQUENCE; Schema: public; Owner: postgres
--

ALTER TABLE public.auth_user_groups ALTER COLUMN id ADD GENERATED BY DEFAULT AS IDENTITY (
    SEQUENCE NAME public.auth_user_groups_id_seq
    START WITH 1
    INCREMENT BY 1
    NO MINVALUE
    NO MAXVALUE
    CACHE 1
);


--
-- Name: auth_user_id_seq; Type: SEQUENCE; Schema: public; Owner: postgres
--

ALTER TABLE public.auth_user ALTER COLUMN id ADD GENERATED BY DEFAULT AS IDENTITY (
    SEQUENCE NAME public.auth_user_id_seq
    START WITH 1
    INCREMENT BY 1
    NO MINVALUE
    NO MAXVALUE
    CACHE 1
);


--
-- Name: auth_user_user_permissions; Type: TABLE; Schema: public; Owner: postgres
--

CREATE TABLE public.auth_user_user_permissions (
    id bigint NOT NULL,
    user_id integer NOT NULL,
    permission_id integer NOT NULL
);


ALTER TABLE public.auth_user_user_permissions OWNER TO postgres;

--
-- Name: auth_user_user_permissions_id_seq; Type: SEQUENCE; Schema: public; Owner: postgres
--

ALTER TABLE public.auth_user_user_permissions ALTER COLUMN id ADD GENERATED BY DEFAULT AS IDENTITY (
    SEQUENCE NAME public.auth_user_user_permissions_id_seq
    START WITH 1
    INCREMENT BY 1
    NO MINVALUE
    NO MAXVALUE
    CACHE 1
);


--
-- Name: django_admin_log; Type: TABLE; Schema: public; Owner: postgres
--

CREATE TABLE public.django_admin_log (
    id integer NOT NULL,
    action_time timestamp with time zone NOT NULL,
    object_id text,
    object_repr character varying(200) NOT NULL,
    action_flag smallint NOT NULL,
    change_message text NOT NULL,
    content_type_id integer,
    user_id integer NOT NULL,
    CONSTRAINT django_admin_log_action_flag_check CHECK ((action_flag >= 0))
);


ALTER TABLE public.django_admin_log OWNER TO postgres;

--
-- Name: django_admin_log_id_seq; Type: SEQUENCE; Schema: public; Owner: postgres
--

ALTER TABLE public.django_admin_log ALTER COLUMN id ADD GENERATED BY DEFAULT AS IDENTITY (
    SEQUENCE NAME public.django_admin_log_id_seq
    START WITH 1
    INCREMENT BY 1
    NO MINVALUE
    NO MAXVALUE
    CACHE 1
);


--
-- Name: django_content_type; Type: TABLE; Schema: public; Owner: postgres
--

CREATE TABLE public.django_content_type (
    id integer NOT NULL,
    app_label character varying(100) NOT NULL,
    model character varying(100) NOT NULL
);


ALTER TABLE public.django_content_type OWNER TO postgres;

--
-- Name: django_content_type_id_seq; Type: SEQUENCE; Schema: public; Owner: postgres
--

ALTER TABLE public.django_content_type ALTER COLUMN id ADD GENERATED BY DEFAULT AS IDENTITY (
    SEQUENCE NAME public.django_content_type_id_seq
    START WITH 1
    INCREMENT BY 1
    NO MINVALUE
    NO MAXVALUE
    CACHE 1
);


--
-- Name: django_eventstream_event; Type: TABLE; Schema: public; Owner: postgres
--

CREATE TABLE public.django_eventstream_event (
    id integer NOT NULL,
    channel character varying(255) NOT NULL,
    type character varying(255) NOT NULL,
    data text NOT NULL,
    eid bigint NOT NULL,
    created timestamp with time zone NOT NULL
);


ALTER TABLE public.django_eventstream_event OWNER TO postgres;

--
-- Name: django_eventstream_event_id_seq; Type: SEQUENCE; Schema: public; Owner: postgres
--

ALTER TABLE public.django_eventstream_event ALTER COLUMN id ADD GENERATED BY DEFAULT AS IDENTITY (
    SEQUENCE NAME public.django_eventstream_event_id_seq
    START WITH 1
    INCREMENT BY 1
    NO MINVALUE
    NO MAXVALUE
    CACHE 1
);


--
-- Name: django_eventstream_eventcounter; Type: TABLE; Schema: public; Owner: postgres
--

CREATE TABLE public.django_eventstream_eventcounter (
    id integer NOT NULL,
    name character varying(255) NOT NULL,
    value bigint NOT NULL,
    updated timestamp with time zone NOT NULL
);


ALTER TABLE public.django_eventstream_eventcounter OWNER TO postgres;

--
-- Name: django_eventstream_eventcounter_id_seq; Type: SEQUENCE; Schema: public; Owner: postgres
--

ALTER TABLE public.django_eventstream_eventcounter ALTER COLUMN id ADD GENERATED BY DEFAULT AS IDENTITY (
    SEQUENCE NAME public.django_eventstream_eventcounter_id_seq
    START WITH 1
    INCREMENT BY 1
    NO MINVALUE
    NO MAXVALUE
    CACHE 1
);


--
-- Name: django_migrations; Type: TABLE; Schema: public; Owner: postgres
--

CREATE TABLE public.django_migrations (
    id bigint NOT NULL,
    app character varying(255) NOT NULL,
    name character varying(255) NOT NULL,
    applied timestamp with time zone NOT NULL
);


ALTER TABLE public.django_migrations OWNER TO postgres;

--
-- Name: django_migrations_id_seq; Type: SEQUENCE; Schema: public; Owner: postgres
--

ALTER TABLE public.django_migrations ALTER COLUMN id ADD GENERATED BY DEFAULT AS IDENTITY (
    SEQUENCE NAME public.django_migrations_id_seq
    START WITH 1
    INCREMENT BY 1
    NO MINVALUE
    NO MAXVALUE
    CACHE 1
);


--
-- Name: django_session; Type: TABLE; Schema: public; Owner: postgres
--

CREATE TABLE public.django_session (
    session_key character varying(40) NOT NULL,
    session_data text NOT NULL,
    expire_date timestamp with time zone NOT NULL
);


ALTER TABLE public.django_session OWNER TO postgres;

--
-- Data for Name: app_board; Type: TABLE DATA; Schema: public; Owner: postgres
--

COPY public.app_board (id, ns_vulnerable, ew_vulnerable, east_cards, north_cards, south_cards, west_cards, tournament_id, dealer, display_number) FROM stdin;
1	f	f	♣3♣6♣7♣9♣Q♥4♥T♥Q♠4♠7♠9♠J♠A	♣8♣J♦3♦6♦7♦T♦Q♥3♥7♥8♥9♥K♥A	♣2♣4♣5♣T♦2♦8♦9♦A♥2♥J♠2♠8♠Q	♣K♣A♦4♦5♦J♦K♥5♥6♠3♠5♠6♠T♠K	1	N	1
2	t	f	♣2♣5♣9♣T♣J♣K♦9♦T♥5♥9♠8♠9♠J	♣4♣6♣7♣8♣A♦8♦J♦Q♦A♥2♥7♥Q♠7	♣Q♦2♦3♦4♦6♥6♥8♠2♠4♠6♠Q♠K♠A	♣3♦5♦7♦K♥3♥4♥T♥J♥K♥A♠3♠5♠T	1	E	2
3	f	t	♣9♣Q♦3♦4♦5♦K♥7♥A♠3♠6♠7♠9♠A	♣2♣4♣7♣8♦7♦8♦Q♦A♥K♠4♠T♠J♠Q	♣5♣J♣K♣A♦9♦J♥4♥6♥9♥T♥J♠8♠K	♣3♣6♣T♦2♦6♦T♥2♥3♥5♥8♥Q♠2♠5	1	S	3
4	t	t	♣2♣K♦2♦4♦5♦6♦7♦9♦J♥7♥J♠7♠J	♣6♣7♣T♣J♥3♥9♥T♥Q♥A♠2♠4♠5♠8	♣3♣4♣Q♣A♦T♦K♦A♥2♥8♠3♠6♠T♠Q	♣5♣8♣9♦3♦8♦Q♥4♥5♥6♥K♠9♠K♠A	1	W	4
5	t	f	♣5♣8♣T♣J♦5♦6♦7♦9♥J♠3♠5♠9♠Q	♣4♣7♣Q♣A♥3♥5♥7♥9♥K♥A♠7♠8♠K	♣2♣3♣9♦3♦4♦Q♦K♦A♥2♥6♥8♥Q♠4	♣6♣K♦2♦8♦T♦J♥4♥T♠2♠6♠T♠J♠A	1	N	5
6	f	t	♣2♣3♣8♣J♦3♦8♦T♥2♠2♠6♠9♠T♠K	♣6♣7♣K♦4♦5♥7♥9♥Q♥K♥A♠4♠7♠J	♣4♣5♣T♣A♦2♦7♦9♦Q♦A♥3♥6♠3♠A	♣9♣Q♦6♦J♦K♥4♥5♥8♥T♥J♠5♠8♠Q	1	E	6
7	t	t	♣4♣5♣7♣T♦2♦4♦Q♥5♠3♠5♠7♠J♠Q	♣8♣A♦3♦5♦8♦9♥3♥4♥7♥8♥A♠2♠T	♣2♣3♣9♣J♣K♦J♦K♥9♥T♠4♠6♠K♠A	♣6♣Q♦6♦7♦T♦A♥2♥6♥J♥Q♥K♠8♠9	1	S	7
8	f	f	♦3♦7♦T♦Q♥5♥7♥8♠2♠3♠4♠7♠9♠Q	♣6♣7♣J♦4♦6♦9♦K♥3♥4♥Q♥A♠5♠J	♣2♣8♣9♣Q♣K♦2♦5♥2♥6♥9♠T♠K♠A	♣3♣4♣5♣T♣A♦8♦J♦A♥T♥J♥K♠6♠8	1	W	8
9	f	t	♣4♣9♣J♣K♦8♦Q♥2♥8♥J♠3♠4♠7♠J	♣3♣T♣Q♦5♦6♦7♦A♥9♥A♠2♠6♠9♠K	♣2♣6♣7♦2♦3♦4♦J♥3♥5♥6♥Q♠5♠T	♣5♣8♣A♦9♦T♦K♥4♥7♥T♥K♠8♠Q♠A	1	N	9
10	t	t	♣7♦2♦9♦T♥2♥6♥8♥J♥Q♥A♠3♠9♠K	♣5♣6♣T♣K♦5♦7♦8♦K♥7♠2♠8♠T♠J	♣3♦4♦6♦Q♦A♥3♥4♥5♥T♠4♠5♠6♠Q	♣2♣4♣8♣9♣J♣Q♣A♦3♦J♥9♥K♠7♠A	1	E	10
11	f	f	♣5♣J♦7♦8♦9♦K♥3♥K♠4♠7♠9♠J♠A	♣7♣K♦2♦4♦6♦Q♦A♥2♥8♥A♠2♠3♠8	♣2♣4♣8♦3♦T♦J♥5♥6♥7♥Q♠5♠T♠Q	♣3♣6♣9♣T♣Q♣A♦5♥4♥9♥T♥J♠6♠K	1	S	11
12	t	f	♣3♣5♣7♣8♦2♦5♦T♥6♥8♥J♠3♠7♠9	♣J♣K♦3♦6♦J♦K♥2♥4♥7♥K♠5♠T♠J	♣2♣4♣6♣9♣A♦7♥5♥9♥T♥Q♠4♠Q♠A	♣T♣Q♦4♦8♦9♦Q♦A♥3♥A♠2♠6♠8♠K	1	W	12
13	t	t	♣2♣3♦5♦T♦K♦A♥2♥7♥J♠2♠6♠8♠T	♣9♣T♣J♣A♦7♦8♦Q♥3♥4♥Q♠5♠J♠K	♣4♣5♣K♦4♦9♦J♥6♥8♥9♥T♥A♠4♠9	♣6♣7♣8♣Q♦2♦3♦6♥5♥K♠3♠7♠Q♠A	1	N	13
14	f	f	♣5♣A♦4♦5♦7♦T♦Q♦K♥6♥8♥T♥K♠4	♣6♣7♣8♣9♣Q♦3♥3♥4♥9♠2♠7♠J♠A	♣2♣4♦2♦6♦9♦J♦A♥5♥J♠5♠6♠9♠K	♣3♣T♣J♣K♦8♥2♥7♥Q♥A♠3♠8♠T♠Q	1	E	14
15	t	f	♣J♣K♦6♦A♥2♥4♥8♥9♥J♥A♠7♠Q♠A	♣6♣9♣T♣Q♦7♦T♦J♥5♠3♠5♠9♠T♠J	♣4♣8♣A♦3♦4♦5♦9♦K♥T♥Q♥K♠4♠8	♣2♣3♣5♣7♦2♦8♦Q♥3♥6♥7♠2♠6♠K	1	S	15
16	f	t	♣3♣6♣7♣9♣K♦8♦9♦K♥2♥T♥A♠3♠8	♣4♣A♦4♦T♥3♥4♥6♥Q♠4♠T♠J♠Q♠A	♣5♦2♦3♦5♦7♦J♦Q♥5♥9♥J♥K♠2♠5	♣2♣8♣T♣J♣Q♦6♦A♥7♥8♠6♠7♠9♠K	1	W	16
\.


--
-- Data for Name: app_call; Type: TABLE DATA; Schema: public; Owner: postgres
--

COPY public.app_call (id, serialized, hand_id) FROM stdin;
1	1♣	1
2	Pass	1
3	Pass	1
4	Pass	1
\.


--
-- Data for Name: app_hand; Type: TABLE DATA; Schema: public; Owner: postgres
--

COPY public.app_hand (id, table_id, board_id, open_access) FROM stdin;
1	1	1	t
\.


--
-- Data for Name: app_lobby; Type: TABLE DATA; Schema: public; Owner: postgres
--

COPY public.app_lobby (id) FROM stdin;
\.


--
-- Data for Name: app_message; Type: TABLE DATA; Schema: public; Owner: postgres
--

COPY public.app_message (id, "timestamp", message, from_player_id, recipient_content_type_id, recipient_object_id) FROM stdin;
\.


--
-- Data for Name: app_play; Type: TABLE DATA; Schema: public; Owner: postgres
--

COPY public.app_play (id, serialized, hand_id) FROM stdin;
1	♠4	1
2	♠2	1
3	♠3	1
4	♥3	1
5	♠7	1
6	♠8	1
7	♠5	1
8	♥7	1
9	♠Q	1
10	♠6	1
11	♥8	1
12	♠9	1
13	♥J	1
14	♥5	1
15	♥9	1
16	♥4	1
17	♥2	1
18	♥6	1
19	♥K	1
20	♥T	1
21	♥A	1
22	♥Q	1
23	♦2	1
24	♦4	1
25	♣8	1
26	♣Q	1
27	♣T	1
28	♣K	1
29	♣A	1
30	♣J	1
31	♣9	1
32	♣5	1
33	♦5	1
34	♦3	1
35	♣3	1
36	♦8	1
37	♣6	1
38	♣2	1
39	♦J	1
40	♦6	1
41	♣7	1
42	♣4	1
43	♦K	1
44	♦7	1
45	♠J	1
46	♦9	1
47	♠T	1
48	♦T	1
49	♠A	1
50	♦A	1
51	♠K	1
52	♦Q	1
\.


--
-- Data for Name: app_player; Type: TABLE DATA; Schema: public; Owner: postgres
--

COPY public.app_player (id, user_id, partner_id, currently_seated, synthetic, allow_bot_to_play_for_me) FROM stdin;
1	2	2	t	f	f
3	4	4	t	t	t
2	3	1	t	t	t
4	5	3	t	t	t
\.


--
-- Data for Name: app_player_boards_played; Type: TABLE DATA; Schema: public; Owner: postgres
--

COPY public.app_player_boards_played (id, player_id, board_id) FROM stdin;
1	1	1
2	3	1
3	2	1
4	4	1
\.


--
-- Data for Name: app_seat; Type: TABLE DATA; Schema: public; Owner: postgres
--

COPY public.app_seat (id, player_id, table_id, direction) FROM stdin;
1	3	1	N
2	1	1	E
3	4	1	S
4	2	1	W
\.


--
-- Data for Name: app_table; Type: TABLE DATA; Schema: public; Owner: postgres
--

COPY public.app_table (id, tempo_seconds, tournament_id) FROM stdin;
1	1	1
\.


--
-- Data for Name: app_tournament; Type: TABLE DATA; Schema: public; Owner: postgres
--

COPY public.app_tournament (id, is_complete) FROM stdin;
1	f
\.


--
-- Data for Name: app_usermitplaya; Type: TABLE DATA; Schema: public; Owner: postgres
--

COPY public.app_usermitplaya (user_ptr_id) FROM stdin;
\.


--
-- Data for Name: auth_group; Type: TABLE DATA; Schema: public; Owner: postgres
--

COPY public.auth_group (id, name) FROM stdin;
\.


--
-- Data for Name: auth_group_permissions; Type: TABLE DATA; Schema: public; Owner: postgres
--

COPY public.auth_group_permissions (id, group_id, permission_id) FROM stdin;
\.


--
-- Data for Name: auth_permission; Type: TABLE DATA; Schema: public; Owner: postgres
--

COPY public.auth_permission (id, name, content_type_id, codename) FROM stdin;
1	Can add event	1	add_event
2	Can change event	1	change_event
3	Can delete event	1	delete_event
4	Can view event	1	view_event
5	Can add event counter	2	add_eventcounter
6	Can change event counter	2	change_eventcounter
7	Can delete event counter	2	delete_eventcounter
8	Can view event counter	2	view_eventcounter
9	Can add log entry	3	add_logentry
10	Can change log entry	3	change_logentry
11	Can delete log entry	3	delete_logentry
12	Can view log entry	3	view_logentry
13	Can add permission	4	add_permission
14	Can change permission	4	change_permission
15	Can delete permission	4	delete_permission
16	Can view permission	4	view_permission
17	Can add group	5	add_group
18	Can change group	5	change_group
19	Can delete group	5	delete_group
20	Can view group	5	view_group
21	Can add user	6	add_user
22	Can change user	6	change_user
23	Can delete user	6	delete_user
24	Can view user	6	view_user
25	Can add content type	7	add_contenttype
26	Can change content type	7	change_contenttype
27	Can delete content type	7	delete_contenttype
28	Can view content type	7	view_contenttype
29	Can add session	8	add_session
30	Can change session	8	change_session
31	Can delete session	8	delete_session
32	Can view session	8	view_session
33	Can add table	9	add_table
34	Can change table	9	change_table
35	Can delete table	9	delete_table
36	Can view table	9	view_table
37	Can add player	10	add_player
38	Can change player	10	change_player
39	Can delete player	10	delete_player
40	Can view player	10	view_player
41	Can add seat	11	add_seat
42	Can change seat	11	change_seat
43	Can delete seat	11	delete_seat
44	Can view seat	11	view_seat
45	Can add message	12	add_message
46	Can change message	12	change_message
47	Can delete message	12	delete_message
48	Can view message	12	view_message
49	Can add lobby	13	add_lobby
50	Can change lobby	13	change_lobby
51	Can delete lobby	13	delete_lobby
52	Can view lobby	13	view_lobby
53	Can add board	14	add_board
54	Can change board	14	change_board
55	Can delete board	14	delete_board
56	Can view board	14	view_board
57	Can add call	15	add_call
58	Can change call	15	change_call
59	Can delete call	15	delete_call
60	Can view call	15	view_call
61	Can add play	16	add_play
62	Can change play	16	change_play
63	Can delete play	16	delete_play
64	Can view play	16	view_play
65	Can add user	17	add_usermitplaya
66	Can change user	17	change_usermitplaya
67	Can delete user	17	delete_usermitplaya
68	Can view user	17	view_usermitplaya
69	Can add hand	18	add_hand
70	Can change hand	18	change_hand
71	Can delete hand	18	delete_hand
72	Can view hand	18	view_hand
73	Can add tournament	19	add_tournament
74	Can change tournament	19	change_tournament
75	Can delete tournament	19	delete_tournament
76	Can view tournament	19	view_tournament
\.


--
-- Data for Name: auth_user; Type: TABLE DATA; Schema: public; Owner: postgres
--

COPY public.auth_user (id, password, last_login, is_superuser, username, first_name, last_name, email, is_staff, is_active, date_joined) FROM stdin;
1	pbkdf2_sha256$870000$yuelnUhnKVrsnSC9CecRLi$J1MnhXWuyyEMFPzeVHxRY793gsNTZKbTr0F8vkdc8js=	\N	t	admin				t	t	2025-02-03 23:03:09.930747+00
2	pbkdf2_sha256$870000$z8NKQuqPM8Qvk9lbp3wvp4$OlRdveF/04R129/ICi8jIxVas3gEfgKybx5A9b2hj7A=	2025-02-03 23:03:32.330723+00	f	bob				f	t	2025-02-03 23:03:30.469116+00
3	!cjxZHaOOomycBEW2UW9RBNPuxvVkEfmCvXhYCaDo	\N	f	synthetic_megan				f	t	2025-02-03 23:03:35.369594+00
4	!I4jtYB3XaW5qGVxOYJEHkQN7tLIuc3l3h9NvtlHU	\N	f	synthetic_katherine				f	t	2025-02-03 23:03:37.302393+00
5	!2xpNpLAe10NMotguRpRlmgy2JuZNK8Jq2dpbdyBp	\N	f	synthetic_robert				f	t	2025-02-03 23:03:37.328463+00
\.


--
-- Data for Name: auth_user_groups; Type: TABLE DATA; Schema: public; Owner: postgres
--

COPY public.auth_user_groups (id, user_id, group_id) FROM stdin;
\.


--
-- Data for Name: auth_user_user_permissions; Type: TABLE DATA; Schema: public; Owner: postgres
--

COPY public.auth_user_user_permissions (id, user_id, permission_id) FROM stdin;
\.


--
-- Data for Name: django_admin_log; Type: TABLE DATA; Schema: public; Owner: postgres
--

COPY public.django_admin_log (id, action_time, object_id, object_repr, action_flag, change_message, content_type_id, user_id) FROM stdin;
\.


--
-- Data for Name: django_content_type; Type: TABLE DATA; Schema: public; Owner: postgres
--

COPY public.django_content_type (id, app_label, model) FROM stdin;
1	django_eventstream	event
2	django_eventstream	eventcounter
3	admin	logentry
4	auth	permission
5	auth	group
6	auth	user
7	contenttypes	contenttype
8	sessions	session
9	app	table
10	app	player
11	app	seat
12	app	message
13	app	lobby
14	app	board
15	app	call
16	app	play
17	app	usermitplaya
18	app	hand
19	app	tournament
\.


--
-- Data for Name: django_eventstream_event; Type: TABLE DATA; Schema: public; Owner: postgres
--

COPY public.django_eventstream_event (id, channel, type, data, eid, created) FROM stdin;
1	table:1			0	2025-02-03 23:03:39.871117+00
2	table:1	message	"{\\"new-hand\\": 1, \\"time\\": 1738623819.863683, \\"tempo_seconds\\": 1.0}"	1	2025-02-03 23:03:39.873671+00
3	system:player:3			0	2025-02-03 23:03:39.913507+00
4	system:player:3	message	"{\\"new-hand\\": 1, \\"time\\": 1738623819.907539, \\"tempo_seconds\\": 1.0}"	1	2025-02-03 23:03:39.914405+00
5	system:player:1			0	2025-02-03 23:03:39.922646+00
6	system:player:1	message	"{\\"new-hand\\": 1, \\"time\\": 1738623819.918437, \\"tempo_seconds\\": 1.0}"	1	2025-02-03 23:03:39.923518+00
7	system:player:4			0	2025-02-03 23:03:39.930491+00
8	system:player:4	message	"{\\"new-hand\\": 1, \\"time\\": 1738623819.926867, \\"tempo_seconds\\": 1.0}"	1	2025-02-03 23:03:39.931387+00
9	system:player:2			0	2025-02-03 23:03:39.939569+00
10	system:player:2	message	"{\\"new-hand\\": 1, \\"time\\": 1738623819.9352078, \\"tempo_seconds\\": 1.0}"	1	2025-02-03 23:03:39.940378+00
11	all-tables			0	2025-02-03 23:03:39.961082+00
12	all-tables	message	"{\\"table\\": 1, \\"seats\\": [{\\"direction\\": \\"N\\", \\"player\\": 3, \\"table\\": 1}, {\\"direction\\": \\"E\\", \\"player\\": 1, \\"table\\": 1}, {\\"direction\\": \\"S\\", \\"player\\": 4, \\"table\\": 1}, {\\"direction\\": \\"W\\", \\"player\\": 2, \\"table\\": 1}], \\"action\\": \\"just formed\\", \\"time\\": 1738623819.954517}"	1	2025-02-03 23:03:39.961923+00
13	hand:1			0	2025-02-03 23:03:44.945586+00
14	hand:1	message	"{\\"open-access-status\\": true, \\"tempo_seconds\\": 1.0, \\"hand_pk\\": 1, \\"time\\": 1738623824.932512}"	1	2025-02-03 23:03:44.947441+00
15	all-tables	message	"{\\"open-access-status\\": true, \\"tempo_seconds\\": 1.0, \\"hand_pk\\": 1, \\"time\\": 1738623824.932512}"	2	2025-02-03 23:03:44.959599+00
16	system:player:3	message	"{\\"open-access-status\\": true, \\"tempo_seconds\\": 1.0, \\"hand_pk\\": 1, \\"time\\": 1738623824.932512}"	2	2025-02-03 23:03:44.975236+00
17	system:player:1	message	"{\\"open-access-status\\": true, \\"tempo_seconds\\": 1.0, \\"hand_pk\\": 1, \\"time\\": 1738623824.932512}"	2	2025-02-03 23:03:44.986512+00
18	system:player:4	message	"{\\"open-access-status\\": true, \\"tempo_seconds\\": 1.0, \\"hand_pk\\": 1, \\"time\\": 1738623824.932512}"	2	2025-02-03 23:03:44.999715+00
19	system:player:2	message	"{\\"open-access-status\\": true, \\"tempo_seconds\\": 1.0, \\"hand_pk\\": 1, \\"time\\": 1738623824.932512}"	2	2025-02-03 23:03:45.014783+00
20	hand:1	message	"{\\"new-call\\": {\\"serialized\\": \\"1\\\\u2663\\", \\"seat_pk\\": 1}, \\"tempo_seconds\\": 1.0, \\"hand_pk\\": 1, \\"time\\": 1738623827.455253}"	2	2025-02-03 23:03:47.460242+00
21	all-tables	message	"{\\"new-call\\": {\\"serialized\\": \\"1\\\\u2663\\", \\"seat_pk\\": 1}, \\"tempo_seconds\\": 1.0, \\"hand_pk\\": 1, \\"time\\": 1738623827.455253}"	3	2025-02-03 23:03:47.475543+00
22	system:player:3	message	"{\\"new-call\\": {\\"serialized\\": \\"1\\\\u2663\\", \\"seat_pk\\": 1}, \\"tempo_seconds\\": 1.0, \\"hand_pk\\": 1, \\"time\\": 1738623827.455253}"	3	2025-02-03 23:03:47.48865+00
23	system:player:1	message	"{\\"new-call\\": {\\"serialized\\": \\"1\\\\u2663\\", \\"seat_pk\\": 1}, \\"tempo_seconds\\": 1.0, \\"hand_pk\\": 1, \\"time\\": 1738623827.455253}"	3	2025-02-03 23:03:47.503662+00
24	system:player:4	message	"{\\"new-call\\": {\\"serialized\\": \\"1\\\\u2663\\", \\"seat_pk\\": 1}, \\"tempo_seconds\\": 1.0, \\"hand_pk\\": 1, \\"time\\": 1738623827.455253}"	3	2025-02-03 23:03:47.521874+00
25	system:player:2	message	"{\\"new-call\\": {\\"serialized\\": \\"1\\\\u2663\\", \\"seat_pk\\": 1}, \\"tempo_seconds\\": 1.0, \\"hand_pk\\": 1, \\"time\\": 1738623827.455253}"	3	2025-02-03 23:03:47.545643+00
26	hand:1	message	"{\\"new-call\\": {\\"serialized\\": \\"Pass\\", \\"seat_pk\\": 2}, \\"tempo_seconds\\": 1.0, \\"hand_pk\\": 1, \\"time\\": 1738623829.109719}"	3	2025-02-03 23:03:49.112578+00
27	all-tables	message	"{\\"new-call\\": {\\"serialized\\": \\"Pass\\", \\"seat_pk\\": 2}, \\"tempo_seconds\\": 1.0, \\"hand_pk\\": 1, \\"time\\": 1738623829.109719}"	4	2025-02-03 23:03:49.128996+00
28	system:player:3	message	"{\\"new-call\\": {\\"serialized\\": \\"Pass\\", \\"seat_pk\\": 2}, \\"tempo_seconds\\": 1.0, \\"hand_pk\\": 1, \\"time\\": 1738623829.109719}"	4	2025-02-03 23:03:49.144357+00
29	system:player:1	message	"{\\"new-call\\": {\\"serialized\\": \\"Pass\\", \\"seat_pk\\": 2}, \\"tempo_seconds\\": 1.0, \\"hand_pk\\": 1, \\"time\\": 1738623829.109719}"	4	2025-02-03 23:03:49.156517+00
30	system:player:4	message	"{\\"new-call\\": {\\"serialized\\": \\"Pass\\", \\"seat_pk\\": 2}, \\"tempo_seconds\\": 1.0, \\"hand_pk\\": 1, \\"time\\": 1738623829.109719}"	4	2025-02-03 23:03:49.167535+00
31	system:player:2	message	"{\\"new-call\\": {\\"serialized\\": \\"Pass\\", \\"seat_pk\\": 2}, \\"tempo_seconds\\": 1.0, \\"hand_pk\\": 1, \\"time\\": 1738623829.109719}"	4	2025-02-03 23:03:49.183061+00
32	hand:1	message	"{\\"new-call\\": {\\"serialized\\": \\"Pass\\", \\"seat_pk\\": 2}, \\"tempo_seconds\\": 1.0, \\"hand_pk\\": 1, \\"time\\": 1738623830.095499}"	4	2025-02-03 23:03:50.099199+00
33	all-tables	message	"{\\"new-call\\": {\\"serialized\\": \\"Pass\\", \\"seat_pk\\": 2}, \\"tempo_seconds\\": 1.0, \\"hand_pk\\": 1, \\"time\\": 1738623830.095499}"	5	2025-02-03 23:03:50.114642+00
34	system:player:3	message	"{\\"new-call\\": {\\"serialized\\": \\"Pass\\", \\"seat_pk\\": 2}, \\"tempo_seconds\\": 1.0, \\"hand_pk\\": 1, \\"time\\": 1738623830.095499}"	5	2025-02-03 23:03:50.124635+00
35	system:player:1	message	"{\\"new-call\\": {\\"serialized\\": \\"Pass\\", \\"seat_pk\\": 2}, \\"tempo_seconds\\": 1.0, \\"hand_pk\\": 1, \\"time\\": 1738623830.095499}"	5	2025-02-03 23:03:50.136572+00
36	system:player:4	message	"{\\"new-call\\": {\\"serialized\\": \\"Pass\\", \\"seat_pk\\": 2}, \\"tempo_seconds\\": 1.0, \\"hand_pk\\": 1, \\"time\\": 1738623830.095499}"	5	2025-02-03 23:03:50.146566+00
37	system:player:2	message	"{\\"new-call\\": {\\"serialized\\": \\"Pass\\", \\"seat_pk\\": 2}, \\"tempo_seconds\\": 1.0, \\"hand_pk\\": 1, \\"time\\": 1738623830.095499}"	5	2025-02-03 23:03:50.16107+00
38	hand:1	message	"{\\"new-call\\": {\\"serialized\\": \\"Pass\\", \\"seat_pk\\": 2}, \\"tempo_seconds\\": 1.0, \\"hand_pk\\": 1, \\"time\\": 1738623831.188159}"	5	2025-02-03 23:03:51.192084+00
39	all-tables	message	"{\\"new-call\\": {\\"serialized\\": \\"Pass\\", \\"seat_pk\\": 2}, \\"tempo_seconds\\": 1.0, \\"hand_pk\\": 1, \\"time\\": 1738623831.188159}"	6	2025-02-03 23:03:51.201008+00
40	system:player:3	message	"{\\"new-call\\": {\\"serialized\\": \\"Pass\\", \\"seat_pk\\": 2}, \\"tempo_seconds\\": 1.0, \\"hand_pk\\": 1, \\"time\\": 1738623831.188159}"	6	2025-02-03 23:03:51.211608+00
41	system:player:1	message	"{\\"new-call\\": {\\"serialized\\": \\"Pass\\", \\"seat_pk\\": 2}, \\"tempo_seconds\\": 1.0, \\"hand_pk\\": 1, \\"time\\": 1738623831.188159}"	6	2025-02-03 23:03:51.222933+00
42	system:player:4	message	"{\\"new-call\\": {\\"serialized\\": \\"Pass\\", \\"seat_pk\\": 2}, \\"tempo_seconds\\": 1.0, \\"hand_pk\\": 1, \\"time\\": 1738623831.188159}"	6	2025-02-03 23:03:51.234188+00
43	system:player:2	message	"{\\"new-call\\": {\\"serialized\\": \\"Pass\\", \\"seat_pk\\": 2}, \\"tempo_seconds\\": 1.0, \\"hand_pk\\": 1, \\"time\\": 1738623831.188159}"	6	2025-02-03 23:03:51.248185+00
44	hand:1	message	"{\\"table\\": 1, \\"contract_text\\": \\"one Club played by synthetic_katherine, sitting North\\", \\"contract\\": {\\"opening_leader\\": \\"E\\"}, \\"tempo_seconds\\": 1.0, \\"hand_pk\\": 1, \\"time\\": 1738623831.260103}"	6	2025-02-03 23:03:51.26362+00
78	system:player:4	message	"{\\"new-play\\": {\\"serialized\\": \\"\\\\u26607\\", \\"seat_pk\\": 2}, \\"tempo_seconds\\": 1.0, \\"hand_pk\\": 1, \\"time\\": 1738624510.8243022}"	12	2025-02-03 23:15:10.907148+00
45	all-tables	message	"{\\"table\\": 1, \\"contract_text\\": \\"one Club played by synthetic_katherine, sitting North\\", \\"contract\\": {\\"opening_leader\\": \\"E\\"}, \\"tempo_seconds\\": 1.0, \\"hand_pk\\": 1, \\"time\\": 1738623831.260103}"	7	2025-02-03 23:03:51.277898+00
46	system:player:3	message	"{\\"table\\": 1, \\"contract_text\\": \\"one Club played by synthetic_katherine, sitting North\\", \\"contract\\": {\\"opening_leader\\": \\"E\\"}, \\"tempo_seconds\\": 1.0, \\"hand_pk\\": 1, \\"time\\": 1738623831.260103}"	7	2025-02-03 23:03:51.302045+00
47	system:player:1	message	"{\\"table\\": 1, \\"contract_text\\": \\"one Club played by synthetic_katherine, sitting North\\", \\"contract\\": {\\"opening_leader\\": \\"E\\"}, \\"tempo_seconds\\": 1.0, \\"hand_pk\\": 1, \\"time\\": 1738623831.260103}"	7	2025-02-03 23:03:51.314261+00
48	system:player:4	message	"{\\"table\\": 1, \\"contract_text\\": \\"one Club played by synthetic_katherine, sitting North\\", \\"contract\\": {\\"opening_leader\\": \\"E\\"}, \\"tempo_seconds\\": 1.0, \\"hand_pk\\": 1, \\"time\\": 1738623831.260103}"	7	2025-02-03 23:03:51.328762+00
49	system:player:2	message	"{\\"table\\": 1, \\"contract_text\\": \\"one Club played by synthetic_katherine, sitting North\\", \\"contract\\": {\\"opening_leader\\": \\"E\\"}, \\"tempo_seconds\\": 1.0, \\"hand_pk\\": 1, \\"time\\": 1738623831.260103}"	7	2025-02-03 23:03:51.345884+00
50	hand:1	message	"{\\"new-play\\": {\\"serialized\\": \\"\\\\u26604\\", \\"seat_pk\\": 2}, \\"dummy\\": \\"\\\\u26632\\\\u26634\\\\u26635\\\\u2663T\\\\u26662\\\\u26668\\\\u26669\\\\u2666A\\\\u26652\\\\u2665J\\\\u26602\\\\u26608\\\\u2660Q\\", \\"tempo_seconds\\": 1.0, \\"hand_pk\\": 1, \\"time\\": 1738624504.468696}"	7	2025-02-03 23:15:04.472446+00
51	all-tables	message	"{\\"new-play\\": {\\"serialized\\": \\"\\\\u26604\\", \\"seat_pk\\": 2}, \\"dummy\\": \\"\\\\u26632\\\\u26634\\\\u26635\\\\u2663T\\\\u26662\\\\u26668\\\\u26669\\\\u2666A\\\\u26652\\\\u2665J\\\\u26602\\\\u26608\\\\u2660Q\\", \\"tempo_seconds\\": 1.0, \\"hand_pk\\": 1, \\"time\\": 1738624504.468696}"	8	2025-02-03 23:15:04.486047+00
52	system:player:3	message	"{\\"new-play\\": {\\"serialized\\": \\"\\\\u26604\\", \\"seat_pk\\": 2}, \\"dummy\\": \\"\\\\u26632\\\\u26634\\\\u26635\\\\u2663T\\\\u26662\\\\u26668\\\\u26669\\\\u2666A\\\\u26652\\\\u2665J\\\\u26602\\\\u26608\\\\u2660Q\\", \\"tempo_seconds\\": 1.0, \\"hand_pk\\": 1, \\"time\\": 1738624504.468696}"	8	2025-02-03 23:15:04.50445+00
53	system:player:1	message	"{\\"new-play\\": {\\"serialized\\": \\"\\\\u26604\\", \\"seat_pk\\": 2}, \\"dummy\\": \\"\\\\u26632\\\\u26634\\\\u26635\\\\u2663T\\\\u26662\\\\u26668\\\\u26669\\\\u2666A\\\\u26652\\\\u2665J\\\\u26602\\\\u26608\\\\u2660Q\\", \\"tempo_seconds\\": 1.0, \\"hand_pk\\": 1, \\"time\\": 1738624504.468696}"	8	2025-02-03 23:15:04.515888+00
54	system:player:4	message	"{\\"new-play\\": {\\"serialized\\": \\"\\\\u26604\\", \\"seat_pk\\": 2}, \\"dummy\\": \\"\\\\u26632\\\\u26634\\\\u26635\\\\u2663T\\\\u26662\\\\u26668\\\\u26669\\\\u2666A\\\\u26652\\\\u2665J\\\\u26602\\\\u26608\\\\u2660Q\\", \\"tempo_seconds\\": 1.0, \\"hand_pk\\": 1, \\"time\\": 1738624504.468696}"	8	2025-02-03 23:15:04.529453+00
55	system:player:2	message	"{\\"new-play\\": {\\"serialized\\": \\"\\\\u26604\\", \\"seat_pk\\": 2}, \\"dummy\\": \\"\\\\u26632\\\\u26634\\\\u26635\\\\u2663T\\\\u26662\\\\u26668\\\\u26669\\\\u2666A\\\\u26652\\\\u2665J\\\\u26602\\\\u26608\\\\u2660Q\\", \\"tempo_seconds\\": 1.0, \\"hand_pk\\": 1, \\"time\\": 1738624504.468696}"	8	2025-02-03 23:15:04.542705+00
56	hand:1	message	"{\\"new-play\\": {\\"serialized\\": \\"\\\\u26602\\", \\"seat_pk\\": 3}, \\"tempo_seconds\\": 1.0, \\"hand_pk\\": 1, \\"time\\": 1738624506.268395}"	8	2025-02-03 23:15:06.27164+00
57	all-tables	message	"{\\"new-play\\": {\\"serialized\\": \\"\\\\u26602\\", \\"seat_pk\\": 3}, \\"tempo_seconds\\": 1.0, \\"hand_pk\\": 1, \\"time\\": 1738624506.268395}"	9	2025-02-03 23:15:06.284819+00
58	system:player:3	message	"{\\"new-play\\": {\\"serialized\\": \\"\\\\u26602\\", \\"seat_pk\\": 3}, \\"tempo_seconds\\": 1.0, \\"hand_pk\\": 1, \\"time\\": 1738624506.268395}"	9	2025-02-03 23:15:06.291689+00
59	system:player:1	message	"{\\"new-play\\": {\\"serialized\\": \\"\\\\u26602\\", \\"seat_pk\\": 3}, \\"tempo_seconds\\": 1.0, \\"hand_pk\\": 1, \\"time\\": 1738624506.268395}"	9	2025-02-03 23:15:06.301316+00
60	system:player:4	message	"{\\"new-play\\": {\\"serialized\\": \\"\\\\u26602\\", \\"seat_pk\\": 3}, \\"tempo_seconds\\": 1.0, \\"hand_pk\\": 1, \\"time\\": 1738624506.268395}"	9	2025-02-03 23:15:06.310447+00
61	system:player:2	message	"{\\"new-play\\": {\\"serialized\\": \\"\\\\u26602\\", \\"seat_pk\\": 3}, \\"tempo_seconds\\": 1.0, \\"hand_pk\\": 1, \\"time\\": 1738624506.268395}"	9	2025-02-03 23:15:06.321762+00
62	hand:1	message	"{\\"new-play\\": {\\"serialized\\": \\"\\\\u26603\\", \\"seat_pk\\": 4}, \\"tempo_seconds\\": 1.0, \\"hand_pk\\": 1, \\"time\\": 1738624507.346223}"	9	2025-02-03 23:15:07.348579+00
63	all-tables	message	"{\\"new-play\\": {\\"serialized\\": \\"\\\\u26603\\", \\"seat_pk\\": 4}, \\"tempo_seconds\\": 1.0, \\"hand_pk\\": 1, \\"time\\": 1738624507.346223}"	10	2025-02-03 23:15:07.355687+00
64	system:player:3	message	"{\\"new-play\\": {\\"serialized\\": \\"\\\\u26603\\", \\"seat_pk\\": 4}, \\"tempo_seconds\\": 1.0, \\"hand_pk\\": 1, \\"time\\": 1738624507.346223}"	10	2025-02-03 23:15:07.362856+00
65	system:player:1	message	"{\\"new-play\\": {\\"serialized\\": \\"\\\\u26603\\", \\"seat_pk\\": 4}, \\"tempo_seconds\\": 1.0, \\"hand_pk\\": 1, \\"time\\": 1738624507.346223}"	10	2025-02-03 23:15:07.372332+00
66	system:player:4	message	"{\\"new-play\\": {\\"serialized\\": \\"\\\\u26603\\", \\"seat_pk\\": 4}, \\"tempo_seconds\\": 1.0, \\"hand_pk\\": 1, \\"time\\": 1738624507.346223}"	10	2025-02-03 23:15:07.382186+00
67	system:player:2	message	"{\\"new-play\\": {\\"serialized\\": \\"\\\\u26603\\", \\"seat_pk\\": 4}, \\"tempo_seconds\\": 1.0, \\"hand_pk\\": 1, \\"time\\": 1738624507.346223}"	10	2025-02-03 23:15:07.390112+00
68	hand:1	message	"{\\"new-play\\": {\\"serialized\\": \\"\\\\u26653\\", \\"seat_pk\\": 1}, \\"tempo_seconds\\": 1.0, \\"hand_pk\\": 1, \\"time\\": 1738624508.914783}"	10	2025-02-03 23:15:08.919657+00
69	all-tables	message	"{\\"new-play\\": {\\"serialized\\": \\"\\\\u26653\\", \\"seat_pk\\": 1}, \\"tempo_seconds\\": 1.0, \\"hand_pk\\": 1, \\"time\\": 1738624508.914783}"	11	2025-02-03 23:15:08.935161+00
70	system:player:3	message	"{\\"new-play\\": {\\"serialized\\": \\"\\\\u26653\\", \\"seat_pk\\": 1}, \\"tempo_seconds\\": 1.0, \\"hand_pk\\": 1, \\"time\\": 1738624508.914783}"	11	2025-02-03 23:15:08.948203+00
71	system:player:1	message	"{\\"new-play\\": {\\"serialized\\": \\"\\\\u26653\\", \\"seat_pk\\": 1}, \\"tempo_seconds\\": 1.0, \\"hand_pk\\": 1, \\"time\\": 1738624508.914783}"	11	2025-02-03 23:15:08.965928+00
72	system:player:4	message	"{\\"new-play\\": {\\"serialized\\": \\"\\\\u26653\\", \\"seat_pk\\": 1}, \\"tempo_seconds\\": 1.0, \\"hand_pk\\": 1, \\"time\\": 1738624508.914783}"	11	2025-02-03 23:15:08.98703+00
73	system:player:2	message	"{\\"new-play\\": {\\"serialized\\": \\"\\\\u26653\\", \\"seat_pk\\": 1}, \\"tempo_seconds\\": 1.0, \\"hand_pk\\": 1, \\"time\\": 1738624508.914783}"	11	2025-02-03 23:15:08.999858+00
74	hand:1	message	"{\\"new-play\\": {\\"serialized\\": \\"\\\\u26607\\", \\"seat_pk\\": 2}, \\"tempo_seconds\\": 1.0, \\"hand_pk\\": 1, \\"time\\": 1738624510.8243022}"	11	2025-02-03 23:15:10.830378+00
75	all-tables	message	"{\\"new-play\\": {\\"serialized\\": \\"\\\\u26607\\", \\"seat_pk\\": 2}, \\"tempo_seconds\\": 1.0, \\"hand_pk\\": 1, \\"time\\": 1738624510.8243022}"	12	2025-02-03 23:15:10.848473+00
76	system:player:3	message	"{\\"new-play\\": {\\"serialized\\": \\"\\\\u26607\\", \\"seat_pk\\": 2}, \\"tempo_seconds\\": 1.0, \\"hand_pk\\": 1, \\"time\\": 1738624510.8243022}"	12	2025-02-03 23:15:10.870175+00
77	system:player:1	message	"{\\"new-play\\": {\\"serialized\\": \\"\\\\u26607\\", \\"seat_pk\\": 2}, \\"tempo_seconds\\": 1.0, \\"hand_pk\\": 1, \\"time\\": 1738624510.8243022}"	12	2025-02-03 23:15:10.888556+00
79	system:player:2	message	"{\\"new-play\\": {\\"serialized\\": \\"\\\\u26607\\", \\"seat_pk\\": 2}, \\"tempo_seconds\\": 1.0, \\"hand_pk\\": 1, \\"time\\": 1738624510.8243022}"	12	2025-02-03 23:15:10.929451+00
80	hand:1	message	"{\\"new-play\\": {\\"serialized\\": \\"\\\\u26608\\", \\"seat_pk\\": 3}, \\"tempo_seconds\\": 1.0, \\"hand_pk\\": 1, \\"time\\": 1738624512.5122828}"	12	2025-02-03 23:15:12.51648+00
81	all-tables	message	"{\\"new-play\\": {\\"serialized\\": \\"\\\\u26608\\", \\"seat_pk\\": 3}, \\"tempo_seconds\\": 1.0, \\"hand_pk\\": 1, \\"time\\": 1738624512.5122828}"	13	2025-02-03 23:15:12.526278+00
82	system:player:3	message	"{\\"new-play\\": {\\"serialized\\": \\"\\\\u26608\\", \\"seat_pk\\": 3}, \\"tempo_seconds\\": 1.0, \\"hand_pk\\": 1, \\"time\\": 1738624512.5122828}"	13	2025-02-03 23:15:12.536653+00
83	system:player:1	message	"{\\"new-play\\": {\\"serialized\\": \\"\\\\u26608\\", \\"seat_pk\\": 3}, \\"tempo_seconds\\": 1.0, \\"hand_pk\\": 1, \\"time\\": 1738624512.5122828}"	13	2025-02-03 23:15:12.548374+00
84	system:player:4	message	"{\\"new-play\\": {\\"serialized\\": \\"\\\\u26608\\", \\"seat_pk\\": 3}, \\"tempo_seconds\\": 1.0, \\"hand_pk\\": 1, \\"time\\": 1738624512.5122828}"	13	2025-02-03 23:15:12.555515+00
85	system:player:2	message	"{\\"new-play\\": {\\"serialized\\": \\"\\\\u26608\\", \\"seat_pk\\": 3}, \\"tempo_seconds\\": 1.0, \\"hand_pk\\": 1, \\"time\\": 1738624512.5122828}"	13	2025-02-03 23:15:12.564241+00
86	hand:1	message	"{\\"new-play\\": {\\"serialized\\": \\"\\\\u26605\\", \\"seat_pk\\": 4}, \\"tempo_seconds\\": 1.0, \\"hand_pk\\": 1, \\"time\\": 1738624513.840389}"	13	2025-02-03 23:15:13.845258+00
87	all-tables	message	"{\\"new-play\\": {\\"serialized\\": \\"\\\\u26605\\", \\"seat_pk\\": 4}, \\"tempo_seconds\\": 1.0, \\"hand_pk\\": 1, \\"time\\": 1738624513.840389}"	14	2025-02-03 23:15:13.859267+00
88	system:player:3	message	"{\\"new-play\\": {\\"serialized\\": \\"\\\\u26605\\", \\"seat_pk\\": 4}, \\"tempo_seconds\\": 1.0, \\"hand_pk\\": 1, \\"time\\": 1738624513.840389}"	14	2025-02-03 23:15:13.87675+00
89	system:player:1	message	"{\\"new-play\\": {\\"serialized\\": \\"\\\\u26605\\", \\"seat_pk\\": 4}, \\"tempo_seconds\\": 1.0, \\"hand_pk\\": 1, \\"time\\": 1738624513.840389}"	14	2025-02-03 23:15:13.893723+00
90	system:player:4	message	"{\\"new-play\\": {\\"serialized\\": \\"\\\\u26605\\", \\"seat_pk\\": 4}, \\"tempo_seconds\\": 1.0, \\"hand_pk\\": 1, \\"time\\": 1738624513.840389}"	14	2025-02-03 23:15:13.914266+00
91	system:player:2	message	"{\\"new-play\\": {\\"serialized\\": \\"\\\\u26605\\", \\"seat_pk\\": 4}, \\"tempo_seconds\\": 1.0, \\"hand_pk\\": 1, \\"time\\": 1738624513.840389}"	14	2025-02-03 23:15:13.930855+00
92	hand:1	message	"{\\"new-play\\": {\\"serialized\\": \\"\\\\u26657\\", \\"seat_pk\\": 1}, \\"tempo_seconds\\": 1.0, \\"hand_pk\\": 1, \\"time\\": 1738624515.1857018}"	14	2025-02-03 23:15:15.18973+00
93	all-tables	message	"{\\"new-play\\": {\\"serialized\\": \\"\\\\u26657\\", \\"seat_pk\\": 1}, \\"tempo_seconds\\": 1.0, \\"hand_pk\\": 1, \\"time\\": 1738624515.1857018}"	15	2025-02-03 23:15:15.204312+00
94	system:player:3	message	"{\\"new-play\\": {\\"serialized\\": \\"\\\\u26657\\", \\"seat_pk\\": 1}, \\"tempo_seconds\\": 1.0, \\"hand_pk\\": 1, \\"time\\": 1738624515.1857018}"	15	2025-02-03 23:15:15.221663+00
95	system:player:1	message	"{\\"new-play\\": {\\"serialized\\": \\"\\\\u26657\\", \\"seat_pk\\": 1}, \\"tempo_seconds\\": 1.0, \\"hand_pk\\": 1, \\"time\\": 1738624515.1857018}"	15	2025-02-03 23:15:15.235675+00
96	system:player:4	message	"{\\"new-play\\": {\\"serialized\\": \\"\\\\u26657\\", \\"seat_pk\\": 1}, \\"tempo_seconds\\": 1.0, \\"hand_pk\\": 1, \\"time\\": 1738624515.1857018}"	15	2025-02-03 23:15:15.253468+00
97	system:player:2	message	"{\\"new-play\\": {\\"serialized\\": \\"\\\\u26657\\", \\"seat_pk\\": 1}, \\"tempo_seconds\\": 1.0, \\"hand_pk\\": 1, \\"time\\": 1738624515.1857018}"	15	2025-02-03 23:15:15.269824+00
98	hand:1	message	"{\\"new-play\\": {\\"serialized\\": \\"\\\\u2660Q\\", \\"seat_pk\\": 3}, \\"tempo_seconds\\": 1.0, \\"hand_pk\\": 1, \\"time\\": 1738624519.755378}"	15	2025-02-03 23:15:19.761832+00
99	all-tables	message	"{\\"new-play\\": {\\"serialized\\": \\"\\\\u2660Q\\", \\"seat_pk\\": 3}, \\"tempo_seconds\\": 1.0, \\"hand_pk\\": 1, \\"time\\": 1738624519.755378}"	16	2025-02-03 23:15:19.781166+00
100	system:player:3	message	"{\\"new-play\\": {\\"serialized\\": \\"\\\\u2660Q\\", \\"seat_pk\\": 3}, \\"tempo_seconds\\": 1.0, \\"hand_pk\\": 1, \\"time\\": 1738624519.755378}"	16	2025-02-03 23:15:19.799584+00
101	system:player:1	message	"{\\"new-play\\": {\\"serialized\\": \\"\\\\u2660Q\\", \\"seat_pk\\": 3}, \\"tempo_seconds\\": 1.0, \\"hand_pk\\": 1, \\"time\\": 1738624519.755378}"	16	2025-02-03 23:15:19.813227+00
102	system:player:4	message	"{\\"new-play\\": {\\"serialized\\": \\"\\\\u2660Q\\", \\"seat_pk\\": 3}, \\"tempo_seconds\\": 1.0, \\"hand_pk\\": 1, \\"time\\": 1738624519.755378}"	16	2025-02-03 23:15:19.825543+00
103	system:player:2	message	"{\\"new-play\\": {\\"serialized\\": \\"\\\\u2660Q\\", \\"seat_pk\\": 3}, \\"tempo_seconds\\": 1.0, \\"hand_pk\\": 1, \\"time\\": 1738624519.755378}"	16	2025-02-03 23:15:19.845351+00
104	hand:1	message	"{\\"new-play\\": {\\"serialized\\": \\"\\\\u26606\\", \\"seat_pk\\": 4}, \\"tempo_seconds\\": 1.0, \\"hand_pk\\": 1, \\"time\\": 1738624521.1000478}"	16	2025-02-03 23:15:21.102909+00
105	all-tables	message	"{\\"new-play\\": {\\"serialized\\": \\"\\\\u26606\\", \\"seat_pk\\": 4}, \\"tempo_seconds\\": 1.0, \\"hand_pk\\": 1, \\"time\\": 1738624521.1000478}"	17	2025-02-03 23:15:21.11225+00
106	system:player:3	message	"{\\"new-play\\": {\\"serialized\\": \\"\\\\u26606\\", \\"seat_pk\\": 4}, \\"tempo_seconds\\": 1.0, \\"hand_pk\\": 1, \\"time\\": 1738624521.1000478}"	17	2025-02-03 23:15:21.122159+00
107	system:player:1	message	"{\\"new-play\\": {\\"serialized\\": \\"\\\\u26606\\", \\"seat_pk\\": 4}, \\"tempo_seconds\\": 1.0, \\"hand_pk\\": 1, \\"time\\": 1738624521.1000478}"	17	2025-02-03 23:15:21.13404+00
108	system:player:4	message	"{\\"new-play\\": {\\"serialized\\": \\"\\\\u26606\\", \\"seat_pk\\": 4}, \\"tempo_seconds\\": 1.0, \\"hand_pk\\": 1, \\"time\\": 1738624521.1000478}"	17	2025-02-03 23:15:21.142918+00
109	system:player:2	message	"{\\"new-play\\": {\\"serialized\\": \\"\\\\u26606\\", \\"seat_pk\\": 4}, \\"tempo_seconds\\": 1.0, \\"hand_pk\\": 1, \\"time\\": 1738624521.1000478}"	17	2025-02-03 23:15:21.153419+00
110	hand:1	message	"{\\"new-play\\": {\\"serialized\\": \\"\\\\u26658\\", \\"seat_pk\\": 1}, \\"tempo_seconds\\": 1.0, \\"hand_pk\\": 1, \\"time\\": 1738624522.800874}"	17	2025-02-03 23:15:22.803682+00
111	all-tables	message	"{\\"new-play\\": {\\"serialized\\": \\"\\\\u26658\\", \\"seat_pk\\": 1}, \\"tempo_seconds\\": 1.0, \\"hand_pk\\": 1, \\"time\\": 1738624522.800874}"	18	2025-02-03 23:15:22.814579+00
112	system:player:3	message	"{\\"new-play\\": {\\"serialized\\": \\"\\\\u26658\\", \\"seat_pk\\": 1}, \\"tempo_seconds\\": 1.0, \\"hand_pk\\": 1, \\"time\\": 1738624522.800874}"	18	2025-02-03 23:15:22.822024+00
113	system:player:1	message	"{\\"new-play\\": {\\"serialized\\": \\"\\\\u26658\\", \\"seat_pk\\": 1}, \\"tempo_seconds\\": 1.0, \\"hand_pk\\": 1, \\"time\\": 1738624522.800874}"	18	2025-02-03 23:15:22.829583+00
114	system:player:4	message	"{\\"new-play\\": {\\"serialized\\": \\"\\\\u26658\\", \\"seat_pk\\": 1}, \\"tempo_seconds\\": 1.0, \\"hand_pk\\": 1, \\"time\\": 1738624522.800874}"	18	2025-02-03 23:15:22.838308+00
115	system:player:2	message	"{\\"new-play\\": {\\"serialized\\": \\"\\\\u26658\\", \\"seat_pk\\": 1}, \\"tempo_seconds\\": 1.0, \\"hand_pk\\": 1, \\"time\\": 1738624522.800874}"	18	2025-02-03 23:15:22.84739+00
116	hand:1	message	"{\\"new-play\\": {\\"serialized\\": \\"\\\\u26609\\", \\"seat_pk\\": 2}, \\"tempo_seconds\\": 1.0, \\"hand_pk\\": 1, \\"time\\": 1738624524.334513}"	18	2025-02-03 23:15:24.338066+00
117	all-tables	message	"{\\"new-play\\": {\\"serialized\\": \\"\\\\u26609\\", \\"seat_pk\\": 2}, \\"tempo_seconds\\": 1.0, \\"hand_pk\\": 1, \\"time\\": 1738624524.334513}"	19	2025-02-03 23:15:24.349469+00
118	system:player:3	message	"{\\"new-play\\": {\\"serialized\\": \\"\\\\u26609\\", \\"seat_pk\\": 2}, \\"tempo_seconds\\": 1.0, \\"hand_pk\\": 1, \\"time\\": 1738624524.334513}"	19	2025-02-03 23:15:24.357078+00
119	system:player:1	message	"{\\"new-play\\": {\\"serialized\\": \\"\\\\u26609\\", \\"seat_pk\\": 2}, \\"tempo_seconds\\": 1.0, \\"hand_pk\\": 1, \\"time\\": 1738624524.334513}"	19	2025-02-03 23:15:24.365221+00
120	system:player:4	message	"{\\"new-play\\": {\\"serialized\\": \\"\\\\u26609\\", \\"seat_pk\\": 2}, \\"tempo_seconds\\": 1.0, \\"hand_pk\\": 1, \\"time\\": 1738624524.334513}"	19	2025-02-03 23:15:24.375341+00
121	system:player:2	message	"{\\"new-play\\": {\\"serialized\\": \\"\\\\u26609\\", \\"seat_pk\\": 2}, \\"tempo_seconds\\": 1.0, \\"hand_pk\\": 1, \\"time\\": 1738624524.334513}"	19	2025-02-03 23:15:24.387559+00
122	hand:1	message	"{\\"new-play\\": {\\"serialized\\": \\"\\\\u2665J\\", \\"seat_pk\\": 3}, \\"tempo_seconds\\": 1.0, \\"hand_pk\\": 1, \\"time\\": 1738624527.887245}"	19	2025-02-03 23:15:27.893527+00
123	all-tables	message	"{\\"new-play\\": {\\"serialized\\": \\"\\\\u2665J\\", \\"seat_pk\\": 3}, \\"tempo_seconds\\": 1.0, \\"hand_pk\\": 1, \\"time\\": 1738624527.887245}"	20	2025-02-03 23:15:27.913891+00
124	system:player:3	message	"{\\"new-play\\": {\\"serialized\\": \\"\\\\u2665J\\", \\"seat_pk\\": 3}, \\"tempo_seconds\\": 1.0, \\"hand_pk\\": 1, \\"time\\": 1738624527.887245}"	20	2025-02-03 23:15:27.935822+00
125	system:player:1	message	"{\\"new-play\\": {\\"serialized\\": \\"\\\\u2665J\\", \\"seat_pk\\": 3}, \\"tempo_seconds\\": 1.0, \\"hand_pk\\": 1, \\"time\\": 1738624527.887245}"	20	2025-02-03 23:15:27.948397+00
126	system:player:4	message	"{\\"new-play\\": {\\"serialized\\": \\"\\\\u2665J\\", \\"seat_pk\\": 3}, \\"tempo_seconds\\": 1.0, \\"hand_pk\\": 1, \\"time\\": 1738624527.887245}"	20	2025-02-03 23:15:27.967913+00
127	system:player:2	message	"{\\"new-play\\": {\\"serialized\\": \\"\\\\u2665J\\", \\"seat_pk\\": 3}, \\"tempo_seconds\\": 1.0, \\"hand_pk\\": 1, \\"time\\": 1738624527.887245}"	20	2025-02-03 23:15:27.984426+00
128	hand:1	message	"{\\"new-play\\": {\\"serialized\\": \\"\\\\u26655\\", \\"seat_pk\\": 4}, \\"tempo_seconds\\": 1.0, \\"hand_pk\\": 1, \\"time\\": 1738624529.458854}"	20	2025-02-03 23:15:29.464671+00
129	all-tables	message	"{\\"new-play\\": {\\"serialized\\": \\"\\\\u26655\\", \\"seat_pk\\": 4}, \\"tempo_seconds\\": 1.0, \\"hand_pk\\": 1, \\"time\\": 1738624529.458854}"	21	2025-02-03 23:15:29.480166+00
130	system:player:3	message	"{\\"new-play\\": {\\"serialized\\": \\"\\\\u26655\\", \\"seat_pk\\": 4}, \\"tempo_seconds\\": 1.0, \\"hand_pk\\": 1, \\"time\\": 1738624529.458854}"	21	2025-02-03 23:15:29.491806+00
131	system:player:1	message	"{\\"new-play\\": {\\"serialized\\": \\"\\\\u26655\\", \\"seat_pk\\": 4}, \\"tempo_seconds\\": 1.0, \\"hand_pk\\": 1, \\"time\\": 1738624529.458854}"	21	2025-02-03 23:15:29.509216+00
132	system:player:4	message	"{\\"new-play\\": {\\"serialized\\": \\"\\\\u26655\\", \\"seat_pk\\": 4}, \\"tempo_seconds\\": 1.0, \\"hand_pk\\": 1, \\"time\\": 1738624529.458854}"	21	2025-02-03 23:15:29.519011+00
133	system:player:2	message	"{\\"new-play\\": {\\"serialized\\": \\"\\\\u26655\\", \\"seat_pk\\": 4}, \\"tempo_seconds\\": 1.0, \\"hand_pk\\": 1, \\"time\\": 1738624529.458854}"	21	2025-02-03 23:15:29.528083+00
134	hand:1	message	"{\\"new-play\\": {\\"serialized\\": \\"\\\\u26659\\", \\"seat_pk\\": 1}, \\"tempo_seconds\\": 1.0, \\"hand_pk\\": 1, \\"time\\": 1738624530.9567769}"	21	2025-02-03 23:15:30.961834+00
135	all-tables	message	"{\\"new-play\\": {\\"serialized\\": \\"\\\\u26659\\", \\"seat_pk\\": 1}, \\"tempo_seconds\\": 1.0, \\"hand_pk\\": 1, \\"time\\": 1738624530.9567769}"	22	2025-02-03 23:15:30.972706+00
136	system:player:3	message	"{\\"new-play\\": {\\"serialized\\": \\"\\\\u26659\\", \\"seat_pk\\": 1}, \\"tempo_seconds\\": 1.0, \\"hand_pk\\": 1, \\"time\\": 1738624530.9567769}"	22	2025-02-03 23:15:30.984116+00
137	system:player:1	message	"{\\"new-play\\": {\\"serialized\\": \\"\\\\u26659\\", \\"seat_pk\\": 1}, \\"tempo_seconds\\": 1.0, \\"hand_pk\\": 1, \\"time\\": 1738624530.9567769}"	22	2025-02-03 23:15:30.99669+00
138	system:player:4	message	"{\\"new-play\\": {\\"serialized\\": \\"\\\\u26659\\", \\"seat_pk\\": 1}, \\"tempo_seconds\\": 1.0, \\"hand_pk\\": 1, \\"time\\": 1738624530.9567769}"	22	2025-02-03 23:15:31.007516+00
139	system:player:2	message	"{\\"new-play\\": {\\"serialized\\": \\"\\\\u26659\\", \\"seat_pk\\": 1}, \\"tempo_seconds\\": 1.0, \\"hand_pk\\": 1, \\"time\\": 1738624530.9567769}"	22	2025-02-03 23:15:31.016531+00
140	hand:1	message	"{\\"new-play\\": {\\"serialized\\": \\"\\\\u26654\\", \\"seat_pk\\": 2}, \\"tempo_seconds\\": 1.0, \\"hand_pk\\": 1, \\"time\\": 1738624532.498902}"	22	2025-02-03 23:15:32.503345+00
141	all-tables	message	"{\\"new-play\\": {\\"serialized\\": \\"\\\\u26654\\", \\"seat_pk\\": 2}, \\"tempo_seconds\\": 1.0, \\"hand_pk\\": 1, \\"time\\": 1738624532.498902}"	23	2025-02-03 23:15:32.519367+00
142	system:player:3	message	"{\\"new-play\\": {\\"serialized\\": \\"\\\\u26654\\", \\"seat_pk\\": 2}, \\"tempo_seconds\\": 1.0, \\"hand_pk\\": 1, \\"time\\": 1738624532.498902}"	23	2025-02-03 23:15:32.534221+00
143	system:player:1	message	"{\\"new-play\\": {\\"serialized\\": \\"\\\\u26654\\", \\"seat_pk\\": 2}, \\"tempo_seconds\\": 1.0, \\"hand_pk\\": 1, \\"time\\": 1738624532.498902}"	23	2025-02-03 23:15:32.549183+00
144	system:player:4	message	"{\\"new-play\\": {\\"serialized\\": \\"\\\\u26654\\", \\"seat_pk\\": 2}, \\"tempo_seconds\\": 1.0, \\"hand_pk\\": 1, \\"time\\": 1738624532.498902}"	23	2025-02-03 23:15:32.559262+00
145	system:player:2	message	"{\\"new-play\\": {\\"serialized\\": \\"\\\\u26654\\", \\"seat_pk\\": 2}, \\"tempo_seconds\\": 1.0, \\"hand_pk\\": 1, \\"time\\": 1738624532.498902}"	23	2025-02-03 23:15:32.576914+00
146	hand:1	message	"{\\"new-play\\": {\\"serialized\\": \\"\\\\u26652\\", \\"seat_pk\\": 3}, \\"tempo_seconds\\": 1.0, \\"hand_pk\\": 1, \\"time\\": 1738624535.084471}"	23	2025-02-03 23:15:35.09106+00
147	all-tables	message	"{\\"new-play\\": {\\"serialized\\": \\"\\\\u26652\\", \\"seat_pk\\": 3}, \\"tempo_seconds\\": 1.0, \\"hand_pk\\": 1, \\"time\\": 1738624535.084471}"	24	2025-02-03 23:15:35.110731+00
148	system:player:3	message	"{\\"new-play\\": {\\"serialized\\": \\"\\\\u26652\\", \\"seat_pk\\": 3}, \\"tempo_seconds\\": 1.0, \\"hand_pk\\": 1, \\"time\\": 1738624535.084471}"	24	2025-02-03 23:15:35.126545+00
149	system:player:1	message	"{\\"new-play\\": {\\"serialized\\": \\"\\\\u26652\\", \\"seat_pk\\": 3}, \\"tempo_seconds\\": 1.0, \\"hand_pk\\": 1, \\"time\\": 1738624535.084471}"	24	2025-02-03 23:15:35.13835+00
150	system:player:4	message	"{\\"new-play\\": {\\"serialized\\": \\"\\\\u26652\\", \\"seat_pk\\": 3}, \\"tempo_seconds\\": 1.0, \\"hand_pk\\": 1, \\"time\\": 1738624535.084471}"	24	2025-02-03 23:15:35.149211+00
151	system:player:2	message	"{\\"new-play\\": {\\"serialized\\": \\"\\\\u26652\\", \\"seat_pk\\": 3}, \\"tempo_seconds\\": 1.0, \\"hand_pk\\": 1, \\"time\\": 1738624535.084471}"	24	2025-02-03 23:15:35.168214+00
152	hand:1	message	"{\\"new-play\\": {\\"serialized\\": \\"\\\\u26656\\", \\"seat_pk\\": 4}, \\"tempo_seconds\\": 1.0, \\"hand_pk\\": 1, \\"time\\": 1738624536.801744}"	24	2025-02-03 23:15:36.806326+00
153	all-tables	message	"{\\"new-play\\": {\\"serialized\\": \\"\\\\u26656\\", \\"seat_pk\\": 4}, \\"tempo_seconds\\": 1.0, \\"hand_pk\\": 1, \\"time\\": 1738624536.801744}"	25	2025-02-03 23:15:36.824313+00
154	system:player:3	message	"{\\"new-play\\": {\\"serialized\\": \\"\\\\u26656\\", \\"seat_pk\\": 4}, \\"tempo_seconds\\": 1.0, \\"hand_pk\\": 1, \\"time\\": 1738624536.801744}"	25	2025-02-03 23:15:36.837078+00
155	system:player:1	message	"{\\"new-play\\": {\\"serialized\\": \\"\\\\u26656\\", \\"seat_pk\\": 4}, \\"tempo_seconds\\": 1.0, \\"hand_pk\\": 1, \\"time\\": 1738624536.801744}"	25	2025-02-03 23:15:36.848587+00
156	system:player:4	message	"{\\"new-play\\": {\\"serialized\\": \\"\\\\u26656\\", \\"seat_pk\\": 4}, \\"tempo_seconds\\": 1.0, \\"hand_pk\\": 1, \\"time\\": 1738624536.801744}"	25	2025-02-03 23:15:36.864623+00
157	system:player:2	message	"{\\"new-play\\": {\\"serialized\\": \\"\\\\u26656\\", \\"seat_pk\\": 4}, \\"tempo_seconds\\": 1.0, \\"hand_pk\\": 1, \\"time\\": 1738624536.801744}"	25	2025-02-03 23:15:36.874461+00
158	hand:1	message	"{\\"new-play\\": {\\"serialized\\": \\"\\\\u2665K\\", \\"seat_pk\\": 1}, \\"tempo_seconds\\": 1.0, \\"hand_pk\\": 1, \\"time\\": 1738624538.692897}"	25	2025-02-03 23:15:38.697448+00
159	all-tables	message	"{\\"new-play\\": {\\"serialized\\": \\"\\\\u2665K\\", \\"seat_pk\\": 1}, \\"tempo_seconds\\": 1.0, \\"hand_pk\\": 1, \\"time\\": 1738624538.692897}"	26	2025-02-03 23:15:38.711332+00
160	system:player:3	message	"{\\"new-play\\": {\\"serialized\\": \\"\\\\u2665K\\", \\"seat_pk\\": 1}, \\"tempo_seconds\\": 1.0, \\"hand_pk\\": 1, \\"time\\": 1738624538.692897}"	26	2025-02-03 23:15:38.72995+00
161	system:player:1	message	"{\\"new-play\\": {\\"serialized\\": \\"\\\\u2665K\\", \\"seat_pk\\": 1}, \\"tempo_seconds\\": 1.0, \\"hand_pk\\": 1, \\"time\\": 1738624538.692897}"	26	2025-02-03 23:15:38.745346+00
162	system:player:4	message	"{\\"new-play\\": {\\"serialized\\": \\"\\\\u2665K\\", \\"seat_pk\\": 1}, \\"tempo_seconds\\": 1.0, \\"hand_pk\\": 1, \\"time\\": 1738624538.692897}"	26	2025-02-03 23:15:38.762847+00
163	system:player:2	message	"{\\"new-play\\": {\\"serialized\\": \\"\\\\u2665K\\", \\"seat_pk\\": 1}, \\"tempo_seconds\\": 1.0, \\"hand_pk\\": 1, \\"time\\": 1738624538.692897}"	26	2025-02-03 23:15:38.779629+00
164	hand:1	message	"{\\"new-play\\": {\\"serialized\\": \\"\\\\u2665T\\", \\"seat_pk\\": 2}, \\"tempo_seconds\\": 1.0, \\"hand_pk\\": 1, \\"time\\": 1738624540.0478568}"	26	2025-02-03 23:15:40.05216+00
165	all-tables	message	"{\\"new-play\\": {\\"serialized\\": \\"\\\\u2665T\\", \\"seat_pk\\": 2}, \\"tempo_seconds\\": 1.0, \\"hand_pk\\": 1, \\"time\\": 1738624540.0478568}"	27	2025-02-03 23:15:40.065348+00
166	system:player:3	message	"{\\"new-play\\": {\\"serialized\\": \\"\\\\u2665T\\", \\"seat_pk\\": 2}, \\"tempo_seconds\\": 1.0, \\"hand_pk\\": 1, \\"time\\": 1738624540.0478568}"	27	2025-02-03 23:15:40.074713+00
167	system:player:1	message	"{\\"new-play\\": {\\"serialized\\": \\"\\\\u2665T\\", \\"seat_pk\\": 2}, \\"tempo_seconds\\": 1.0, \\"hand_pk\\": 1, \\"time\\": 1738624540.0478568}"	27	2025-02-03 23:15:40.087404+00
168	system:player:4	message	"{\\"new-play\\": {\\"serialized\\": \\"\\\\u2665T\\", \\"seat_pk\\": 2}, \\"tempo_seconds\\": 1.0, \\"hand_pk\\": 1, \\"time\\": 1738624540.0478568}"	27	2025-02-03 23:15:40.098613+00
169	system:player:2	message	"{\\"new-play\\": {\\"serialized\\": \\"\\\\u2665T\\", \\"seat_pk\\": 2}, \\"tempo_seconds\\": 1.0, \\"hand_pk\\": 1, \\"time\\": 1738624540.0478568}"	27	2025-02-03 23:15:40.109697+00
170	hand:1	message	"{\\"new-play\\": {\\"serialized\\": \\"\\\\u2665A\\", \\"seat_pk\\": 1}, \\"tempo_seconds\\": 1.0, \\"hand_pk\\": 1, \\"time\\": 1738624541.747297}"	27	2025-02-03 23:15:41.753203+00
171	all-tables	message	"{\\"new-play\\": {\\"serialized\\": \\"\\\\u2665A\\", \\"seat_pk\\": 1}, \\"tempo_seconds\\": 1.0, \\"hand_pk\\": 1, \\"time\\": 1738624541.747297}"	28	2025-02-03 23:15:41.77201+00
172	system:player:3	message	"{\\"new-play\\": {\\"serialized\\": \\"\\\\u2665A\\", \\"seat_pk\\": 1}, \\"tempo_seconds\\": 1.0, \\"hand_pk\\": 1, \\"time\\": 1738624541.747297}"	28	2025-02-03 23:15:41.791627+00
173	system:player:1	message	"{\\"new-play\\": {\\"serialized\\": \\"\\\\u2665A\\", \\"seat_pk\\": 1}, \\"tempo_seconds\\": 1.0, \\"hand_pk\\": 1, \\"time\\": 1738624541.747297}"	28	2025-02-03 23:15:41.812752+00
174	system:player:4	message	"{\\"new-play\\": {\\"serialized\\": \\"\\\\u2665A\\", \\"seat_pk\\": 1}, \\"tempo_seconds\\": 1.0, \\"hand_pk\\": 1, \\"time\\": 1738624541.747297}"	28	2025-02-03 23:15:41.825914+00
175	system:player:2	message	"{\\"new-play\\": {\\"serialized\\": \\"\\\\u2665A\\", \\"seat_pk\\": 1}, \\"tempo_seconds\\": 1.0, \\"hand_pk\\": 1, \\"time\\": 1738624541.747297}"	28	2025-02-03 23:15:41.84579+00
176	hand:1	message	"{\\"new-play\\": {\\"serialized\\": \\"\\\\u2665Q\\", \\"seat_pk\\": 2}, \\"tempo_seconds\\": 1.0, \\"hand_pk\\": 1, \\"time\\": 1738624543.141106}"	28	2025-02-03 23:15:43.144268+00
177	all-tables	message	"{\\"new-play\\": {\\"serialized\\": \\"\\\\u2665Q\\", \\"seat_pk\\": 2}, \\"tempo_seconds\\": 1.0, \\"hand_pk\\": 1, \\"time\\": 1738624543.141106}"	29	2025-02-03 23:15:43.1567+00
178	system:player:3	message	"{\\"new-play\\": {\\"serialized\\": \\"\\\\u2665Q\\", \\"seat_pk\\": 2}, \\"tempo_seconds\\": 1.0, \\"hand_pk\\": 1, \\"time\\": 1738624543.141106}"	29	2025-02-03 23:15:43.166768+00
179	system:player:1	message	"{\\"new-play\\": {\\"serialized\\": \\"\\\\u2665Q\\", \\"seat_pk\\": 2}, \\"tempo_seconds\\": 1.0, \\"hand_pk\\": 1, \\"time\\": 1738624543.141106}"	29	2025-02-03 23:15:43.179966+00
180	system:player:4	message	"{\\"new-play\\": {\\"serialized\\": \\"\\\\u2665Q\\", \\"seat_pk\\": 2}, \\"tempo_seconds\\": 1.0, \\"hand_pk\\": 1, \\"time\\": 1738624543.141106}"	29	2025-02-03 23:15:43.190027+00
181	system:player:2	message	"{\\"new-play\\": {\\"serialized\\": \\"\\\\u2665Q\\", \\"seat_pk\\": 2}, \\"tempo_seconds\\": 1.0, \\"hand_pk\\": 1, \\"time\\": 1738624543.141106}"	29	2025-02-03 23:15:43.204651+00
182	hand:1	message	"{\\"new-play\\": {\\"serialized\\": \\"\\\\u26662\\", \\"seat_pk\\": 3}, \\"tempo_seconds\\": 1.0, \\"hand_pk\\": 1, \\"time\\": 1738624545.052446}"	29	2025-02-03 23:15:45.056677+00
183	all-tables	message	"{\\"new-play\\": {\\"serialized\\": \\"\\\\u26662\\", \\"seat_pk\\": 3}, \\"tempo_seconds\\": 1.0, \\"hand_pk\\": 1, \\"time\\": 1738624545.052446}"	30	2025-02-03 23:15:45.071527+00
184	system:player:3	message	"{\\"new-play\\": {\\"serialized\\": \\"\\\\u26662\\", \\"seat_pk\\": 3}, \\"tempo_seconds\\": 1.0, \\"hand_pk\\": 1, \\"time\\": 1738624545.052446}"	30	2025-02-03 23:15:45.086035+00
185	system:player:1	message	"{\\"new-play\\": {\\"serialized\\": \\"\\\\u26662\\", \\"seat_pk\\": 3}, \\"tempo_seconds\\": 1.0, \\"hand_pk\\": 1, \\"time\\": 1738624545.052446}"	30	2025-02-03 23:15:45.098748+00
186	system:player:4	message	"{\\"new-play\\": {\\"serialized\\": \\"\\\\u26662\\", \\"seat_pk\\": 3}, \\"tempo_seconds\\": 1.0, \\"hand_pk\\": 1, \\"time\\": 1738624545.052446}"	30	2025-02-03 23:15:45.110696+00
187	system:player:2	message	"{\\"new-play\\": {\\"serialized\\": \\"\\\\u26662\\", \\"seat_pk\\": 3}, \\"tempo_seconds\\": 1.0, \\"hand_pk\\": 1, \\"time\\": 1738624545.052446}"	30	2025-02-03 23:15:45.125004+00
188	hand:1	message	"{\\"new-play\\": {\\"serialized\\": \\"\\\\u26664\\", \\"seat_pk\\": 4}, \\"tempo_seconds\\": 1.0, \\"hand_pk\\": 1, \\"time\\": 1738624546.158145}"	30	2025-02-03 23:15:46.162922+00
189	all-tables	message	"{\\"new-play\\": {\\"serialized\\": \\"\\\\u26664\\", \\"seat_pk\\": 4}, \\"tempo_seconds\\": 1.0, \\"hand_pk\\": 1, \\"time\\": 1738624546.158145}"	31	2025-02-03 23:15:46.178749+00
190	system:player:3	message	"{\\"new-play\\": {\\"serialized\\": \\"\\\\u26664\\", \\"seat_pk\\": 4}, \\"tempo_seconds\\": 1.0, \\"hand_pk\\": 1, \\"time\\": 1738624546.158145}"	31	2025-02-03 23:15:46.193434+00
191	system:player:1	message	"{\\"new-play\\": {\\"serialized\\": \\"\\\\u26664\\", \\"seat_pk\\": 4}, \\"tempo_seconds\\": 1.0, \\"hand_pk\\": 1, \\"time\\": 1738624546.158145}"	31	2025-02-03 23:15:46.211628+00
192	system:player:4	message	"{\\"new-play\\": {\\"serialized\\": \\"\\\\u26664\\", \\"seat_pk\\": 4}, \\"tempo_seconds\\": 1.0, \\"hand_pk\\": 1, \\"time\\": 1738624546.158145}"	31	2025-02-03 23:15:46.226902+00
193	system:player:2	message	"{\\"new-play\\": {\\"serialized\\": \\"\\\\u26664\\", \\"seat_pk\\": 4}, \\"tempo_seconds\\": 1.0, \\"hand_pk\\": 1, \\"time\\": 1738624546.158145}"	31	2025-02-03 23:15:46.24315+00
194	hand:1	message	"{\\"new-play\\": {\\"serialized\\": \\"\\\\u26638\\", \\"seat_pk\\": 1}, \\"tempo_seconds\\": 1.0, \\"hand_pk\\": 1, \\"time\\": 1738624549.457319}"	31	2025-02-03 23:15:49.464511+00
195	all-tables	message	"{\\"new-play\\": {\\"serialized\\": \\"\\\\u26638\\", \\"seat_pk\\": 1}, \\"tempo_seconds\\": 1.0, \\"hand_pk\\": 1, \\"time\\": 1738624549.457319}"	32	2025-02-03 23:15:49.480556+00
196	system:player:3	message	"{\\"new-play\\": {\\"serialized\\": \\"\\\\u26638\\", \\"seat_pk\\": 1}, \\"tempo_seconds\\": 1.0, \\"hand_pk\\": 1, \\"time\\": 1738624549.457319}"	32	2025-02-03 23:15:49.503409+00
197	system:player:1	message	"{\\"new-play\\": {\\"serialized\\": \\"\\\\u26638\\", \\"seat_pk\\": 1}, \\"tempo_seconds\\": 1.0, \\"hand_pk\\": 1, \\"time\\": 1738624549.457319}"	32	2025-02-03 23:15:49.520551+00
198	system:player:4	message	"{\\"new-play\\": {\\"serialized\\": \\"\\\\u26638\\", \\"seat_pk\\": 1}, \\"tempo_seconds\\": 1.0, \\"hand_pk\\": 1, \\"time\\": 1738624549.457319}"	32	2025-02-03 23:15:49.536731+00
199	system:player:2	message	"{\\"new-play\\": {\\"serialized\\": \\"\\\\u26638\\", \\"seat_pk\\": 1}, \\"tempo_seconds\\": 1.0, \\"hand_pk\\": 1, \\"time\\": 1738624549.457319}"	32	2025-02-03 23:15:49.550092+00
200	hand:1	message	"{\\"new-play\\": {\\"serialized\\": \\"\\\\u2663Q\\", \\"seat_pk\\": 2}, \\"tempo_seconds\\": 1.0, \\"hand_pk\\": 1, \\"time\\": 1738624550.8670468}"	32	2025-02-03 23:15:50.870448+00
201	all-tables	message	"{\\"new-play\\": {\\"serialized\\": \\"\\\\u2663Q\\", \\"seat_pk\\": 2}, \\"tempo_seconds\\": 1.0, \\"hand_pk\\": 1, \\"time\\": 1738624550.8670468}"	33	2025-02-03 23:15:50.880188+00
202	system:player:3	message	"{\\"new-play\\": {\\"serialized\\": \\"\\\\u2663Q\\", \\"seat_pk\\": 2}, \\"tempo_seconds\\": 1.0, \\"hand_pk\\": 1, \\"time\\": 1738624550.8670468}"	33	2025-02-03 23:15:50.891621+00
203	system:player:1	message	"{\\"new-play\\": {\\"serialized\\": \\"\\\\u2663Q\\", \\"seat_pk\\": 2}, \\"tempo_seconds\\": 1.0, \\"hand_pk\\": 1, \\"time\\": 1738624550.8670468}"	33	2025-02-03 23:15:50.898883+00
204	system:player:4	message	"{\\"new-play\\": {\\"serialized\\": \\"\\\\u2663Q\\", \\"seat_pk\\": 2}, \\"tempo_seconds\\": 1.0, \\"hand_pk\\": 1, \\"time\\": 1738624550.8670468}"	33	2025-02-03 23:15:50.905335+00
205	system:player:2	message	"{\\"new-play\\": {\\"serialized\\": \\"\\\\u2663Q\\", \\"seat_pk\\": 2}, \\"tempo_seconds\\": 1.0, \\"hand_pk\\": 1, \\"time\\": 1738624550.8670468}"	33	2025-02-03 23:15:50.916893+00
206	hand:1	message	"{\\"new-play\\": {\\"serialized\\": \\"\\\\u2663T\\", \\"seat_pk\\": 3}, \\"tempo_seconds\\": 1.0, \\"hand_pk\\": 1, \\"time\\": 1738624552.328012}"	33	2025-02-03 23:15:52.333257+00
207	all-tables	message	"{\\"new-play\\": {\\"serialized\\": \\"\\\\u2663T\\", \\"seat_pk\\": 3}, \\"tempo_seconds\\": 1.0, \\"hand_pk\\": 1, \\"time\\": 1738624552.328012}"	34	2025-02-03 23:15:52.346922+00
208	system:player:3	message	"{\\"new-play\\": {\\"serialized\\": \\"\\\\u2663T\\", \\"seat_pk\\": 3}, \\"tempo_seconds\\": 1.0, \\"hand_pk\\": 1, \\"time\\": 1738624552.328012}"	34	2025-02-03 23:15:52.361219+00
209	system:player:1	message	"{\\"new-play\\": {\\"serialized\\": \\"\\\\u2663T\\", \\"seat_pk\\": 3}, \\"tempo_seconds\\": 1.0, \\"hand_pk\\": 1, \\"time\\": 1738624552.328012}"	34	2025-02-03 23:15:52.377677+00
210	system:player:4	message	"{\\"new-play\\": {\\"serialized\\": \\"\\\\u2663T\\", \\"seat_pk\\": 3}, \\"tempo_seconds\\": 1.0, \\"hand_pk\\": 1, \\"time\\": 1738624552.328012}"	34	2025-02-03 23:15:52.395899+00
211	system:player:2	message	"{\\"new-play\\": {\\"serialized\\": \\"\\\\u2663T\\", \\"seat_pk\\": 3}, \\"tempo_seconds\\": 1.0, \\"hand_pk\\": 1, \\"time\\": 1738624552.328012}"	34	2025-02-03 23:15:52.412315+00
212	hand:1	message	"{\\"new-play\\": {\\"serialized\\": \\"\\\\u2663K\\", \\"seat_pk\\": 4}, \\"tempo_seconds\\": 1.0, \\"hand_pk\\": 1, \\"time\\": 1738624553.924313}"	34	2025-02-03 23:15:53.928368+00
213	all-tables	message	"{\\"new-play\\": {\\"serialized\\": \\"\\\\u2663K\\", \\"seat_pk\\": 4}, \\"tempo_seconds\\": 1.0, \\"hand_pk\\": 1, \\"time\\": 1738624553.924313}"	35	2025-02-03 23:15:53.94022+00
214	system:player:3	message	"{\\"new-play\\": {\\"serialized\\": \\"\\\\u2663K\\", \\"seat_pk\\": 4}, \\"tempo_seconds\\": 1.0, \\"hand_pk\\": 1, \\"time\\": 1738624553.924313}"	35	2025-02-03 23:15:53.949054+00
215	system:player:1	message	"{\\"new-play\\": {\\"serialized\\": \\"\\\\u2663K\\", \\"seat_pk\\": 4}, \\"tempo_seconds\\": 1.0, \\"hand_pk\\": 1, \\"time\\": 1738624553.924313}"	35	2025-02-03 23:15:53.963165+00
216	system:player:4	message	"{\\"new-play\\": {\\"serialized\\": \\"\\\\u2663K\\", \\"seat_pk\\": 4}, \\"tempo_seconds\\": 1.0, \\"hand_pk\\": 1, \\"time\\": 1738624553.924313}"	35	2025-02-03 23:15:53.972259+00
217	system:player:2	message	"{\\"new-play\\": {\\"serialized\\": \\"\\\\u2663K\\", \\"seat_pk\\": 4}, \\"tempo_seconds\\": 1.0, \\"hand_pk\\": 1, \\"time\\": 1738624553.924313}"	35	2025-02-03 23:15:53.985144+00
218	hand:1	message	"{\\"new-play\\": {\\"serialized\\": \\"\\\\u2663A\\", \\"seat_pk\\": 4}, \\"tempo_seconds\\": 1.0, \\"hand_pk\\": 1, \\"time\\": 1738624555.4225779}"	35	2025-02-03 23:15:55.428548+00
219	all-tables	message	"{\\"new-play\\": {\\"serialized\\": \\"\\\\u2663A\\", \\"seat_pk\\": 4}, \\"tempo_seconds\\": 1.0, \\"hand_pk\\": 1, \\"time\\": 1738624555.4225779}"	36	2025-02-03 23:15:55.44622+00
220	system:player:3	message	"{\\"new-play\\": {\\"serialized\\": \\"\\\\u2663A\\", \\"seat_pk\\": 4}, \\"tempo_seconds\\": 1.0, \\"hand_pk\\": 1, \\"time\\": 1738624555.4225779}"	36	2025-02-03 23:15:55.467966+00
221	system:player:1	message	"{\\"new-play\\": {\\"serialized\\": \\"\\\\u2663A\\", \\"seat_pk\\": 4}, \\"tempo_seconds\\": 1.0, \\"hand_pk\\": 1, \\"time\\": 1738624555.4225779}"	36	2025-02-03 23:15:55.479987+00
222	system:player:4	message	"{\\"new-play\\": {\\"serialized\\": \\"\\\\u2663A\\", \\"seat_pk\\": 4}, \\"tempo_seconds\\": 1.0, \\"hand_pk\\": 1, \\"time\\": 1738624555.4225779}"	36	2025-02-03 23:15:55.492171+00
223	system:player:2	message	"{\\"new-play\\": {\\"serialized\\": \\"\\\\u2663A\\", \\"seat_pk\\": 4}, \\"tempo_seconds\\": 1.0, \\"hand_pk\\": 1, \\"time\\": 1738624555.4225779}"	36	2025-02-03 23:15:55.512619+00
224	hand:1	message	"{\\"new-play\\": {\\"serialized\\": \\"\\\\u2663J\\", \\"seat_pk\\": 1}, \\"tempo_seconds\\": 1.0, \\"hand_pk\\": 1, \\"time\\": 1738624556.8797472}"	36	2025-02-03 23:15:56.883127+00
225	all-tables	message	"{\\"new-play\\": {\\"serialized\\": \\"\\\\u2663J\\", \\"seat_pk\\": 1}, \\"tempo_seconds\\": 1.0, \\"hand_pk\\": 1, \\"time\\": 1738624556.8797472}"	37	2025-02-03 23:15:56.898207+00
226	system:player:3	message	"{\\"new-play\\": {\\"serialized\\": \\"\\\\u2663J\\", \\"seat_pk\\": 1}, \\"tempo_seconds\\": 1.0, \\"hand_pk\\": 1, \\"time\\": 1738624556.8797472}"	37	2025-02-03 23:15:56.913586+00
227	system:player:1	message	"{\\"new-play\\": {\\"serialized\\": \\"\\\\u2663J\\", \\"seat_pk\\": 1}, \\"tempo_seconds\\": 1.0, \\"hand_pk\\": 1, \\"time\\": 1738624556.8797472}"	37	2025-02-03 23:15:56.926892+00
228	system:player:4	message	"{\\"new-play\\": {\\"serialized\\": \\"\\\\u2663J\\", \\"seat_pk\\": 1}, \\"tempo_seconds\\": 1.0, \\"hand_pk\\": 1, \\"time\\": 1738624556.8797472}"	37	2025-02-03 23:15:56.942437+00
229	system:player:2	message	"{\\"new-play\\": {\\"serialized\\": \\"\\\\u2663J\\", \\"seat_pk\\": 1}, \\"tempo_seconds\\": 1.0, \\"hand_pk\\": 1, \\"time\\": 1738624556.8797472}"	37	2025-02-03 23:15:56.955349+00
230	hand:1	message	"{\\"new-play\\": {\\"serialized\\": \\"\\\\u26639\\", \\"seat_pk\\": 2}, \\"tempo_seconds\\": 1.0, \\"hand_pk\\": 1, \\"time\\": 1738624558.253085}"	37	2025-02-03 23:15:58.257098+00
231	all-tables	message	"{\\"new-play\\": {\\"serialized\\": \\"\\\\u26639\\", \\"seat_pk\\": 2}, \\"tempo_seconds\\": 1.0, \\"hand_pk\\": 1, \\"time\\": 1738624558.253085}"	38	2025-02-03 23:15:58.271764+00
232	system:player:3	message	"{\\"new-play\\": {\\"serialized\\": \\"\\\\u26639\\", \\"seat_pk\\": 2}, \\"tempo_seconds\\": 1.0, \\"hand_pk\\": 1, \\"time\\": 1738624558.253085}"	38	2025-02-03 23:15:58.282309+00
233	system:player:1	message	"{\\"new-play\\": {\\"serialized\\": \\"\\\\u26639\\", \\"seat_pk\\": 2}, \\"tempo_seconds\\": 1.0, \\"hand_pk\\": 1, \\"time\\": 1738624558.253085}"	38	2025-02-03 23:15:58.294528+00
234	system:player:4	message	"{\\"new-play\\": {\\"serialized\\": \\"\\\\u26639\\", \\"seat_pk\\": 2}, \\"tempo_seconds\\": 1.0, \\"hand_pk\\": 1, \\"time\\": 1738624558.253085}"	38	2025-02-03 23:15:58.307759+00
235	system:player:2	message	"{\\"new-play\\": {\\"serialized\\": \\"\\\\u26639\\", \\"seat_pk\\": 2}, \\"tempo_seconds\\": 1.0, \\"hand_pk\\": 1, \\"time\\": 1738624558.253085}"	38	2025-02-03 23:15:58.320558+00
236	hand:1	message	"{\\"new-play\\": {\\"serialized\\": \\"\\\\u26635\\", \\"seat_pk\\": 3}, \\"tempo_seconds\\": 1.0, \\"hand_pk\\": 1, \\"time\\": 1738624559.887234}"	38	2025-02-03 23:15:59.891036+00
237	all-tables	message	"{\\"new-play\\": {\\"serialized\\": \\"\\\\u26635\\", \\"seat_pk\\": 3}, \\"tempo_seconds\\": 1.0, \\"hand_pk\\": 1, \\"time\\": 1738624559.887234}"	39	2025-02-03 23:15:59.904967+00
238	system:player:3	message	"{\\"new-play\\": {\\"serialized\\": \\"\\\\u26635\\", \\"seat_pk\\": 3}, \\"tempo_seconds\\": 1.0, \\"hand_pk\\": 1, \\"time\\": 1738624559.887234}"	39	2025-02-03 23:15:59.919331+00
239	system:player:1	message	"{\\"new-play\\": {\\"serialized\\": \\"\\\\u26635\\", \\"seat_pk\\": 3}, \\"tempo_seconds\\": 1.0, \\"hand_pk\\": 1, \\"time\\": 1738624559.887234}"	39	2025-02-03 23:15:59.935462+00
240	system:player:4	message	"{\\"new-play\\": {\\"serialized\\": \\"\\\\u26635\\", \\"seat_pk\\": 3}, \\"tempo_seconds\\": 1.0, \\"hand_pk\\": 1, \\"time\\": 1738624559.887234}"	39	2025-02-03 23:15:59.946606+00
241	system:player:2	message	"{\\"new-play\\": {\\"serialized\\": \\"\\\\u26635\\", \\"seat_pk\\": 3}, \\"tempo_seconds\\": 1.0, \\"hand_pk\\": 1, \\"time\\": 1738624559.887234}"	39	2025-02-03 23:15:59.962458+00
242	hand:1	message	"{\\"new-play\\": {\\"serialized\\": \\"\\\\u26665\\", \\"seat_pk\\": 4}, \\"tempo_seconds\\": 1.0, \\"hand_pk\\": 1, \\"time\\": 1738624561.94078}"	39	2025-02-03 23:16:01.947822+00
243	all-tables	message	"{\\"new-play\\": {\\"serialized\\": \\"\\\\u26665\\", \\"seat_pk\\": 4}, \\"tempo_seconds\\": 1.0, \\"hand_pk\\": 1, \\"time\\": 1738624561.94078}"	40	2025-02-03 23:16:01.966585+00
244	system:player:3	message	"{\\"new-play\\": {\\"serialized\\": \\"\\\\u26665\\", \\"seat_pk\\": 4}, \\"tempo_seconds\\": 1.0, \\"hand_pk\\": 1, \\"time\\": 1738624561.94078}"	40	2025-02-03 23:16:01.984087+00
245	system:player:1	message	"{\\"new-play\\": {\\"serialized\\": \\"\\\\u26665\\", \\"seat_pk\\": 4}, \\"tempo_seconds\\": 1.0, \\"hand_pk\\": 1, \\"time\\": 1738624561.94078}"	40	2025-02-03 23:16:01.998804+00
246	system:player:4	message	"{\\"new-play\\": {\\"serialized\\": \\"\\\\u26665\\", \\"seat_pk\\": 4}, \\"tempo_seconds\\": 1.0, \\"hand_pk\\": 1, \\"time\\": 1738624561.94078}"	40	2025-02-03 23:16:02.014369+00
247	system:player:2	message	"{\\"new-play\\": {\\"serialized\\": \\"\\\\u26665\\", \\"seat_pk\\": 4}, \\"tempo_seconds\\": 1.0, \\"hand_pk\\": 1, \\"time\\": 1738624561.94078}"	40	2025-02-03 23:16:02.034853+00
248	hand:1	message	"{\\"new-play\\": {\\"serialized\\": \\"\\\\u26663\\", \\"seat_pk\\": 1}, \\"tempo_seconds\\": 1.0, \\"hand_pk\\": 1, \\"time\\": 1738624563.618258}"	40	2025-02-03 23:16:03.622054+00
249	all-tables	message	"{\\"new-play\\": {\\"serialized\\": \\"\\\\u26663\\", \\"seat_pk\\": 1}, \\"tempo_seconds\\": 1.0, \\"hand_pk\\": 1, \\"time\\": 1738624563.618258}"	41	2025-02-03 23:16:03.634515+00
250	system:player:3	message	"{\\"new-play\\": {\\"serialized\\": \\"\\\\u26663\\", \\"seat_pk\\": 1}, \\"tempo_seconds\\": 1.0, \\"hand_pk\\": 1, \\"time\\": 1738624563.618258}"	41	2025-02-03 23:16:03.64654+00
251	system:player:1	message	"{\\"new-play\\": {\\"serialized\\": \\"\\\\u26663\\", \\"seat_pk\\": 1}, \\"tempo_seconds\\": 1.0, \\"hand_pk\\": 1, \\"time\\": 1738624563.618258}"	41	2025-02-03 23:16:03.658154+00
252	system:player:4	message	"{\\"new-play\\": {\\"serialized\\": \\"\\\\u26663\\", \\"seat_pk\\": 1}, \\"tempo_seconds\\": 1.0, \\"hand_pk\\": 1, \\"time\\": 1738624563.618258}"	41	2025-02-03 23:16:03.668376+00
253	system:player:2	message	"{\\"new-play\\": {\\"serialized\\": \\"\\\\u26663\\", \\"seat_pk\\": 1}, \\"tempo_seconds\\": 1.0, \\"hand_pk\\": 1, \\"time\\": 1738624563.618258}"	41	2025-02-03 23:16:03.680278+00
254	hand:1	message	"{\\"new-play\\": {\\"serialized\\": \\"\\\\u26633\\", \\"seat_pk\\": 2}, \\"tempo_seconds\\": 1.0, \\"hand_pk\\": 1, \\"time\\": 1738624565.289448}"	41	2025-02-03 23:16:05.293651+00
255	all-tables	message	"{\\"new-play\\": {\\"serialized\\": \\"\\\\u26633\\", \\"seat_pk\\": 2}, \\"tempo_seconds\\": 1.0, \\"hand_pk\\": 1, \\"time\\": 1738624565.289448}"	42	2025-02-03 23:16:05.305871+00
256	system:player:3	message	"{\\"new-play\\": {\\"serialized\\": \\"\\\\u26633\\", \\"seat_pk\\": 2}, \\"tempo_seconds\\": 1.0, \\"hand_pk\\": 1, \\"time\\": 1738624565.289448}"	42	2025-02-03 23:16:05.320007+00
257	system:player:1	message	"{\\"new-play\\": {\\"serialized\\": \\"\\\\u26633\\", \\"seat_pk\\": 2}, \\"tempo_seconds\\": 1.0, \\"hand_pk\\": 1, \\"time\\": 1738624565.289448}"	42	2025-02-03 23:16:05.334756+00
258	system:player:4	message	"{\\"new-play\\": {\\"serialized\\": \\"\\\\u26633\\", \\"seat_pk\\": 2}, \\"tempo_seconds\\": 1.0, \\"hand_pk\\": 1, \\"time\\": 1738624565.289448}"	42	2025-02-03 23:16:05.347629+00
259	system:player:2	message	"{\\"new-play\\": {\\"serialized\\": \\"\\\\u26633\\", \\"seat_pk\\": 2}, \\"tempo_seconds\\": 1.0, \\"hand_pk\\": 1, \\"time\\": 1738624565.289448}"	42	2025-02-03 23:16:05.360249+00
260	hand:1	message	"{\\"new-play\\": {\\"serialized\\": \\"\\\\u26668\\", \\"seat_pk\\": 3}, \\"tempo_seconds\\": 1.0, \\"hand_pk\\": 1, \\"time\\": 1738624566.886226}"	42	2025-02-03 23:16:06.890557+00
261	all-tables	message	"{\\"new-play\\": {\\"serialized\\": \\"\\\\u26668\\", \\"seat_pk\\": 3}, \\"tempo_seconds\\": 1.0, \\"hand_pk\\": 1, \\"time\\": 1738624566.886226}"	43	2025-02-03 23:16:06.907337+00
262	system:player:3	message	"{\\"new-play\\": {\\"serialized\\": \\"\\\\u26668\\", \\"seat_pk\\": 3}, \\"tempo_seconds\\": 1.0, \\"hand_pk\\": 1, \\"time\\": 1738624566.886226}"	43	2025-02-03 23:16:06.921384+00
263	system:player:1	message	"{\\"new-play\\": {\\"serialized\\": \\"\\\\u26668\\", \\"seat_pk\\": 3}, \\"tempo_seconds\\": 1.0, \\"hand_pk\\": 1, \\"time\\": 1738624566.886226}"	43	2025-02-03 23:16:06.939245+00
264	system:player:4	message	"{\\"new-play\\": {\\"serialized\\": \\"\\\\u26668\\", \\"seat_pk\\": 3}, \\"tempo_seconds\\": 1.0, \\"hand_pk\\": 1, \\"time\\": 1738624566.886226}"	43	2025-02-03 23:16:06.952405+00
265	system:player:2	message	"{\\"new-play\\": {\\"serialized\\": \\"\\\\u26668\\", \\"seat_pk\\": 3}, \\"tempo_seconds\\": 1.0, \\"hand_pk\\": 1, \\"time\\": 1738624566.886226}"	43	2025-02-03 23:16:06.968119+00
266	hand:1	message	"{\\"new-play\\": {\\"serialized\\": \\"\\\\u26636\\", \\"seat_pk\\": 2}, \\"tempo_seconds\\": 1.0, \\"hand_pk\\": 1, \\"time\\": 1738624570.624545}"	43	2025-02-03 23:16:10.631187+00
267	all-tables	message	"{\\"new-play\\": {\\"serialized\\": \\"\\\\u26636\\", \\"seat_pk\\": 2}, \\"tempo_seconds\\": 1.0, \\"hand_pk\\": 1, \\"time\\": 1738624570.624545}"	44	2025-02-03 23:16:10.655402+00
268	system:player:3	message	"{\\"new-play\\": {\\"serialized\\": \\"\\\\u26636\\", \\"seat_pk\\": 2}, \\"tempo_seconds\\": 1.0, \\"hand_pk\\": 1, \\"time\\": 1738624570.624545}"	44	2025-02-03 23:16:10.678929+00
269	system:player:1	message	"{\\"new-play\\": {\\"serialized\\": \\"\\\\u26636\\", \\"seat_pk\\": 2}, \\"tempo_seconds\\": 1.0, \\"hand_pk\\": 1, \\"time\\": 1738624570.624545}"	44	2025-02-03 23:16:10.695144+00
270	system:player:4	message	"{\\"new-play\\": {\\"serialized\\": \\"\\\\u26636\\", \\"seat_pk\\": 2}, \\"tempo_seconds\\": 1.0, \\"hand_pk\\": 1, \\"time\\": 1738624570.624545}"	44	2025-02-03 23:16:10.713237+00
271	system:player:2	message	"{\\"new-play\\": {\\"serialized\\": \\"\\\\u26636\\", \\"seat_pk\\": 2}, \\"tempo_seconds\\": 1.0, \\"hand_pk\\": 1, \\"time\\": 1738624570.624545}"	44	2025-02-03 23:16:10.732789+00
272	hand:1	message	"{\\"new-play\\": {\\"serialized\\": \\"\\\\u26632\\", \\"seat_pk\\": 3}, \\"tempo_seconds\\": 1.0, \\"hand_pk\\": 1, \\"time\\": 1738624572.1444511}"	44	2025-02-03 23:16:12.148629+00
273	all-tables	message	"{\\"new-play\\": {\\"serialized\\": \\"\\\\u26632\\", \\"seat_pk\\": 3}, \\"tempo_seconds\\": 1.0, \\"hand_pk\\": 1, \\"time\\": 1738624572.1444511}"	45	2025-02-03 23:16:12.162612+00
274	system:player:3	message	"{\\"new-play\\": {\\"serialized\\": \\"\\\\u26632\\", \\"seat_pk\\": 3}, \\"tempo_seconds\\": 1.0, \\"hand_pk\\": 1, \\"time\\": 1738624572.1444511}"	45	2025-02-03 23:16:12.176874+00
275	system:player:1	message	"{\\"new-play\\": {\\"serialized\\": \\"\\\\u26632\\", \\"seat_pk\\": 3}, \\"tempo_seconds\\": 1.0, \\"hand_pk\\": 1, \\"time\\": 1738624572.1444511}"	45	2025-02-03 23:16:12.190534+00
276	system:player:4	message	"{\\"new-play\\": {\\"serialized\\": \\"\\\\u26632\\", \\"seat_pk\\": 3}, \\"tempo_seconds\\": 1.0, \\"hand_pk\\": 1, \\"time\\": 1738624572.1444511}"	45	2025-02-03 23:16:12.201303+00
277	system:player:2	message	"{\\"new-play\\": {\\"serialized\\": \\"\\\\u26632\\", \\"seat_pk\\": 3}, \\"tempo_seconds\\": 1.0, \\"hand_pk\\": 1, \\"time\\": 1738624572.1444511}"	45	2025-02-03 23:16:12.215024+00
278	hand:1	message	"{\\"new-play\\": {\\"serialized\\": \\"\\\\u2666J\\", \\"seat_pk\\": 4}, \\"tempo_seconds\\": 1.0, \\"hand_pk\\": 1, \\"time\\": 1738624573.765463}"	45	2025-02-03 23:16:13.770054+00
279	all-tables	message	"{\\"new-play\\": {\\"serialized\\": \\"\\\\u2666J\\", \\"seat_pk\\": 4}, \\"tempo_seconds\\": 1.0, \\"hand_pk\\": 1, \\"time\\": 1738624573.765463}"	46	2025-02-03 23:16:13.784348+00
280	system:player:3	message	"{\\"new-play\\": {\\"serialized\\": \\"\\\\u2666J\\", \\"seat_pk\\": 4}, \\"tempo_seconds\\": 1.0, \\"hand_pk\\": 1, \\"time\\": 1738624573.765463}"	46	2025-02-03 23:16:13.797884+00
281	system:player:1	message	"{\\"new-play\\": {\\"serialized\\": \\"\\\\u2666J\\", \\"seat_pk\\": 4}, \\"tempo_seconds\\": 1.0, \\"hand_pk\\": 1, \\"time\\": 1738624573.765463}"	46	2025-02-03 23:16:13.816142+00
282	system:player:4	message	"{\\"new-play\\": {\\"serialized\\": \\"\\\\u2666J\\", \\"seat_pk\\": 4}, \\"tempo_seconds\\": 1.0, \\"hand_pk\\": 1, \\"time\\": 1738624573.765463}"	46	2025-02-03 23:16:13.832648+00
283	system:player:2	message	"{\\"new-play\\": {\\"serialized\\": \\"\\\\u2666J\\", \\"seat_pk\\": 4}, \\"tempo_seconds\\": 1.0, \\"hand_pk\\": 1, \\"time\\": 1738624573.765463}"	46	2025-02-03 23:16:13.844632+00
284	hand:1	message	"{\\"new-play\\": {\\"serialized\\": \\"\\\\u26666\\", \\"seat_pk\\": 1}, \\"tempo_seconds\\": 1.0, \\"hand_pk\\": 1, \\"time\\": 1738624575.399015}"	46	2025-02-03 23:16:15.403162+00
285	all-tables	message	"{\\"new-play\\": {\\"serialized\\": \\"\\\\u26666\\", \\"seat_pk\\": 1}, \\"tempo_seconds\\": 1.0, \\"hand_pk\\": 1, \\"time\\": 1738624575.399015}"	47	2025-02-03 23:16:15.415447+00
286	system:player:3	message	"{\\"new-play\\": {\\"serialized\\": \\"\\\\u26666\\", \\"seat_pk\\": 1}, \\"tempo_seconds\\": 1.0, \\"hand_pk\\": 1, \\"time\\": 1738624575.399015}"	47	2025-02-03 23:16:15.428469+00
287	system:player:1	message	"{\\"new-play\\": {\\"serialized\\": \\"\\\\u26666\\", \\"seat_pk\\": 1}, \\"tempo_seconds\\": 1.0, \\"hand_pk\\": 1, \\"time\\": 1738624575.399015}"	47	2025-02-03 23:16:15.441896+00
288	system:player:4	message	"{\\"new-play\\": {\\"serialized\\": \\"\\\\u26666\\", \\"seat_pk\\": 1}, \\"tempo_seconds\\": 1.0, \\"hand_pk\\": 1, \\"time\\": 1738624575.399015}"	47	2025-02-03 23:16:15.454203+00
289	system:player:2	message	"{\\"new-play\\": {\\"serialized\\": \\"\\\\u26666\\", \\"seat_pk\\": 1}, \\"tempo_seconds\\": 1.0, \\"hand_pk\\": 1, \\"time\\": 1738624575.399015}"	47	2025-02-03 23:16:15.471519+00
290	hand:1	message	"{\\"new-play\\": {\\"serialized\\": \\"\\\\u26637\\", \\"seat_pk\\": 2}, \\"tempo_seconds\\": 1.0, \\"hand_pk\\": 1, \\"time\\": 1738624577.091842}"	47	2025-02-03 23:16:17.096761+00
291	all-tables	message	"{\\"new-play\\": {\\"serialized\\": \\"\\\\u26637\\", \\"seat_pk\\": 2}, \\"tempo_seconds\\": 1.0, \\"hand_pk\\": 1, \\"time\\": 1738624577.091842}"	48	2025-02-03 23:16:17.108862+00
292	system:player:3	message	"{\\"new-play\\": {\\"serialized\\": \\"\\\\u26637\\", \\"seat_pk\\": 2}, \\"tempo_seconds\\": 1.0, \\"hand_pk\\": 1, \\"time\\": 1738624577.091842}"	48	2025-02-03 23:16:17.120687+00
293	system:player:1	message	"{\\"new-play\\": {\\"serialized\\": \\"\\\\u26637\\", \\"seat_pk\\": 2}, \\"tempo_seconds\\": 1.0, \\"hand_pk\\": 1, \\"time\\": 1738624577.091842}"	48	2025-02-03 23:16:17.134191+00
294	system:player:4	message	"{\\"new-play\\": {\\"serialized\\": \\"\\\\u26637\\", \\"seat_pk\\": 2}, \\"tempo_seconds\\": 1.0, \\"hand_pk\\": 1, \\"time\\": 1738624577.091842}"	48	2025-02-03 23:16:17.144014+00
295	system:player:2	message	"{\\"new-play\\": {\\"serialized\\": \\"\\\\u26637\\", \\"seat_pk\\": 2}, \\"tempo_seconds\\": 1.0, \\"hand_pk\\": 1, \\"time\\": 1738624577.091842}"	48	2025-02-03 23:16:17.155226+00
296	hand:1	message	"{\\"new-play\\": {\\"serialized\\": \\"\\\\u26634\\", \\"seat_pk\\": 3}, \\"tempo_seconds\\": 1.0, \\"hand_pk\\": 1, \\"time\\": 1738624580.367896}"	48	2025-02-03 23:16:20.37174+00
297	all-tables	message	"{\\"new-play\\": {\\"serialized\\": \\"\\\\u26634\\", \\"seat_pk\\": 3}, \\"tempo_seconds\\": 1.0, \\"hand_pk\\": 1, \\"time\\": 1738624580.367896}"	49	2025-02-03 23:16:20.387328+00
298	system:player:3	message	"{\\"new-play\\": {\\"serialized\\": \\"\\\\u26634\\", \\"seat_pk\\": 3}, \\"tempo_seconds\\": 1.0, \\"hand_pk\\": 1, \\"time\\": 1738624580.367896}"	49	2025-02-03 23:16:20.404118+00
299	system:player:1	message	"{\\"new-play\\": {\\"serialized\\": \\"\\\\u26634\\", \\"seat_pk\\": 3}, \\"tempo_seconds\\": 1.0, \\"hand_pk\\": 1, \\"time\\": 1738624580.367896}"	49	2025-02-03 23:16:20.415464+00
300	system:player:4	message	"{\\"new-play\\": {\\"serialized\\": \\"\\\\u26634\\", \\"seat_pk\\": 3}, \\"tempo_seconds\\": 1.0, \\"hand_pk\\": 1, \\"time\\": 1738624580.367896}"	49	2025-02-03 23:16:20.425583+00
301	system:player:2	message	"{\\"new-play\\": {\\"serialized\\": \\"\\\\u26634\\", \\"seat_pk\\": 3}, \\"tempo_seconds\\": 1.0, \\"hand_pk\\": 1, \\"time\\": 1738624580.367896}"	49	2025-02-03 23:16:20.43926+00
302	hand:1	message	"{\\"new-play\\": {\\"serialized\\": \\"\\\\u2666K\\", \\"seat_pk\\": 4}, \\"tempo_seconds\\": 1.0, \\"hand_pk\\": 1, \\"time\\": 1738624582.110512}"	49	2025-02-03 23:16:22.114965+00
303	all-tables	message	"{\\"new-play\\": {\\"serialized\\": \\"\\\\u2666K\\", \\"seat_pk\\": 4}, \\"tempo_seconds\\": 1.0, \\"hand_pk\\": 1, \\"time\\": 1738624582.110512}"	50	2025-02-03 23:16:22.128824+00
304	system:player:3	message	"{\\"new-play\\": {\\"serialized\\": \\"\\\\u2666K\\", \\"seat_pk\\": 4}, \\"tempo_seconds\\": 1.0, \\"hand_pk\\": 1, \\"time\\": 1738624582.110512}"	50	2025-02-03 23:16:22.147368+00
305	system:player:1	message	"{\\"new-play\\": {\\"serialized\\": \\"\\\\u2666K\\", \\"seat_pk\\": 4}, \\"tempo_seconds\\": 1.0, \\"hand_pk\\": 1, \\"time\\": 1738624582.110512}"	50	2025-02-03 23:16:22.159031+00
306	system:player:4	message	"{\\"new-play\\": {\\"serialized\\": \\"\\\\u2666K\\", \\"seat_pk\\": 4}, \\"tempo_seconds\\": 1.0, \\"hand_pk\\": 1, \\"time\\": 1738624582.110512}"	50	2025-02-03 23:16:22.171319+00
307	system:player:2	message	"{\\"new-play\\": {\\"serialized\\": \\"\\\\u2666K\\", \\"seat_pk\\": 4}, \\"tempo_seconds\\": 1.0, \\"hand_pk\\": 1, \\"time\\": 1738624582.110512}"	50	2025-02-03 23:16:22.189847+00
308	hand:1	message	"{\\"new-play\\": {\\"serialized\\": \\"\\\\u26667\\", \\"seat_pk\\": 1}, \\"tempo_seconds\\": 1.0, \\"hand_pk\\": 1, \\"time\\": 1738624583.901762}"	50	2025-02-03 23:16:23.906489+00
309	all-tables	message	"{\\"new-play\\": {\\"serialized\\": \\"\\\\u26667\\", \\"seat_pk\\": 1}, \\"tempo_seconds\\": 1.0, \\"hand_pk\\": 1, \\"time\\": 1738624583.901762}"	51	2025-02-03 23:16:23.919425+00
310	system:player:3	message	"{\\"new-play\\": {\\"serialized\\": \\"\\\\u26667\\", \\"seat_pk\\": 1}, \\"tempo_seconds\\": 1.0, \\"hand_pk\\": 1, \\"time\\": 1738624583.901762}"	51	2025-02-03 23:16:23.933797+00
311	system:player:1	message	"{\\"new-play\\": {\\"serialized\\": \\"\\\\u26667\\", \\"seat_pk\\": 1}, \\"tempo_seconds\\": 1.0, \\"hand_pk\\": 1, \\"time\\": 1738624583.901762}"	51	2025-02-03 23:16:23.947626+00
312	system:player:4	message	"{\\"new-play\\": {\\"serialized\\": \\"\\\\u26667\\", \\"seat_pk\\": 1}, \\"tempo_seconds\\": 1.0, \\"hand_pk\\": 1, \\"time\\": 1738624583.901762}"	51	2025-02-03 23:16:23.958624+00
313	system:player:2	message	"{\\"new-play\\": {\\"serialized\\": \\"\\\\u26667\\", \\"seat_pk\\": 1}, \\"tempo_seconds\\": 1.0, \\"hand_pk\\": 1, \\"time\\": 1738624583.901762}"	51	2025-02-03 23:16:23.974622+00
314	hand:1	message	"{\\"new-play\\": {\\"serialized\\": \\"\\\\u2660J\\", \\"seat_pk\\": 2}, \\"tempo_seconds\\": 1.0, \\"hand_pk\\": 1, \\"time\\": 1738624585.5643651}"	51	2025-02-03 23:16:25.568299+00
315	all-tables	message	"{\\"new-play\\": {\\"serialized\\": \\"\\\\u2660J\\", \\"seat_pk\\": 2}, \\"tempo_seconds\\": 1.0, \\"hand_pk\\": 1, \\"time\\": 1738624585.5643651}"	52	2025-02-03 23:16:25.582159+00
316	system:player:3	message	"{\\"new-play\\": {\\"serialized\\": \\"\\\\u2660J\\", \\"seat_pk\\": 2}, \\"tempo_seconds\\": 1.0, \\"hand_pk\\": 1, \\"time\\": 1738624585.5643651}"	52	2025-02-03 23:16:25.594791+00
317	system:player:1	message	"{\\"new-play\\": {\\"serialized\\": \\"\\\\u2660J\\", \\"seat_pk\\": 2}, \\"tempo_seconds\\": 1.0, \\"hand_pk\\": 1, \\"time\\": 1738624585.5643651}"	52	2025-02-03 23:16:25.608295+00
318	system:player:4	message	"{\\"new-play\\": {\\"serialized\\": \\"\\\\u2660J\\", \\"seat_pk\\": 2}, \\"tempo_seconds\\": 1.0, \\"hand_pk\\": 1, \\"time\\": 1738624585.5643651}"	52	2025-02-03 23:16:25.618118+00
319	system:player:2	message	"{\\"new-play\\": {\\"serialized\\": \\"\\\\u2660J\\", \\"seat_pk\\": 2}, \\"tempo_seconds\\": 1.0, \\"hand_pk\\": 1, \\"time\\": 1738624585.5643651}"	52	2025-02-03 23:16:25.631218+00
320	hand:1	message	"{\\"new-play\\": {\\"serialized\\": \\"\\\\u26669\\", \\"seat_pk\\": 3}, \\"tempo_seconds\\": 1.0, \\"hand_pk\\": 1, \\"time\\": 1738624587.495842}"	52	2025-02-03 23:16:27.500127+00
321	all-tables	message	"{\\"new-play\\": {\\"serialized\\": \\"\\\\u26669\\", \\"seat_pk\\": 3}, \\"tempo_seconds\\": 1.0, \\"hand_pk\\": 1, \\"time\\": 1738624587.495842}"	53	2025-02-03 23:16:27.514675+00
322	system:player:3	message	"{\\"new-play\\": {\\"serialized\\": \\"\\\\u26669\\", \\"seat_pk\\": 3}, \\"tempo_seconds\\": 1.0, \\"hand_pk\\": 1, \\"time\\": 1738624587.495842}"	53	2025-02-03 23:16:27.528902+00
323	system:player:1	message	"{\\"new-play\\": {\\"serialized\\": \\"\\\\u26669\\", \\"seat_pk\\": 3}, \\"tempo_seconds\\": 1.0, \\"hand_pk\\": 1, \\"time\\": 1738624587.495842}"	53	2025-02-03 23:16:27.539788+00
324	system:player:4	message	"{\\"new-play\\": {\\"serialized\\": \\"\\\\u26669\\", \\"seat_pk\\": 3}, \\"tempo_seconds\\": 1.0, \\"hand_pk\\": 1, \\"time\\": 1738624587.495842}"	53	2025-02-03 23:16:27.54835+00
325	system:player:2	message	"{\\"new-play\\": {\\"serialized\\": \\"\\\\u26669\\", \\"seat_pk\\": 3}, \\"tempo_seconds\\": 1.0, \\"hand_pk\\": 1, \\"time\\": 1738624587.495842}"	53	2025-02-03 23:16:27.560105+00
326	hand:1	message	"{\\"new-play\\": {\\"serialized\\": \\"\\\\u2660T\\", \\"seat_pk\\": 4}, \\"tempo_seconds\\": 1.0, \\"hand_pk\\": 1, \\"time\\": 1738624589.403382}"	53	2025-02-03 23:16:29.408841+00
327	all-tables	message	"{\\"new-play\\": {\\"serialized\\": \\"\\\\u2660T\\", \\"seat_pk\\": 4}, \\"tempo_seconds\\": 1.0, \\"hand_pk\\": 1, \\"time\\": 1738624589.403382}"	54	2025-02-03 23:16:29.421435+00
328	system:player:3	message	"{\\"new-play\\": {\\"serialized\\": \\"\\\\u2660T\\", \\"seat_pk\\": 4}, \\"tempo_seconds\\": 1.0, \\"hand_pk\\": 1, \\"time\\": 1738624589.403382}"	54	2025-02-03 23:16:29.437876+00
329	system:player:1	message	"{\\"new-play\\": {\\"serialized\\": \\"\\\\u2660T\\", \\"seat_pk\\": 4}, \\"tempo_seconds\\": 1.0, \\"hand_pk\\": 1, \\"time\\": 1738624589.403382}"	54	2025-02-03 23:16:29.453571+00
330	system:player:4	message	"{\\"new-play\\": {\\"serialized\\": \\"\\\\u2660T\\", \\"seat_pk\\": 4}, \\"tempo_seconds\\": 1.0, \\"hand_pk\\": 1, \\"time\\": 1738624589.403382}"	54	2025-02-03 23:16:29.46419+00
331	system:player:2	message	"{\\"new-play\\": {\\"serialized\\": \\"\\\\u2660T\\", \\"seat_pk\\": 4}, \\"tempo_seconds\\": 1.0, \\"hand_pk\\": 1, \\"time\\": 1738624589.403382}"	54	2025-02-03 23:16:29.480529+00
332	hand:1	message	"{\\"new-play\\": {\\"serialized\\": \\"\\\\u2666T\\", \\"seat_pk\\": 1}, \\"tempo_seconds\\": 1.0, \\"hand_pk\\": 1, \\"time\\": 1738624590.839283}"	54	2025-02-03 23:16:30.843751+00
333	all-tables	message	"{\\"new-play\\": {\\"serialized\\": \\"\\\\u2666T\\", \\"seat_pk\\": 1}, \\"tempo_seconds\\": 1.0, \\"hand_pk\\": 1, \\"time\\": 1738624590.839283}"	55	2025-02-03 23:16:30.857075+00
334	system:player:3	message	"{\\"new-play\\": {\\"serialized\\": \\"\\\\u2666T\\", \\"seat_pk\\": 1}, \\"tempo_seconds\\": 1.0, \\"hand_pk\\": 1, \\"time\\": 1738624590.839283}"	55	2025-02-03 23:16:30.870345+00
335	system:player:1	message	"{\\"new-play\\": {\\"serialized\\": \\"\\\\u2666T\\", \\"seat_pk\\": 1}, \\"tempo_seconds\\": 1.0, \\"hand_pk\\": 1, \\"time\\": 1738624590.839283}"	55	2025-02-03 23:16:30.884141+00
336	system:player:4	message	"{\\"new-play\\": {\\"serialized\\": \\"\\\\u2666T\\", \\"seat_pk\\": 1}, \\"tempo_seconds\\": 1.0, \\"hand_pk\\": 1, \\"time\\": 1738624590.839283}"	55	2025-02-03 23:16:30.898115+00
337	system:player:2	message	"{\\"new-play\\": {\\"serialized\\": \\"\\\\u2666T\\", \\"seat_pk\\": 1}, \\"tempo_seconds\\": 1.0, \\"hand_pk\\": 1, \\"time\\": 1738624590.839283}"	55	2025-02-03 23:16:30.916772+00
338	hand:1	message	"{\\"new-play\\": {\\"serialized\\": \\"\\\\u2660A\\", \\"seat_pk\\": 2}, \\"tempo_seconds\\": 1.0, \\"hand_pk\\": 1, \\"time\\": 1738624592.5753899}"	55	2025-02-03 23:16:32.582391+00
339	all-tables	message	"{\\"new-play\\": {\\"serialized\\": \\"\\\\u2660A\\", \\"seat_pk\\": 2}, \\"tempo_seconds\\": 1.0, \\"hand_pk\\": 1, \\"time\\": 1738624592.5753899}"	56	2025-02-03 23:16:32.602101+00
340	system:player:3	message	"{\\"new-play\\": {\\"serialized\\": \\"\\\\u2660A\\", \\"seat_pk\\": 2}, \\"tempo_seconds\\": 1.0, \\"hand_pk\\": 1, \\"time\\": 1738624592.5753899}"	56	2025-02-03 23:16:32.62108+00
341	system:player:1	message	"{\\"new-play\\": {\\"serialized\\": \\"\\\\u2660A\\", \\"seat_pk\\": 2}, \\"tempo_seconds\\": 1.0, \\"hand_pk\\": 1, \\"time\\": 1738624592.5753899}"	56	2025-02-03 23:16:32.636384+00
342	system:player:4	message	"{\\"new-play\\": {\\"serialized\\": \\"\\\\u2660A\\", \\"seat_pk\\": 2}, \\"tempo_seconds\\": 1.0, \\"hand_pk\\": 1, \\"time\\": 1738624592.5753899}"	56	2025-02-03 23:16:32.65154+00
343	system:player:2	message	"{\\"new-play\\": {\\"serialized\\": \\"\\\\u2660A\\", \\"seat_pk\\": 2}, \\"tempo_seconds\\": 1.0, \\"hand_pk\\": 1, \\"time\\": 1738624592.5753899}"	56	2025-02-03 23:16:32.666544+00
344	hand:1	message	"{\\"new-play\\": {\\"serialized\\": \\"\\\\u2666A\\", \\"seat_pk\\": 3}, \\"tempo_seconds\\": 1.0, \\"hand_pk\\": 1, \\"time\\": 1738624594.4731688}"	56	2025-02-03 23:16:34.478651+00
345	all-tables	message	"{\\"new-play\\": {\\"serialized\\": \\"\\\\u2666A\\", \\"seat_pk\\": 3}, \\"tempo_seconds\\": 1.0, \\"hand_pk\\": 1, \\"time\\": 1738624594.4731688}"	57	2025-02-03 23:16:34.492277+00
346	system:player:3	message	"{\\"new-play\\": {\\"serialized\\": \\"\\\\u2666A\\", \\"seat_pk\\": 3}, \\"tempo_seconds\\": 1.0, \\"hand_pk\\": 1, \\"time\\": 1738624594.4731688}"	57	2025-02-03 23:16:34.506091+00
347	system:player:1	message	"{\\"new-play\\": {\\"serialized\\": \\"\\\\u2666A\\", \\"seat_pk\\": 3}, \\"tempo_seconds\\": 1.0, \\"hand_pk\\": 1, \\"time\\": 1738624594.4731688}"	57	2025-02-03 23:16:34.517504+00
348	system:player:4	message	"{\\"new-play\\": {\\"serialized\\": \\"\\\\u2666A\\", \\"seat_pk\\": 3}, \\"tempo_seconds\\": 1.0, \\"hand_pk\\": 1, \\"time\\": 1738624594.4731688}"	57	2025-02-03 23:16:34.530175+00
349	system:player:2	message	"{\\"new-play\\": {\\"serialized\\": \\"\\\\u2666A\\", \\"seat_pk\\": 3}, \\"tempo_seconds\\": 1.0, \\"hand_pk\\": 1, \\"time\\": 1738624594.4731688}"	57	2025-02-03 23:16:34.547229+00
350	hand:1	message	"{\\"new-play\\": {\\"serialized\\": \\"\\\\u2660K\\", \\"seat_pk\\": 4}, \\"tempo_seconds\\": 1.0, \\"hand_pk\\": 1, \\"time\\": 1738624595.86497}"	57	2025-02-03 23:16:35.869615+00
351	all-tables	message	"{\\"new-play\\": {\\"serialized\\": \\"\\\\u2660K\\", \\"seat_pk\\": 4}, \\"tempo_seconds\\": 1.0, \\"hand_pk\\": 1, \\"time\\": 1738624595.86497}"	58	2025-02-03 23:16:35.882581+00
352	system:player:3	message	"{\\"new-play\\": {\\"serialized\\": \\"\\\\u2660K\\", \\"seat_pk\\": 4}, \\"tempo_seconds\\": 1.0, \\"hand_pk\\": 1, \\"time\\": 1738624595.86497}"	58	2025-02-03 23:16:35.899384+00
353	system:player:1	message	"{\\"new-play\\": {\\"serialized\\": \\"\\\\u2660K\\", \\"seat_pk\\": 4}, \\"tempo_seconds\\": 1.0, \\"hand_pk\\": 1, \\"time\\": 1738624595.86497}"	58	2025-02-03 23:16:35.913233+00
354	system:player:4	message	"{\\"new-play\\": {\\"serialized\\": \\"\\\\u2660K\\", \\"seat_pk\\": 4}, \\"tempo_seconds\\": 1.0, \\"hand_pk\\": 1, \\"time\\": 1738624595.86497}"	58	2025-02-03 23:16:35.928679+00
355	system:player:2	message	"{\\"new-play\\": {\\"serialized\\": \\"\\\\u2660K\\", \\"seat_pk\\": 4}, \\"tempo_seconds\\": 1.0, \\"hand_pk\\": 1, \\"time\\": 1738624595.86497}"	58	2025-02-03 23:16:35.941721+00
356	hand:1	message	"{\\"new-play\\": {\\"serialized\\": \\"\\\\u2666Q\\", \\"seat_pk\\": 1}, \\"tempo_seconds\\": 1.0, \\"hand_pk\\": 1, \\"time\\": 1738624597.890204}"	58	2025-02-03 23:16:37.89466+00
357	all-tables	message	"{\\"new-play\\": {\\"serialized\\": \\"\\\\u2666Q\\", \\"seat_pk\\": 1}, \\"tempo_seconds\\": 1.0, \\"hand_pk\\": 1, \\"time\\": 1738624597.890204}"	59	2025-02-03 23:16:37.909448+00
358	system:player:3	message	"{\\"new-play\\": {\\"serialized\\": \\"\\\\u2666Q\\", \\"seat_pk\\": 1}, \\"tempo_seconds\\": 1.0, \\"hand_pk\\": 1, \\"time\\": 1738624597.890204}"	59	2025-02-03 23:16:37.922964+00
359	system:player:1	message	"{\\"new-play\\": {\\"serialized\\": \\"\\\\u2666Q\\", \\"seat_pk\\": 1}, \\"tempo_seconds\\": 1.0, \\"hand_pk\\": 1, \\"time\\": 1738624597.890204}"	59	2025-02-03 23:16:37.941306+00
360	system:player:4	message	"{\\"new-play\\": {\\"serialized\\": \\"\\\\u2666Q\\", \\"seat_pk\\": 1}, \\"tempo_seconds\\": 1.0, \\"hand_pk\\": 1, \\"time\\": 1738624597.890204}"	59	2025-02-03 23:16:37.94897+00
361	system:player:2	message	"{\\"new-play\\": {\\"serialized\\": \\"\\\\u2666Q\\", \\"seat_pk\\": 1}, \\"tempo_seconds\\": 1.0, \\"hand_pk\\": 1, \\"time\\": 1738624597.890204}"	59	2025-02-03 23:16:37.960573+00
362	hand:1	message	"{\\"table\\": 1, \\"final_score\\": \\"BrokenDownScore(contract_points=0, overtrick_points=0, slam_bonus=0, doubled_bonus=0, penalty_points=100, game_bonus=0, trick_summary='Down 2', east_west_points=100, north_south_points=0, east_west_tricks=8, north_south_tricks=5): Down 2\\", \\"tempo_seconds\\": 1.0, \\"hand_pk\\": 1, \\"time\\": 1738624598.016895}"	59	2025-02-03 23:16:38.019679+00
363	all-tables	message	"{\\"table\\": 1, \\"final_score\\": \\"BrokenDownScore(contract_points=0, overtrick_points=0, slam_bonus=0, doubled_bonus=0, penalty_points=100, game_bonus=0, trick_summary='Down 2', east_west_points=100, north_south_points=0, east_west_tricks=8, north_south_tricks=5): Down 2\\", \\"tempo_seconds\\": 1.0, \\"hand_pk\\": 1, \\"time\\": 1738624598.016895}"	60	2025-02-03 23:16:38.031069+00
364	system:player:3	message	"{\\"table\\": 1, \\"final_score\\": \\"BrokenDownScore(contract_points=0, overtrick_points=0, slam_bonus=0, doubled_bonus=0, penalty_points=100, game_bonus=0, trick_summary='Down 2', east_west_points=100, north_south_points=0, east_west_tricks=8, north_south_tricks=5): Down 2\\", \\"tempo_seconds\\": 1.0, \\"hand_pk\\": 1, \\"time\\": 1738624598.016895}"	60	2025-02-03 23:16:38.04632+00
365	system:player:1	message	"{\\"table\\": 1, \\"final_score\\": \\"BrokenDownScore(contract_points=0, overtrick_points=0, slam_bonus=0, doubled_bonus=0, penalty_points=100, game_bonus=0, trick_summary='Down 2', east_west_points=100, north_south_points=0, east_west_tricks=8, north_south_tricks=5): Down 2\\", \\"tempo_seconds\\": 1.0, \\"hand_pk\\": 1, \\"time\\": 1738624598.016895}"	60	2025-02-03 23:16:38.061729+00
366	system:player:4	message	"{\\"table\\": 1, \\"final_score\\": \\"BrokenDownScore(contract_points=0, overtrick_points=0, slam_bonus=0, doubled_bonus=0, penalty_points=100, game_bonus=0, trick_summary='Down 2', east_west_points=100, north_south_points=0, east_west_tricks=8, north_south_tricks=5): Down 2\\", \\"tempo_seconds\\": 1.0, \\"hand_pk\\": 1, \\"time\\": 1738624598.016895}"	60	2025-02-03 23:16:38.074775+00
367	system:player:2	message	"{\\"table\\": 1, \\"final_score\\": \\"BrokenDownScore(contract_points=0, overtrick_points=0, slam_bonus=0, doubled_bonus=0, penalty_points=100, game_bonus=0, trick_summary='Down 2', east_west_points=100, north_south_points=0, east_west_tricks=8, north_south_tricks=5): Down 2\\", \\"tempo_seconds\\": 1.0, \\"hand_pk\\": 1, \\"time\\": 1738624598.016895}"	60	2025-02-03 23:16:38.108288+00
\.


--
-- Data for Name: django_eventstream_eventcounter; Type: TABLE DATA; Schema: public; Owner: postgres
--

COPY public.django_eventstream_eventcounter (id, name, value, updated) FROM stdin;
1	table:1	1	2025-02-03 23:03:39.874706+00
7	hand:1	59	2025-02-03 23:16:38.020512+00
6	all-tables	60	2025-02-03 23:16:38.032564+00
2	system:player:3	60	2025-02-03 23:16:38.050344+00
3	system:player:1	60	2025-02-03 23:16:38.063667+00
4	system:player:4	60	2025-02-03 23:16:38.075357+00
5	system:player:2	60	2025-02-03 23:16:38.109169+00
\.


--
-- Data for Name: django_migrations; Type: TABLE DATA; Schema: public; Owner: postgres
--

COPY public.django_migrations (id, app, name, applied) FROM stdin;
1	contenttypes	0001_initial	2025-02-03 23:03:08.135697+00
2	auth	0001_initial	2025-02-03 23:03:08.164614+00
3	admin	0001_initial	2025-02-03 23:03:08.174812+00
4	admin	0002_logentry_remove_auto_add	2025-02-03 23:03:08.178555+00
5	admin	0003_logentry_add_action_flag_choices	2025-02-03 23:03:08.1832+00
6	contenttypes	0002_remove_content_type_name	2025-02-03 23:03:08.192384+00
7	auth	0002_alter_permission_name_max_length	2025-02-03 23:03:08.197828+00
8	auth	0003_alter_user_email_max_length	2025-02-03 23:03:08.202703+00
9	auth	0004_alter_user_username_opts	2025-02-03 23:03:08.206609+00
10	auth	0005_alter_user_last_login_null	2025-02-03 23:03:08.21239+00
11	auth	0006_require_contenttypes_0002	2025-02-03 23:03:08.215134+00
12	auth	0007_alter_validators_add_error_messages	2025-02-03 23:03:08.220039+00
13	auth	0008_alter_user_username_max_length	2025-02-03 23:03:08.227458+00
14	auth	0009_alter_user_last_name_max_length	2025-02-03 23:03:08.233279+00
15	auth	0010_alter_group_name_max_length	2025-02-03 23:03:08.239359+00
16	auth	0011_update_proxy_permissions	2025-02-03 23:03:08.243752+00
17	auth	0012_alter_user_first_name_max_length	2025-02-03 23:03:08.249245+00
18	app	0001_initial	2025-02-03 23:03:08.287231+00
19	app	0002_remove_seat_app_seat_direction_valid_and_more	2025-02-03 23:03:08.311845+00
20	app	0003_alter_player_partner_delete_call	2025-02-03 23:03:08.320034+00
21	app	0004_lobbymessage	2025-02-03 23:03:08.33621+00
22	app	0005_playermessage	2025-02-03 23:03:08.356298+00
23	app	0006_remove_playermessage_from_player_and_more	2025-02-03 23:03:08.401568+00
24	app	0007_lobby_remove_message_player_recipient_and_more	2025-02-03 23:03:08.44249+00
25	app	0008_remove_seat_no_more_than_one_player_per_table_and_more	2025-02-03 23:03:08.463321+00
26	app	0009_alter_seat_options	2025-02-03 23:03:08.505853+00
27	app	0010_player_app_player_cant_be_own_partner	2025-02-03 23:03:08.515086+00
28	app	0011_board	2025-02-03 23:03:08.52634+00
29	app	0012_remove_board_cards_board_east_cards_and_more	2025-02-03 23:03:08.535349+00
30	app	0013_handrecord_call_play	2025-02-03 23:03:08.563308+00
31	app	0014_remove_handrecord_seat_handrecord_table_and_more	2025-02-03 23:03:08.583322+00
32	app	0015_remove_board_table_handrecord_board	2025-02-03 23:03:08.599124+00
33	app	0016_usermitplaya	2025-02-03 23:03:08.610842+00
34	app	0017_player_is_human	2025-02-03 23:03:08.618272+00
35	app	0018_play_app_play_a_card_can_be_played_only_once	2025-02-03 23:03:08.622894+00
36	app	0019_alter_seat_player	2025-02-03 23:03:08.636206+00
37	app	0020_play_won_its_trick	2025-02-03 23:03:08.644455+00
38	app	0021_rename_handrecord_handaction	2025-02-03 23:03:08.66541+00
39	app	0022_rename_handaction_hand	2025-02-03 23:03:08.686443+00
40	app	0023_remove_player_is_human_and_more	2025-02-03 23:03:08.697467+00
41	app	0024_alter_hand_board_alter_seat_player	2025-02-03 23:03:08.728232+00
42	app	0025_hand_open_access	2025-02-03 23:03:08.735109+00
43	app	0026_alter_hand_open_access	2025-02-03 23:03:08.740356+00
44	app	0027_remove_play_won_its_trick	2025-02-03 23:03:08.744674+00
45	app	0028_remove_seat_app_seat_direction_valid_and_more	2025-02-03 23:03:08.75625+00
46	app	0029_table_tempo_seconds	2025-02-03 23:03:08.762296+00
47	app	0030_board_number	2025-02-03 23:03:08.767066+00
48	app	0031_auto_20241106_1511	2025-02-03 23:03:08.775787+00
49	app	0032_alter_board_number	2025-02-03 23:03:08.780873+00
50	app	0033_player_currently_seated	2025-02-03 23:03:08.788255+00
51	app	0034_auto_20241118_1952	2025-02-03 23:03:08.796837+00
52	app	0035_remove_seat_app_seat_no_more_than_one_seat_per_player	2025-02-03 23:03:08.803018+00
53	app	0033_tournament_remove_board_number_board_tournament	2025-02-03 23:03:08.821818+00
54	app	0034_backfill_tournaments	2025-02-03 23:03:08.830204+00
55	app	0035_alter_board_tournament	2025-02-03 23:03:08.842862+00
56	app	0036_merge_20241119_0336	2025-02-03 23:03:08.845386+00
57	app	0037_alter_table_tempo_seconds	2025-02-03 23:03:08.848995+00
58	app	0038_alter_table_tempo_seconds	2025-02-03 23:03:08.852708+00
59	app	0039_remove_player_allow_bot_to_play_for_me_botplayer	2025-02-03 23:03:08.870761+00
60	app	0040_board_dealer_letter_seat_direction_letter	2025-02-03 23:03:08.880468+00
61	app	0041_auto_20250113_1941	2025-02-03 23:03:08.890522+00
62	app	0042_board_app_board_dealer_must_be_compass_letter_and_more	2025-02-03 23:03:08.898714+00
63	app	0043_remove_board_app_board_dealer_must_be_compass_letter_and_more	2025-02-03 23:03:08.905009+00
64	app	0044_alter_seat_options_and_more	2025-02-03 23:03:08.935651+00
65	app	0045_hand_app_hand_a_board_can_be_played_only_once_at_a_given_table	2025-02-03 23:03:08.942674+00
66	app	0046_player_boards_played	2025-02-03 23:03:08.962554+00
67	app	0047_auto_20250119_0005	2025-02-03 23:03:08.971368+00
68	app	0048_alter_botplayer_player	2025-02-03 23:03:08.987388+00
69	app	0049_alter_botplayer_player	2025-02-03 23:03:09.001839+00
70	app	0050_board_display_number	2025-02-03 23:03:09.00733+00
71	app	0051_auto_20250119_1709	2025-02-03 23:03:09.015952+00
72	app	0052_alter_board_display_number	2025-02-03 23:03:09.025984+00
73	app	0053_tournament_is_complete	2025-02-03 23:03:09.03138+00
74	app	0054_table_tournament	2025-02-03 23:03:09.042888+00
75	app	0055_auto_20250123_2237	2025-02-03 23:03:09.051508+00
76	app	0056_alter_table_tournament	2025-02-03 23:03:09.065981+00
77	app	0057_alter_seat_player	2025-02-03 23:03:09.077153+00
78	app	0058_player_synthetic	2025-02-03 23:03:09.08645+00
79	app	0059_player_allow_bot_to_play_for_me_delete_botplayer	2025-02-03 23:03:09.100069+00
80	app	0060_auto_20250201_1715	2025-02-03 23:03:09.110156+00
81	app	0061_player_synthetic_players_must_allow_bot_to_play_for_them	2025-02-03 23:03:09.118077+00
82	django_eventstream	0001_initial	2025-02-03 23:03:09.13542+00
83	sessions	0001_initial	2025-02-03 23:03:09.142549+00
\.


--
-- Data for Name: django_session; Type: TABLE DATA; Schema: public; Owner: postgres
--

COPY public.django_session (session_key, session_data, expire_date) FROM stdin;
9fofmdcnjpq92ncf99iykhmwmclxymbu	.eJxVjEsOAiEQBe_C2hBoEHpcup8zkIYGGTWQzGdlvLtOMgvdvqp6LxFoW2vYljyHicVFgDj9bpHSI7cd8J3arcvU2zpPUe6KPOgix875eT3cv4NKS_3WBQ0bNAkVQNbWJkxwBo1uAHIxaQQs4BkHAvLA2qhBKfDOG7YxYxHvD7fKNrY:1tf5TY:xV2S22UbtVOu4vIo9VqCrlpVeRvixouS8uHLT1ey6x0	2025-02-17 23:03:32.336691+00
\.


--
-- Name: app_board_id_seq; Type: SEQUENCE SET; Schema: public; Owner: postgres
--

SELECT pg_catalog.setval('public.app_board_id_seq', 16, true);


--
-- Name: app_call_id_seq; Type: SEQUENCE SET; Schema: public; Owner: postgres
--

SELECT pg_catalog.setval('public.app_call_id_seq', 4, true);


--
-- Name: app_handrecord_id_seq; Type: SEQUENCE SET; Schema: public; Owner: postgres
--

SELECT pg_catalog.setval('public.app_handrecord_id_seq', 1, true);


--
-- Name: app_lobby_id_seq; Type: SEQUENCE SET; Schema: public; Owner: postgres
--

SELECT pg_catalog.setval('public.app_lobby_id_seq', 1, false);


--
-- Name: app_message_id_seq; Type: SEQUENCE SET; Schema: public; Owner: postgres
--

SELECT pg_catalog.setval('public.app_message_id_seq', 1, false);


--
-- Name: app_play_id_seq; Type: SEQUENCE SET; Schema: public; Owner: postgres
--

SELECT pg_catalog.setval('public.app_play_id_seq', 52, true);


--
-- Name: app_player_boards_played_id_seq; Type: SEQUENCE SET; Schema: public; Owner: postgres
--

SELECT pg_catalog.setval('public.app_player_boards_played_id_seq', 4, true);


--
-- Name: app_player_id_seq; Type: SEQUENCE SET; Schema: public; Owner: postgres
--

SELECT pg_catalog.setval('public.app_player_id_seq', 4, true);


--
-- Name: app_seat_id_seq; Type: SEQUENCE SET; Schema: public; Owner: postgres
--

SELECT pg_catalog.setval('public.app_seat_id_seq', 4, true);


--
-- Name: app_table_id_seq; Type: SEQUENCE SET; Schema: public; Owner: postgres
--

SELECT pg_catalog.setval('public.app_table_id_seq', 1, true);


--
-- Name: app_tournament_id_seq; Type: SEQUENCE SET; Schema: public; Owner: postgres
--

SELECT pg_catalog.setval('public.app_tournament_id_seq', 1, true);


--
-- Name: auth_group_id_seq; Type: SEQUENCE SET; Schema: public; Owner: postgres
--

SELECT pg_catalog.setval('public.auth_group_id_seq', 1, false);


--
-- Name: auth_group_permissions_id_seq; Type: SEQUENCE SET; Schema: public; Owner: postgres
--

SELECT pg_catalog.setval('public.auth_group_permissions_id_seq', 1, false);


--
-- Name: auth_permission_id_seq; Type: SEQUENCE SET; Schema: public; Owner: postgres
--

SELECT pg_catalog.setval('public.auth_permission_id_seq', 76, true);


--
-- Name: auth_user_groups_id_seq; Type: SEQUENCE SET; Schema: public; Owner: postgres
--

SELECT pg_catalog.setval('public.auth_user_groups_id_seq', 1, false);


--
-- Name: auth_user_id_seq; Type: SEQUENCE SET; Schema: public; Owner: postgres
--

SELECT pg_catalog.setval('public.auth_user_id_seq', 5, true);


--
-- Name: auth_user_user_permissions_id_seq; Type: SEQUENCE SET; Schema: public; Owner: postgres
--

SELECT pg_catalog.setval('public.auth_user_user_permissions_id_seq', 1, false);


--
-- Name: django_admin_log_id_seq; Type: SEQUENCE SET; Schema: public; Owner: postgres
--

SELECT pg_catalog.setval('public.django_admin_log_id_seq', 1, false);


--
-- Name: django_content_type_id_seq; Type: SEQUENCE SET; Schema: public; Owner: postgres
--

SELECT pg_catalog.setval('public.django_content_type_id_seq', 19, true);


--
-- Name: django_eventstream_event_id_seq; Type: SEQUENCE SET; Schema: public; Owner: postgres
--

SELECT pg_catalog.setval('public.django_eventstream_event_id_seq', 367, true);


--
-- Name: django_eventstream_eventcounter_id_seq; Type: SEQUENCE SET; Schema: public; Owner: postgres
--

SELECT pg_catalog.setval('public.django_eventstream_eventcounter_id_seq', 7, true);


--
-- Name: django_migrations_id_seq; Type: SEQUENCE SET; Schema: public; Owner: postgres
--

SELECT pg_catalog.setval('public.django_migrations_id_seq', 83, true);


--
-- Name: app_board app_board_pkey; Type: CONSTRAINT; Schema: public; Owner: postgres
--

ALTER TABLE ONLY public.app_board
    ADD CONSTRAINT app_board_pkey PRIMARY KEY (id);


--
-- Name: app_call app_call_pkey; Type: CONSTRAINT; Schema: public; Owner: postgres
--

ALTER TABLE ONLY public.app_call
    ADD CONSTRAINT app_call_pkey PRIMARY KEY (id);


--
-- Name: app_hand app_hand_a_board_can_be_played_only_once_at_a_given_table; Type: CONSTRAINT; Schema: public; Owner: postgres
--

ALTER TABLE ONLY public.app_hand
    ADD CONSTRAINT app_hand_a_board_can_be_played_only_once_at_a_given_table UNIQUE (board_id, table_id);


--
-- Name: app_hand app_handrecord_pkey; Type: CONSTRAINT; Schema: public; Owner: postgres
--

ALTER TABLE ONLY public.app_hand
    ADD CONSTRAINT app_handrecord_pkey PRIMARY KEY (id);


--
-- Name: app_lobby app_lobby_pkey; Type: CONSTRAINT; Schema: public; Owner: postgres
--

ALTER TABLE ONLY public.app_lobby
    ADD CONSTRAINT app_lobby_pkey PRIMARY KEY (id);


--
-- Name: app_message app_message_pkey; Type: CONSTRAINT; Schema: public; Owner: postgres
--

ALTER TABLE ONLY public.app_message
    ADD CONSTRAINT app_message_pkey PRIMARY KEY (id);


--
-- Name: app_play app_play_a_card_can_be_played_only_once; Type: CONSTRAINT; Schema: public; Owner: postgres
--

ALTER TABLE ONLY public.app_play
    ADD CONSTRAINT app_play_a_card_can_be_played_only_once UNIQUE (hand_id, serialized);


--
-- Name: app_play app_play_pkey; Type: CONSTRAINT; Schema: public; Owner: postgres
--

ALTER TABLE ONLY public.app_play
    ADD CONSTRAINT app_play_pkey PRIMARY KEY (id);


--
-- Name: app_player_boards_played app_player_boards_played_pkey; Type: CONSTRAINT; Schema: public; Owner: postgres
--

ALTER TABLE ONLY public.app_player_boards_played
    ADD CONSTRAINT app_player_boards_played_pkey PRIMARY KEY (id);


--
-- Name: app_player_boards_played app_player_boards_played_player_id_board_id_acf086e2_uniq; Type: CONSTRAINT; Schema: public; Owner: postgres
--

ALTER TABLE ONLY public.app_player_boards_played
    ADD CONSTRAINT app_player_boards_played_player_id_board_id_acf086e2_uniq UNIQUE (player_id, board_id);


--
-- Name: app_player app_player_pkey; Type: CONSTRAINT; Schema: public; Owner: postgres
--

ALTER TABLE ONLY public.app_player
    ADD CONSTRAINT app_player_pkey PRIMARY KEY (id);


--
-- Name: app_player app_player_user_id_key; Type: CONSTRAINT; Schema: public; Owner: postgres
--

ALTER TABLE ONLY public.app_player
    ADD CONSTRAINT app_player_user_id_key UNIQUE (user_id);


--
-- Name: app_seat app_seat_pkey; Type: CONSTRAINT; Schema: public; Owner: postgres
--

ALTER TABLE ONLY public.app_seat
    ADD CONSTRAINT app_seat_pkey PRIMARY KEY (id);


--
-- Name: app_table app_table_pkey; Type: CONSTRAINT; Schema: public; Owner: postgres
--

ALTER TABLE ONLY public.app_table
    ADD CONSTRAINT app_table_pkey PRIMARY KEY (id);


--
-- Name: app_tournament app_tournament_pkey; Type: CONSTRAINT; Schema: public; Owner: postgres
--

ALTER TABLE ONLY public.app_tournament
    ADD CONSTRAINT app_tournament_pkey PRIMARY KEY (id);


--
-- Name: app_usermitplaya app_usermitplaya_pkey; Type: CONSTRAINT; Schema: public; Owner: postgres
--

ALTER TABLE ONLY public.app_usermitplaya
    ADD CONSTRAINT app_usermitplaya_pkey PRIMARY KEY (user_ptr_id);


--
-- Name: auth_group auth_group_name_key; Type: CONSTRAINT; Schema: public; Owner: postgres
--

ALTER TABLE ONLY public.auth_group
    ADD CONSTRAINT auth_group_name_key UNIQUE (name);


--
-- Name: auth_group_permissions auth_group_permissions_group_id_permission_id_0cd325b0_uniq; Type: CONSTRAINT; Schema: public; Owner: postgres
--

ALTER TABLE ONLY public.auth_group_permissions
    ADD CONSTRAINT auth_group_permissions_group_id_permission_id_0cd325b0_uniq UNIQUE (group_id, permission_id);


--
-- Name: auth_group_permissions auth_group_permissions_pkey; Type: CONSTRAINT; Schema: public; Owner: postgres
--

ALTER TABLE ONLY public.auth_group_permissions
    ADD CONSTRAINT auth_group_permissions_pkey PRIMARY KEY (id);


--
-- Name: auth_group auth_group_pkey; Type: CONSTRAINT; Schema: public; Owner: postgres
--

ALTER TABLE ONLY public.auth_group
    ADD CONSTRAINT auth_group_pkey PRIMARY KEY (id);


--
-- Name: auth_permission auth_permission_content_type_id_codename_01ab375a_uniq; Type: CONSTRAINT; Schema: public; Owner: postgres
--

ALTER TABLE ONLY public.auth_permission
    ADD CONSTRAINT auth_permission_content_type_id_codename_01ab375a_uniq UNIQUE (content_type_id, codename);


--
-- Name: auth_permission auth_permission_pkey; Type: CONSTRAINT; Schema: public; Owner: postgres
--

ALTER TABLE ONLY public.auth_permission
    ADD CONSTRAINT auth_permission_pkey PRIMARY KEY (id);


--
-- Name: auth_user_groups auth_user_groups_pkey; Type: CONSTRAINT; Schema: public; Owner: postgres
--

ALTER TABLE ONLY public.auth_user_groups
    ADD CONSTRAINT auth_user_groups_pkey PRIMARY KEY (id);


--
-- Name: auth_user_groups auth_user_groups_user_id_group_id_94350c0c_uniq; Type: CONSTRAINT; Schema: public; Owner: postgres
--

ALTER TABLE ONLY public.auth_user_groups
    ADD CONSTRAINT auth_user_groups_user_id_group_id_94350c0c_uniq UNIQUE (user_id, group_id);


--
-- Name: auth_user auth_user_pkey; Type: CONSTRAINT; Schema: public; Owner: postgres
--

ALTER TABLE ONLY public.auth_user
    ADD CONSTRAINT auth_user_pkey PRIMARY KEY (id);


--
-- Name: auth_user_user_permissions auth_user_user_permissions_pkey; Type: CONSTRAINT; Schema: public; Owner: postgres
--

ALTER TABLE ONLY public.auth_user_user_permissions
    ADD CONSTRAINT auth_user_user_permissions_pkey PRIMARY KEY (id);


--
-- Name: auth_user_user_permissions auth_user_user_permissions_user_id_permission_id_14a6b632_uniq; Type: CONSTRAINT; Schema: public; Owner: postgres
--

ALTER TABLE ONLY public.auth_user_user_permissions
    ADD CONSTRAINT auth_user_user_permissions_user_id_permission_id_14a6b632_uniq UNIQUE (user_id, permission_id);


--
-- Name: auth_user auth_user_username_key; Type: CONSTRAINT; Schema: public; Owner: postgres
--

ALTER TABLE ONLY public.auth_user
    ADD CONSTRAINT auth_user_username_key UNIQUE (username);


--
-- Name: django_admin_log django_admin_log_pkey; Type: CONSTRAINT; Schema: public; Owner: postgres
--

ALTER TABLE ONLY public.django_admin_log
    ADD CONSTRAINT django_admin_log_pkey PRIMARY KEY (id);


--
-- Name: django_content_type django_content_type_app_label_model_76bd3d3b_uniq; Type: CONSTRAINT; Schema: public; Owner: postgres
--

ALTER TABLE ONLY public.django_content_type
    ADD CONSTRAINT django_content_type_app_label_model_76bd3d3b_uniq UNIQUE (app_label, model);


--
-- Name: django_content_type django_content_type_pkey; Type: CONSTRAINT; Schema: public; Owner: postgres
--

ALTER TABLE ONLY public.django_content_type
    ADD CONSTRAINT django_content_type_pkey PRIMARY KEY (id);


--
-- Name: django_eventstream_event django_eventstream_event_channel_eid_20f68a1a_uniq; Type: CONSTRAINT; Schema: public; Owner: postgres
--

ALTER TABLE ONLY public.django_eventstream_event
    ADD CONSTRAINT django_eventstream_event_channel_eid_20f68a1a_uniq UNIQUE (channel, eid);


--
-- Name: django_eventstream_event django_eventstream_event_pkey; Type: CONSTRAINT; Schema: public; Owner: postgres
--

ALTER TABLE ONLY public.django_eventstream_event
    ADD CONSTRAINT django_eventstream_event_pkey PRIMARY KEY (id);


--
-- Name: django_eventstream_eventcounter django_eventstream_eventcounter_name_key; Type: CONSTRAINT; Schema: public; Owner: postgres
--

ALTER TABLE ONLY public.django_eventstream_eventcounter
    ADD CONSTRAINT django_eventstream_eventcounter_name_key UNIQUE (name);


--
-- Name: django_eventstream_eventcounter django_eventstream_eventcounter_pkey; Type: CONSTRAINT; Schema: public; Owner: postgres
--

ALTER TABLE ONLY public.django_eventstream_eventcounter
    ADD CONSTRAINT django_eventstream_eventcounter_pkey PRIMARY KEY (id);


--
-- Name: django_migrations django_migrations_pkey; Type: CONSTRAINT; Schema: public; Owner: postgres
--

ALTER TABLE ONLY public.django_migrations
    ADD CONSTRAINT django_migrations_pkey PRIMARY KEY (id);


--
-- Name: django_session django_session_pkey; Type: CONSTRAINT; Schema: public; Owner: postgres
--

ALTER TABLE ONLY public.django_session
    ADD CONSTRAINT django_session_pkey PRIMARY KEY (session_key);


--
-- Name: app_board_tournament_id_b31f4fc4; Type: INDEX; Schema: public; Owner: postgres
--

CREATE INDEX app_board_tournament_id_b31f4fc4 ON public.app_board USING btree (tournament_id);


--
-- Name: app_call_hand_id_248286e2; Type: INDEX; Schema: public; Owner: postgres
--

CREATE INDEX app_call_hand_id_248286e2 ON public.app_call USING btree (hand_id);


--
-- Name: app_hand_board_id_545228db; Type: INDEX; Schema: public; Owner: postgres
--

CREATE INDEX app_hand_board_id_545228db ON public.app_hand USING btree (board_id);


--
-- Name: app_handrecord_table_id_9bbde4e7; Type: INDEX; Schema: public; Owner: postgres
--

CREATE INDEX app_handrecord_table_id_9bbde4e7 ON public.app_hand USING btree (table_id);


--
-- Name: app_message_from_player_id_2b61a823; Type: INDEX; Schema: public; Owner: postgres
--

CREATE INDEX app_message_from_player_id_2b61a823 ON public.app_message USING btree (from_player_id);


--
-- Name: app_message_recipie_1391da_idx; Type: INDEX; Schema: public; Owner: postgres
--

CREATE INDEX app_message_recipie_1391da_idx ON public.app_message USING btree (recipient_content_type_id, recipient_object_id);


--
-- Name: app_message_recipient_content_type_id_ec3ce733; Type: INDEX; Schema: public; Owner: postgres
--

CREATE INDEX app_message_recipient_content_type_id_ec3ce733 ON public.app_message USING btree (recipient_content_type_id);


--
-- Name: app_play_hand_id_566ea18e; Type: INDEX; Schema: public; Owner: postgres
--

CREATE INDEX app_play_hand_id_566ea18e ON public.app_play USING btree (hand_id);


--
-- Name: app_player_boards_played_board_id_a08f7a51; Type: INDEX; Schema: public; Owner: postgres
--

CREATE INDEX app_player_boards_played_board_id_a08f7a51 ON public.app_player_boards_played USING btree (board_id);


--
-- Name: app_player_boards_played_player_id_48f5c5d5; Type: INDEX; Schema: public; Owner: postgres
--

CREATE INDEX app_player_boards_played_player_id_48f5c5d5 ON public.app_player_boards_played USING btree (player_id);


--
-- Name: app_player_partner_id_150ac39a; Type: INDEX; Schema: public; Owner: postgres
--

CREATE INDEX app_player_partner_id_150ac39a ON public.app_player USING btree (partner_id);


--
-- Name: app_seat_player_id_0f54956b; Type: INDEX; Schema: public; Owner: postgres
--

CREATE INDEX app_seat_player_id_0f54956b ON public.app_seat USING btree (player_id);


--
-- Name: app_seat_table_id_cc16d207; Type: INDEX; Schema: public; Owner: postgres
--

CREATE INDEX app_seat_table_id_cc16d207 ON public.app_seat USING btree (table_id);


--
-- Name: app_table_tournament_id_488bb731; Type: INDEX; Schema: public; Owner: postgres
--

CREATE INDEX app_table_tournament_id_488bb731 ON public.app_table USING btree (tournament_id);


--
-- Name: auth_group_name_a6ea08ec_like; Type: INDEX; Schema: public; Owner: postgres
--

CREATE INDEX auth_group_name_a6ea08ec_like ON public.auth_group USING btree (name varchar_pattern_ops);


--
-- Name: auth_group_permissions_group_id_b120cbf9; Type: INDEX; Schema: public; Owner: postgres
--

CREATE INDEX auth_group_permissions_group_id_b120cbf9 ON public.auth_group_permissions USING btree (group_id);


--
-- Name: auth_group_permissions_permission_id_84c5c92e; Type: INDEX; Schema: public; Owner: postgres
--

CREATE INDEX auth_group_permissions_permission_id_84c5c92e ON public.auth_group_permissions USING btree (permission_id);


--
-- Name: auth_permission_content_type_id_2f476e4b; Type: INDEX; Schema: public; Owner: postgres
--

CREATE INDEX auth_permission_content_type_id_2f476e4b ON public.auth_permission USING btree (content_type_id);


--
-- Name: auth_user_groups_group_id_97559544; Type: INDEX; Schema: public; Owner: postgres
--

CREATE INDEX auth_user_groups_group_id_97559544 ON public.auth_user_groups USING btree (group_id);


--
-- Name: auth_user_groups_user_id_6a12ed8b; Type: INDEX; Schema: public; Owner: postgres
--

CREATE INDEX auth_user_groups_user_id_6a12ed8b ON public.auth_user_groups USING btree (user_id);


--
-- Name: auth_user_user_permissions_permission_id_1fbb5f2c; Type: INDEX; Schema: public; Owner: postgres
--

CREATE INDEX auth_user_user_permissions_permission_id_1fbb5f2c ON public.auth_user_user_permissions USING btree (permission_id);


--
-- Name: auth_user_user_permissions_user_id_a95ead1b; Type: INDEX; Schema: public; Owner: postgres
--

CREATE INDEX auth_user_user_permissions_user_id_a95ead1b ON public.auth_user_user_permissions USING btree (user_id);


--
-- Name: auth_user_username_6821ab7c_like; Type: INDEX; Schema: public; Owner: postgres
--

CREATE INDEX auth_user_username_6821ab7c_like ON public.auth_user USING btree (username varchar_pattern_ops);


--
-- Name: django_admin_log_content_type_id_c4bce8eb; Type: INDEX; Schema: public; Owner: postgres
--

CREATE INDEX django_admin_log_content_type_id_c4bce8eb ON public.django_admin_log USING btree (content_type_id);


--
-- Name: django_admin_log_user_id_c564eba6; Type: INDEX; Schema: public; Owner: postgres
--

CREATE INDEX django_admin_log_user_id_c564eba6 ON public.django_admin_log USING btree (user_id);


--
-- Name: django_eventstream_event_channel_49bacd5e; Type: INDEX; Schema: public; Owner: postgres
--

CREATE INDEX django_eventstream_event_channel_49bacd5e ON public.django_eventstream_event USING btree (channel);


--
-- Name: django_eventstream_event_channel_49bacd5e_like; Type: INDEX; Schema: public; Owner: postgres
--

CREATE INDEX django_eventstream_event_channel_49bacd5e_like ON public.django_eventstream_event USING btree (channel varchar_pattern_ops);


--
-- Name: django_eventstream_event_created_039c5d02; Type: INDEX; Schema: public; Owner: postgres
--

CREATE INDEX django_eventstream_event_created_039c5d02 ON public.django_eventstream_event USING btree (created);


--
-- Name: django_eventstream_event_eid_2da5c1c0; Type: INDEX; Schema: public; Owner: postgres
--

CREATE INDEX django_eventstream_event_eid_2da5c1c0 ON public.django_eventstream_event USING btree (eid);


--
-- Name: django_eventstream_event_type_0e7a664e; Type: INDEX; Schema: public; Owner: postgres
--

CREATE INDEX django_eventstream_event_type_0e7a664e ON public.django_eventstream_event USING btree (type);


--
-- Name: django_eventstream_event_type_0e7a664e_like; Type: INDEX; Schema: public; Owner: postgres
--

CREATE INDEX django_eventstream_event_type_0e7a664e_like ON public.django_eventstream_event USING btree (type varchar_pattern_ops);


--
-- Name: django_eventstream_eventcounter_name_3f2f7780_like; Type: INDEX; Schema: public; Owner: postgres
--

CREATE INDEX django_eventstream_eventcounter_name_3f2f7780_like ON public.django_eventstream_eventcounter USING btree (name varchar_pattern_ops);


--
-- Name: django_eventstream_eventcounter_updated_0b6f9a25; Type: INDEX; Schema: public; Owner: postgres
--

CREATE INDEX django_eventstream_eventcounter_updated_0b6f9a25 ON public.django_eventstream_eventcounter USING btree (updated);


--
-- Name: django_session_expire_date_a5c62663; Type: INDEX; Schema: public; Owner: postgres
--

CREATE INDEX django_session_expire_date_a5c62663 ON public.django_session USING btree (expire_date);


--
-- Name: django_session_session_key_c0390e0f_like; Type: INDEX; Schema: public; Owner: postgres
--

CREATE INDEX django_session_session_key_c0390e0f_like ON public.django_session USING btree (session_key varchar_pattern_ops);


--
-- Name: app_board app_board_tournament_id_b31f4fc4_fk_app_tournament_id; Type: FK CONSTRAINT; Schema: public; Owner: postgres
--

ALTER TABLE ONLY public.app_board
    ADD CONSTRAINT app_board_tournament_id_b31f4fc4_fk_app_tournament_id FOREIGN KEY (tournament_id) REFERENCES public.app_tournament(id) DEFERRABLE INITIALLY DEFERRED;


--
-- Name: app_call app_call_hand_id_248286e2_fk_app_hand_id; Type: FK CONSTRAINT; Schema: public; Owner: postgres
--

ALTER TABLE ONLY public.app_call
    ADD CONSTRAINT app_call_hand_id_248286e2_fk_app_hand_id FOREIGN KEY (hand_id) REFERENCES public.app_hand(id) DEFERRABLE INITIALLY DEFERRED;


--
-- Name: app_hand app_hand_board_id_545228db_fk_app_board_id; Type: FK CONSTRAINT; Schema: public; Owner: postgres
--

ALTER TABLE ONLY public.app_hand
    ADD CONSTRAINT app_hand_board_id_545228db_fk_app_board_id FOREIGN KEY (board_id) REFERENCES public.app_board(id) DEFERRABLE INITIALLY DEFERRED;


--
-- Name: app_hand app_handrecord_table_id_9bbde4e7_fk_app_table_id; Type: FK CONSTRAINT; Schema: public; Owner: postgres
--

ALTER TABLE ONLY public.app_hand
    ADD CONSTRAINT app_handrecord_table_id_9bbde4e7_fk_app_table_id FOREIGN KEY (table_id) REFERENCES public.app_table(id) DEFERRABLE INITIALLY DEFERRED;


--
-- Name: app_message app_message_from_player_id_2b61a823_fk_app_player_id; Type: FK CONSTRAINT; Schema: public; Owner: postgres
--

ALTER TABLE ONLY public.app_message
    ADD CONSTRAINT app_message_from_player_id_2b61a823_fk_app_player_id FOREIGN KEY (from_player_id) REFERENCES public.app_player(id) DEFERRABLE INITIALLY DEFERRED;


--
-- Name: app_message app_message_recipient_content_ty_ec3ce733_fk_django_co; Type: FK CONSTRAINT; Schema: public; Owner: postgres
--

ALTER TABLE ONLY public.app_message
    ADD CONSTRAINT app_message_recipient_content_ty_ec3ce733_fk_django_co FOREIGN KEY (recipient_content_type_id) REFERENCES public.django_content_type(id) DEFERRABLE INITIALLY DEFERRED;


--
-- Name: app_play app_play_hand_id_566ea18e_fk_app_hand_id; Type: FK CONSTRAINT; Schema: public; Owner: postgres
--

ALTER TABLE ONLY public.app_play
    ADD CONSTRAINT app_play_hand_id_566ea18e_fk_app_hand_id FOREIGN KEY (hand_id) REFERENCES public.app_hand(id) DEFERRABLE INITIALLY DEFERRED;


--
-- Name: app_player_boards_played app_player_boards_played_board_id_a08f7a51_fk_app_board_id; Type: FK CONSTRAINT; Schema: public; Owner: postgres
--

ALTER TABLE ONLY public.app_player_boards_played
    ADD CONSTRAINT app_player_boards_played_board_id_a08f7a51_fk_app_board_id FOREIGN KEY (board_id) REFERENCES public.app_board(id) DEFERRABLE INITIALLY DEFERRED;


--
-- Name: app_player_boards_played app_player_boards_played_player_id_48f5c5d5_fk_app_player_id; Type: FK CONSTRAINT; Schema: public; Owner: postgres
--

ALTER TABLE ONLY public.app_player_boards_played
    ADD CONSTRAINT app_player_boards_played_player_id_48f5c5d5_fk_app_player_id FOREIGN KEY (player_id) REFERENCES public.app_player(id) DEFERRABLE INITIALLY DEFERRED;


--
-- Name: app_player app_player_partner_id_150ac39a_fk_app_player_id; Type: FK CONSTRAINT; Schema: public; Owner: postgres
--

ALTER TABLE ONLY public.app_player
    ADD CONSTRAINT app_player_partner_id_150ac39a_fk_app_player_id FOREIGN KEY (partner_id) REFERENCES public.app_player(id) DEFERRABLE INITIALLY DEFERRED;


--
-- Name: app_player app_player_user_id_5913fbad_fk_auth_user_id; Type: FK CONSTRAINT; Schema: public; Owner: postgres
--

ALTER TABLE ONLY public.app_player
    ADD CONSTRAINT app_player_user_id_5913fbad_fk_auth_user_id FOREIGN KEY (user_id) REFERENCES public.auth_user(id) DEFERRABLE INITIALLY DEFERRED;


--
-- Name: app_seat app_seat_player_id_0f54956b_fk_app_player_id; Type: FK CONSTRAINT; Schema: public; Owner: postgres
--

ALTER TABLE ONLY public.app_seat
    ADD CONSTRAINT app_seat_player_id_0f54956b_fk_app_player_id FOREIGN KEY (player_id) REFERENCES public.app_player(id) DEFERRABLE INITIALLY DEFERRED;


--
-- Name: app_seat app_seat_table_id_cc16d207_fk_app_table_id; Type: FK CONSTRAINT; Schema: public; Owner: postgres
--

ALTER TABLE ONLY public.app_seat
    ADD CONSTRAINT app_seat_table_id_cc16d207_fk_app_table_id FOREIGN KEY (table_id) REFERENCES public.app_table(id) DEFERRABLE INITIALLY DEFERRED;


--
-- Name: app_table app_table_tournament_id_488bb731_fk_app_tournament_id; Type: FK CONSTRAINT; Schema: public; Owner: postgres
--

ALTER TABLE ONLY public.app_table
    ADD CONSTRAINT app_table_tournament_id_488bb731_fk_app_tournament_id FOREIGN KEY (tournament_id) REFERENCES public.app_tournament(id) DEFERRABLE INITIALLY DEFERRED;


--
-- Name: app_usermitplaya app_usermitplaya_user_ptr_id_4c841542_fk_auth_user_id; Type: FK CONSTRAINT; Schema: public; Owner: postgres
--

ALTER TABLE ONLY public.app_usermitplaya
    ADD CONSTRAINT app_usermitplaya_user_ptr_id_4c841542_fk_auth_user_id FOREIGN KEY (user_ptr_id) REFERENCES public.auth_user(id) DEFERRABLE INITIALLY DEFERRED;


--
-- Name: auth_group_permissions auth_group_permissio_permission_id_84c5c92e_fk_auth_perm; Type: FK CONSTRAINT; Schema: public; Owner: postgres
--

ALTER TABLE ONLY public.auth_group_permissions
    ADD CONSTRAINT auth_group_permissio_permission_id_84c5c92e_fk_auth_perm FOREIGN KEY (permission_id) REFERENCES public.auth_permission(id) DEFERRABLE INITIALLY DEFERRED;


--
-- Name: auth_group_permissions auth_group_permissions_group_id_b120cbf9_fk_auth_group_id; Type: FK CONSTRAINT; Schema: public; Owner: postgres
--

ALTER TABLE ONLY public.auth_group_permissions
    ADD CONSTRAINT auth_group_permissions_group_id_b120cbf9_fk_auth_group_id FOREIGN KEY (group_id) REFERENCES public.auth_group(id) DEFERRABLE INITIALLY DEFERRED;


--
-- Name: auth_permission auth_permission_content_type_id_2f476e4b_fk_django_co; Type: FK CONSTRAINT; Schema: public; Owner: postgres
--

ALTER TABLE ONLY public.auth_permission
    ADD CONSTRAINT auth_permission_content_type_id_2f476e4b_fk_django_co FOREIGN KEY (content_type_id) REFERENCES public.django_content_type(id) DEFERRABLE INITIALLY DEFERRED;


--
-- Name: auth_user_groups auth_user_groups_group_id_97559544_fk_auth_group_id; Type: FK CONSTRAINT; Schema: public; Owner: postgres
--

ALTER TABLE ONLY public.auth_user_groups
    ADD CONSTRAINT auth_user_groups_group_id_97559544_fk_auth_group_id FOREIGN KEY (group_id) REFERENCES public.auth_group(id) DEFERRABLE INITIALLY DEFERRED;


--
-- Name: auth_user_groups auth_user_groups_user_id_6a12ed8b_fk_auth_user_id; Type: FK CONSTRAINT; Schema: public; Owner: postgres
--

ALTER TABLE ONLY public.auth_user_groups
    ADD CONSTRAINT auth_user_groups_user_id_6a12ed8b_fk_auth_user_id FOREIGN KEY (user_id) REFERENCES public.auth_user(id) DEFERRABLE INITIALLY DEFERRED;


--
-- Name: auth_user_user_permissions auth_user_user_permi_permission_id_1fbb5f2c_fk_auth_perm; Type: FK CONSTRAINT; Schema: public; Owner: postgres
--

ALTER TABLE ONLY public.auth_user_user_permissions
    ADD CONSTRAINT auth_user_user_permi_permission_id_1fbb5f2c_fk_auth_perm FOREIGN KEY (permission_id) REFERENCES public.auth_permission(id) DEFERRABLE INITIALLY DEFERRED;


--
-- Name: auth_user_user_permissions auth_user_user_permissions_user_id_a95ead1b_fk_auth_user_id; Type: FK CONSTRAINT; Schema: public; Owner: postgres
--

ALTER TABLE ONLY public.auth_user_user_permissions
    ADD CONSTRAINT auth_user_user_permissions_user_id_a95ead1b_fk_auth_user_id FOREIGN KEY (user_id) REFERENCES public.auth_user(id) DEFERRABLE INITIALLY DEFERRED;


--
-- Name: django_admin_log django_admin_log_content_type_id_c4bce8eb_fk_django_co; Type: FK CONSTRAINT; Schema: public; Owner: postgres
--

ALTER TABLE ONLY public.django_admin_log
    ADD CONSTRAINT django_admin_log_content_type_id_c4bce8eb_fk_django_co FOREIGN KEY (content_type_id) REFERENCES public.django_content_type(id) DEFERRABLE INITIALLY DEFERRED;


--
-- Name: django_admin_log django_admin_log_user_id_c564eba6_fk_auth_user_id; Type: FK CONSTRAINT; Schema: public; Owner: postgres
--

ALTER TABLE ONLY public.django_admin_log
    ADD CONSTRAINT django_admin_log_user_id_c564eba6_fk_auth_user_id FOREIGN KEY (user_id) REFERENCES public.auth_user(id) DEFERRABLE INITIALLY DEFERRED;


--
-- PostgreSQL database dump complete
--

