--
-- PostgreSQL database dump
--

-- Dumped from database version 17.4 (Debian 17.4-1.pgdg120+2)
-- Dumped by pg_dump version 17.4 (Debian 17.4-1.pgdg120+2)

SET statement_timeout = 0;
SET lock_timeout = 0;
SET idle_in_transaction_session_timeout = 0;
SET transaction_timeout = 0;
SET client_encoding = 'UTF8';
SET standard_conforming_strings = on;
SELECT pg_catalog.set_config('search_path', '', false);
SET check_function_bodies = false;
SET xmloption = content;
SET client_min_messages = warning;
SET row_security = off;

SET default_tablespace = '';

SET default_table_access_method = heap;

--
-- Name: app_board; Type: TABLE; Schema: public; Owner: postgres
--

CREATE TABLE public.app_board (
    id bigint NOT NULL,
    ns_vulnerable boolean NOT NULL,
    ew_vulnerable boolean NOT NULL,
    east_cards character varying(26) NOT NULL,
    north_cards character varying(26) NOT NULL,
    south_cards character varying(26) NOT NULL,
    west_cards character varying(26) NOT NULL,
    tournament_id bigint NOT NULL,
    dealer character varying NOT NULL,
    display_number smallint NOT NULL,
    "group" character varying(1),
    CONSTRAINT app_board_dealer_must_be_compass_letter CHECK (((dealer)::text = ANY ((ARRAY['N'::character varying, 'E'::character varying, 'S'::character varying, 'W'::character varying])::text[])))
);


ALTER TABLE public.app_board OWNER TO postgres;

--
-- Name: COLUMN app_board.dealer; Type: COMMENT; Schema: public; Owner: postgres
--

COMMENT ON COLUMN public.app_board.dealer IS 'corresponds to bridge library''s "direction" ';


--
-- Name: COLUMN app_board."group"; Type: COMMENT; Schema: public; Owner: postgres
--

COMMENT ON COLUMN public.app_board."group" IS ' A, B, C &c, NULL means not yet assigned ';


--
-- Name: app_board_id_seq; Type: SEQUENCE; Schema: public; Owner: postgres
--

ALTER TABLE public.app_board ALTER COLUMN id ADD GENERATED BY DEFAULT AS IDENTITY (
    SEQUENCE NAME public.app_board_id_seq
    START WITH 1
    INCREMENT BY 1
    NO MINVALUE
    NO MAXVALUE
    CACHE 1
);


--
-- Name: app_call; Type: TABLE; Schema: public; Owner: postgres
--

CREATE TABLE public.app_call (
    id bigint NOT NULL,
    serialized character varying(10) NOT NULL,
    hand_id bigint NOT NULL,
    created timestamp with time zone NOT NULL,
    modified timestamp with time zone NOT NULL
);


ALTER TABLE public.app_call OWNER TO postgres;

--
-- Name: COLUMN app_call.serialized; Type: COMMENT; Schema: public; Owner: postgres
--

COMMENT ON COLUMN public.app_call.serialized IS 'A short string with which we can create a bridge.contract.Call object';


--
-- Name: app_call_id_seq; Type: SEQUENCE; Schema: public; Owner: postgres
--

ALTER TABLE public.app_call ALTER COLUMN id ADD GENERATED BY DEFAULT AS IDENTITY (
    SEQUENCE NAME public.app_call_id_seq
    START WITH 1
    INCREMENT BY 1
    NO MINVALUE
    NO MAXVALUE
    CACHE 1
);


--
-- Name: app_hand; Type: TABLE; Schema: public; Owner: postgres
--

CREATE TABLE public.app_hand (
    id bigint NOT NULL,
    board_id bigint NOT NULL,
    open_access boolean NOT NULL,
    abandoned_because character varying(200),
    created timestamp with time zone NOT NULL,
    modified timestamp with time zone NOT NULL,
    "East_id" bigint NOT NULL,
    "North_id" bigint NOT NULL,
    "South_id" bigint NOT NULL,
    "West_id" bigint NOT NULL,
    table_display_number smallint NOT NULL
);


ALTER TABLE public.app_hand OWNER TO postgres;

--
-- Name: COLUMN app_hand.open_access; Type: COMMENT; Schema: public; Owner: postgres
--

COMMENT ON COLUMN public.app_hand.open_access IS 'For debugging only! Settable via the admin site, and maaaaybe by a special "god-mode" switch in the UI';


--
-- Name: app_handrecord_id_seq; Type: SEQUENCE; Schema: public; Owner: postgres
--

ALTER TABLE public.app_hand ALTER COLUMN id ADD GENERATED BY DEFAULT AS IDENTITY (
    SEQUENCE NAME public.app_handrecord_id_seq
    START WITH 1
    INCREMENT BY 1
    NO MINVALUE
    NO MAXVALUE
    CACHE 1
);


--
-- Name: app_lobby; Type: TABLE; Schema: public; Owner: postgres
--

CREATE TABLE public.app_lobby (
    id bigint NOT NULL
);


ALTER TABLE public.app_lobby OWNER TO postgres;

--
-- Name: TABLE app_lobby; Type: COMMENT; Schema: public; Owner: postgres
--

COMMENT ON TABLE public.app_lobby IS 'Serves no purpose other than acting as a target for lobby messages';


--
-- Name: app_lobby_id_seq; Type: SEQUENCE; Schema: public; Owner: postgres
--

ALTER TABLE public.app_lobby ALTER COLUMN id ADD GENERATED BY DEFAULT AS IDENTITY (
    SEQUENCE NAME public.app_lobby_id_seq
    START WITH 1
    INCREMENT BY 1
    NO MINVALUE
    NO MAXVALUE
    CACHE 1
);


--
-- Name: app_message; Type: TABLE; Schema: public; Owner: postgres
--

CREATE TABLE public.app_message (
    id bigint NOT NULL,
    "timestamp" timestamp with time zone NOT NULL,
    message text NOT NULL,
    from_player_id bigint,
    recipient_content_type_id integer NOT NULL,
    recipient_object_id integer NOT NULL,
    CONSTRAINT app_message_recipient_object_id_check CHECK ((recipient_object_id >= 0))
);


ALTER TABLE public.app_message OWNER TO postgres;

--
-- Name: COLUMN app_message.from_player_id; Type: COMMENT; Schema: public; Owner: postgres
--

COMMENT ON COLUMN public.app_message.from_player_id IS 'NULL means it came from ''the system''';


--
-- Name: app_message_id_seq; Type: SEQUENCE; Schema: public; Owner: postgres
--

ALTER TABLE public.app_message ALTER COLUMN id ADD GENERATED BY DEFAULT AS IDENTITY (
    SEQUENCE NAME public.app_message_id_seq
    START WITH 1
    INCREMENT BY 1
    NO MINVALUE
    NO MAXVALUE
    CACHE 1
);


--
-- Name: app_play; Type: TABLE; Schema: public; Owner: postgres
--

CREATE TABLE public.app_play (
    id bigint NOT NULL,
    serialized character varying(2) NOT NULL,
    hand_id bigint NOT NULL,
    created timestamp with time zone NOT NULL,
    modified timestamp with time zone NOT NULL
);


ALTER TABLE public.app_play OWNER TO postgres;

--
-- Name: COLUMN app_play.serialized; Type: COMMENT; Schema: public; Owner: postgres
--

COMMENT ON COLUMN public.app_play.serialized IS 'A short string with which we can create a bridge.card.Card object';


--
-- Name: app_play_id_seq; Type: SEQUENCE; Schema: public; Owner: postgres
--

ALTER TABLE public.app_play ALTER COLUMN id ADD GENERATED BY DEFAULT AS IDENTITY (
    SEQUENCE NAME public.app_play_id_seq
    START WITH 1
    INCREMENT BY 1
    NO MINVALUE
    NO MAXVALUE
    CACHE 1
);


--
-- Name: app_player; Type: TABLE; Schema: public; Owner: postgres
--

CREATE TABLE public.app_player (
    id bigint NOT NULL,
    user_id integer NOT NULL,
    partner_id bigint,
    synthetic boolean NOT NULL,
    allow_bot_to_play_for_me boolean NOT NULL,
    created timestamp with time zone NOT NULL,
    modified timestamp with time zone NOT NULL,
    CONSTRAINT app_player_cant_be_own_partner CHECK (((partner_id IS NULL) OR (NOT ((partner_id = id) AND (partner_id IS NOT NULL))))),
    CONSTRAINT synthetic_players_must_allow_bot_to_play_for_them CHECK (((NOT synthetic) OR allow_bot_to_play_for_me))
);


ALTER TABLE public.app_player OWNER TO postgres;

--
-- Name: app_player_id_seq; Type: SEQUENCE; Schema: public; Owner: postgres
--

ALTER TABLE public.app_player ALTER COLUMN id ADD GENERATED BY DEFAULT AS IDENTITY (
    SEQUENCE NAME public.app_player_id_seq
    START WITH 1
    INCREMENT BY 1
    NO MINVALUE
    NO MAXVALUE
    CACHE 1
);


--
-- Name: app_tournament; Type: TABLE; Schema: public; Owner: postgres
--

CREATE TABLE public.app_tournament (
    id bigint NOT NULL,
    is_complete boolean NOT NULL,
    display_number smallint NOT NULL,
    play_completion_deadline timestamp with time zone NOT NULL,
    signup_deadline timestamp with time zone NOT NULL,
    boards_per_round_per_table smallint NOT NULL,
    CONSTRAINT app_tournament_boards_per_round_per_table_check CHECK ((boards_per_round_per_table >= 0)),
    CONSTRAINT app_tournament_play_deadline_must_follow_signup_deadline CHECK (((play_completion_deadline IS NULL) OR (play_completion_deadline > signup_deadline)))
);


ALTER TABLE public.app_tournament OWNER TO postgres;

--
-- Name: COLUMN app_tournament.play_completion_deadline; Type: COMMENT; Schema: public; Owner: postgres
--

COMMENT ON COLUMN public.app_tournament.play_completion_deadline IS '"a billion years from now" means we don''t yet know how many players we have, hence cannot compute a movement';


--
-- Name: app_tournament_id_seq; Type: SEQUENCE; Schema: public; Owner: postgres
--

ALTER TABLE public.app_tournament ALTER COLUMN id ADD GENERATED BY DEFAULT AS IDENTITY (
    SEQUENCE NAME public.app_tournament_id_seq
    START WITH 1
    INCREMENT BY 1
    NO MINVALUE
    NO MAXVALUE
    CACHE 1
);


--
-- Name: app_tournamentsignup; Type: TABLE; Schema: public; Owner: postgres
--

CREATE TABLE public.app_tournamentsignup (
    id bigint NOT NULL,
    player_id bigint NOT NULL,
    tournament_id bigint NOT NULL
);


ALTER TABLE public.app_tournamentsignup OWNER TO postgres;

--
-- Name: app_tournamentsignups_id_seq; Type: SEQUENCE; Schema: public; Owner: postgres
--

ALTER TABLE public.app_tournamentsignup ALTER COLUMN id ADD GENERATED BY DEFAULT AS IDENTITY (
    SEQUENCE NAME public.app_tournamentsignups_id_seq
    START WITH 1
    INCREMENT BY 1
    NO MINVALUE
    NO MAXVALUE
    CACHE 1
);


--
-- Name: app_usermitplaya; Type: TABLE; Schema: public; Owner: postgres
--

CREATE TABLE public.app_usermitplaya (
    user_ptr_id integer NOT NULL
);


ALTER TABLE public.app_usermitplaya OWNER TO postgres;

--
-- Name: auth_group; Type: TABLE; Schema: public; Owner: postgres
--

CREATE TABLE public.auth_group (
    id integer NOT NULL,
    name character varying(150) NOT NULL
);


ALTER TABLE public.auth_group OWNER TO postgres;

--
-- Name: auth_group_id_seq; Type: SEQUENCE; Schema: public; Owner: postgres
--

ALTER TABLE public.auth_group ALTER COLUMN id ADD GENERATED BY DEFAULT AS IDENTITY (
    SEQUENCE NAME public.auth_group_id_seq
    START WITH 1
    INCREMENT BY 1
    NO MINVALUE
    NO MAXVALUE
    CACHE 1
);


--
-- Name: auth_group_permissions; Type: TABLE; Schema: public; Owner: postgres
--

CREATE TABLE public.auth_group_permissions (
    id bigint NOT NULL,
    group_id integer NOT NULL,
    permission_id integer NOT NULL
);


ALTER TABLE public.auth_group_permissions OWNER TO postgres;

--
-- Name: auth_group_permissions_id_seq; Type: SEQUENCE; Schema: public; Owner: postgres
--

ALTER TABLE public.auth_group_permissions ALTER COLUMN id ADD GENERATED BY DEFAULT AS IDENTITY (
    SEQUENCE NAME public.auth_group_permissions_id_seq
    START WITH 1
    INCREMENT BY 1
    NO MINVALUE
    NO MAXVALUE
    CACHE 1
);


--
-- Name: auth_permission; Type: TABLE; Schema: public; Owner: postgres
--

CREATE TABLE public.auth_permission (
    id integer NOT NULL,
    name character varying(255) NOT NULL,
    content_type_id integer NOT NULL,
    codename character varying(100) NOT NULL
);


ALTER TABLE public.auth_permission OWNER TO postgres;

--
-- Name: auth_permission_id_seq; Type: SEQUENCE; Schema: public; Owner: postgres
--

ALTER TABLE public.auth_permission ALTER COLUMN id ADD GENERATED BY DEFAULT AS IDENTITY (
    SEQUENCE NAME public.auth_permission_id_seq
    START WITH 1
    INCREMENT BY 1
    NO MINVALUE
    NO MAXVALUE
    CACHE 1
);


--
-- Name: auth_user; Type: TABLE; Schema: public; Owner: postgres
--

CREATE TABLE public.auth_user (
    id integer NOT NULL,
    password character varying(128) NOT NULL,
    last_login timestamp with time zone,
    is_superuser boolean NOT NULL,
    username character varying(150) NOT NULL,
    first_name character varying(150) NOT NULL,
    last_name character varying(150) NOT NULL,
    email character varying(254) NOT NULL,
    is_staff boolean NOT NULL,
    is_active boolean NOT NULL,
    date_joined timestamp with time zone NOT NULL
);


ALTER TABLE public.auth_user OWNER TO postgres;

--
-- Name: auth_user_groups; Type: TABLE; Schema: public; Owner: postgres
--

CREATE TABLE public.auth_user_groups (
    id bigint NOT NULL,
    user_id integer NOT NULL,
    group_id integer NOT NULL
);


ALTER TABLE public.auth_user_groups OWNER TO postgres;

--
-- Name: auth_user_groups_id_seq; Type: SEQUENCE; Schema: public; Owner: postgres
--

ALTER TABLE public.auth_user_groups ALTER COLUMN id ADD GENERATED BY DEFAULT AS IDENTITY (
    SEQUENCE NAME public.auth_user_groups_id_seq
    START WITH 1
    INCREMENT BY 1
    NO MINVALUE
    NO MAXVALUE
    CACHE 1
);


--
-- Name: auth_user_id_seq; Type: SEQUENCE; Schema: public; Owner: postgres
--

ALTER TABLE public.auth_user ALTER COLUMN id ADD GENERATED BY DEFAULT AS IDENTITY (
    SEQUENCE NAME public.auth_user_id_seq
    START WITH 1
    INCREMENT BY 1
    NO MINVALUE
    NO MAXVALUE
    CACHE 1
);


--
-- Name: auth_user_user_permissions; Type: TABLE; Schema: public; Owner: postgres
--

CREATE TABLE public.auth_user_user_permissions (
    id bigint NOT NULL,
    user_id integer NOT NULL,
    permission_id integer NOT NULL
);


ALTER TABLE public.auth_user_user_permissions OWNER TO postgres;

--
-- Name: auth_user_user_permissions_id_seq; Type: SEQUENCE; Schema: public; Owner: postgres
--

ALTER TABLE public.auth_user_user_permissions ALTER COLUMN id ADD GENERATED BY DEFAULT AS IDENTITY (
    SEQUENCE NAME public.auth_user_user_permissions_id_seq
    START WITH 1
    INCREMENT BY 1
    NO MINVALUE
    NO MAXVALUE
    CACHE 1
);


--
-- Name: django_admin_log; Type: TABLE; Schema: public; Owner: postgres
--

CREATE TABLE public.django_admin_log (
    id integer NOT NULL,
    action_time timestamp with time zone NOT NULL,
    object_id text,
    object_repr character varying(200) NOT NULL,
    action_flag smallint NOT NULL,
    change_message text NOT NULL,
    content_type_id integer,
    user_id integer NOT NULL,
    CONSTRAINT django_admin_log_action_flag_check CHECK ((action_flag >= 0))
);


ALTER TABLE public.django_admin_log OWNER TO postgres;

--
-- Name: django_admin_log_id_seq; Type: SEQUENCE; Schema: public; Owner: postgres
--

ALTER TABLE public.django_admin_log ALTER COLUMN id ADD GENERATED BY DEFAULT AS IDENTITY (
    SEQUENCE NAME public.django_admin_log_id_seq
    START WITH 1
    INCREMENT BY 1
    NO MINVALUE
    NO MAXVALUE
    CACHE 1
);


--
-- Name: django_content_type; Type: TABLE; Schema: public; Owner: postgres
--

CREATE TABLE public.django_content_type (
    id integer NOT NULL,
    app_label character varying(100) NOT NULL,
    model character varying(100) NOT NULL
);


ALTER TABLE public.django_content_type OWNER TO postgres;

--
-- Name: django_content_type_id_seq; Type: SEQUENCE; Schema: public; Owner: postgres
--

ALTER TABLE public.django_content_type ALTER COLUMN id ADD GENERATED BY DEFAULT AS IDENTITY (
    SEQUENCE NAME public.django_content_type_id_seq
    START WITH 1
    INCREMENT BY 1
    NO MINVALUE
    NO MAXVALUE
    CACHE 1
);


--
-- Name: django_eventstream_event; Type: TABLE; Schema: public; Owner: postgres
--

CREATE TABLE public.django_eventstream_event (
    id integer NOT NULL,
    channel character varying(255) NOT NULL,
    type character varying(255) NOT NULL,
    data text NOT NULL,
    eid bigint NOT NULL,
    created timestamp with time zone NOT NULL
);


ALTER TABLE public.django_eventstream_event OWNER TO postgres;

--
-- Name: django_eventstream_event_id_seq; Type: SEQUENCE; Schema: public; Owner: postgres
--

ALTER TABLE public.django_eventstream_event ALTER COLUMN id ADD GENERATED BY DEFAULT AS IDENTITY (
    SEQUENCE NAME public.django_eventstream_event_id_seq
    START WITH 1
    INCREMENT BY 1
    NO MINVALUE
    NO MAXVALUE
    CACHE 1
);


--
-- Name: django_eventstream_eventcounter; Type: TABLE; Schema: public; Owner: postgres
--

CREATE TABLE public.django_eventstream_eventcounter (
    id integer NOT NULL,
    name character varying(255) NOT NULL,
    value bigint NOT NULL,
    updated timestamp with time zone NOT NULL
);


ALTER TABLE public.django_eventstream_eventcounter OWNER TO postgres;

--
-- Name: django_eventstream_eventcounter_id_seq; Type: SEQUENCE; Schema: public; Owner: postgres
--

ALTER TABLE public.django_eventstream_eventcounter ALTER COLUMN id ADD GENERATED BY DEFAULT AS IDENTITY (
    SEQUENCE NAME public.django_eventstream_eventcounter_id_seq
    START WITH 1
    INCREMENT BY 1
    NO MINVALUE
    NO MAXVALUE
    CACHE 1
);


--
-- Name: django_migrations; Type: TABLE; Schema: public; Owner: postgres
--

CREATE TABLE public.django_migrations (
    id bigint NOT NULL,
    app character varying(255) NOT NULL,
    name character varying(255) NOT NULL,
    applied timestamp with time zone NOT NULL
);


ALTER TABLE public.django_migrations OWNER TO postgres;

--
-- Name: django_migrations_id_seq; Type: SEQUENCE; Schema: public; Owner: postgres
--

ALTER TABLE public.django_migrations ALTER COLUMN id ADD GENERATED BY DEFAULT AS IDENTITY (
    SEQUENCE NAME public.django_migrations_id_seq
    START WITH 1
    INCREMENT BY 1
    NO MINVALUE
    NO MAXVALUE
    CACHE 1
);


--
-- Name: django_session; Type: TABLE; Schema: public; Owner: postgres
--

CREATE TABLE public.django_session (
    session_key character varying(40) NOT NULL,
    session_data text NOT NULL,
    expire_date timestamp with time zone NOT NULL
);


ALTER TABLE public.django_session OWNER TO postgres;

--
-- Data for Name: app_board; Type: TABLE DATA; Schema: public; Owner: postgres
--

COPY public.app_board (id, ns_vulnerable, ew_vulnerable, east_cards, north_cards, south_cards, west_cards, tournament_id, dealer, display_number, "group") FROM stdin;
1	f	f	♣3♣6♣7♣9♣Q♥4♥T♥Q♠4♠7♠9♠J♠A	♣8♣J♦3♦6♦7♦T♦Q♥3♥7♥8♥9♥K♥A	♣2♣4♣5♣T♦2♦8♦9♦A♥2♥J♠2♠8♠Q	♣K♣A♦4♦5♦J♦K♥5♥6♠3♠5♠6♠T♠K	1	N	1	A
2	t	f	♣2♣5♣9♣T♣J♣K♦9♦T♥5♥9♠8♠9♠J	♣4♣6♣7♣8♣A♦8♦J♦Q♦A♥2♥7♥Q♠7	♣Q♦2♦3♦4♦6♥6♥8♠2♠4♠6♠Q♠K♠A	♣3♦5♦7♦K♥3♥4♥T♥J♥K♥A♠3♠5♠T	1	E	2	A
3	f	t	♣9♣Q♦3♦4♦5♦K♥7♥A♠3♠6♠7♠9♠A	♣2♣4♣7♣8♦7♦8♦Q♦A♥K♠4♠T♠J♠Q	♣5♣J♣K♣A♦9♦J♥4♥6♥9♥T♥J♠8♠K	♣3♣6♣T♦2♦6♦T♥2♥3♥5♥8♥Q♠2♠5	1	S	3	A
4	t	t	♣2♣K♦2♦4♦5♦6♦7♦9♦J♥7♥J♠7♠J	♣6♣7♣T♣J♥3♥9♥T♥Q♥A♠2♠4♠5♠8	♣3♣4♣Q♣A♦T♦K♦A♥2♥8♠3♠6♠T♠Q	♣5♣8♣9♦3♦8♦Q♥4♥5♥6♥K♠9♠K♠A	1	W	4	B
5	t	f	♣5♣8♣T♣J♦5♦6♦7♦9♥J♠3♠5♠9♠Q	♣4♣7♣Q♣A♥3♥5♥7♥9♥K♥A♠7♠8♠K	♣2♣3♣9♦3♦4♦Q♦K♦A♥2♥6♥8♥Q♠4	♣6♣K♦2♦8♦T♦J♥4♥T♠2♠6♠T♠J♠A	1	N	5	B
6	f	t	♣2♣3♣8♣J♦3♦8♦T♥2♠2♠6♠9♠T♠K	♣6♣7♣K♦4♦5♥7♥9♥Q♥K♥A♠4♠7♠J	♣4♣5♣T♣A♦2♦7♦9♦Q♦A♥3♥6♠3♠A	♣9♣Q♦6♦J♦K♥4♥5♥8♥T♥J♠5♠8♠Q	1	E	6	B
\.


--
-- Data for Name: app_call; Type: TABLE DATA; Schema: public; Owner: postgres
--

COPY public.app_call (id, serialized, hand_id, created, modified) FROM stdin;
1	Pass	1	2025-05-24 15:11:06.473833+00	2025-05-24 15:11:06.473865+00
\.


--
-- Data for Name: app_hand; Type: TABLE DATA; Schema: public; Owner: postgres
--

COPY public.app_hand (id, board_id, open_access, abandoned_because, created, modified, "East_id", "North_id", "South_id", "West_id", table_display_number) FROM stdin;
1	1	f	\N	2025-05-24 15:10:54.90254+00	2025-05-24 15:10:54.902546+00	5	1	2	6	1
2	1	f	\N	2025-05-24 15:10:54.957192+00	2025-05-24 15:10:54.957197+00	7	3	4	8	2
\.


--
-- Data for Name: app_lobby; Type: TABLE DATA; Schema: public; Owner: postgres
--

COPY public.app_lobby (id) FROM stdin;
1
\.


--
-- Data for Name: app_message; Type: TABLE DATA; Schema: public; Owner: postgres
--

COPY public.app_message (id, "timestamp", message, from_player_id, recipient_content_type_id, recipient_object_id) FROM stdin;
1	2025-05-24 15:10:54.709946+00	Partnered with _bodie	3	11	1
2	2025-05-24 15:10:54.750787+00	Partnered with _tony gray	5	11	1
3	2025-05-24 15:10:54.763136+00	Partnered with _randy	7	11	1
\.


--
-- Data for Name: app_play; Type: TABLE DATA; Schema: public; Owner: postgres
--

COPY public.app_play (id, serialized, hand_id, created, modified) FROM stdin;
\.


--
-- Data for Name: app_player; Type: TABLE DATA; Schema: public; Owner: postgres
--

COPY public.app_player (id, user_id, partner_id, synthetic, allow_bot_to_play_for_me, created, modified) FROM stdin;
1	2	2	f	f	2025-05-24 15:10:43.464358+00	2025-05-24 15:10:48.507831+00
2	3	1	t	t	2025-05-24 15:10:48.506291+00	2025-05-24 15:10:48.509347+00
3	4	4	t	t	2025-05-24 15:10:54.587679+00	2025-05-24 15:10:54.704451+00
4	5	3	t	t	2025-05-24 15:10:54.618033+00	2025-05-24 15:10:54.705817+00
5	6	6	t	t	2025-05-24 15:10:54.640306+00	2025-05-24 15:10:54.748457+00
6	7	5	t	t	2025-05-24 15:10:54.660743+00	2025-05-24 15:10:54.749903+00
7	8	8	t	t	2025-05-24 15:10:54.680607+00	2025-05-24 15:10:54.760943+00
8	9	7	t	t	2025-05-24 15:10:54.701433+00	2025-05-24 15:10:54.762379+00
\.


--
-- Data for Name: app_tournament; Type: TABLE DATA; Schema: public; Owner: postgres
--

COPY public.app_tournament (id, is_complete, display_number, play_completion_deadline, signup_deadline, boards_per_round_per_table) FROM stdin;
1	f	1	9999-12-31 23:59:59.999999+00	2025-05-24 15:10:54.822011+00	3
\.


--
-- Data for Name: app_tournamentsignup; Type: TABLE DATA; Schema: public; Owner: postgres
--

COPY public.app_tournamentsignup (id, player_id, tournament_id) FROM stdin;
1	1	1
2	2	1
3	3	1
4	4	1
5	5	1
6	6	1
7	7	1
8	8	1
\.


--
-- Data for Name: app_usermitplaya; Type: TABLE DATA; Schema: public; Owner: postgres
--

COPY public.app_usermitplaya (user_ptr_id) FROM stdin;
\.


--
-- Data for Name: auth_group; Type: TABLE DATA; Schema: public; Owner: postgres
--

COPY public.auth_group (id, name) FROM stdin;
\.


--
-- Data for Name: auth_group_permissions; Type: TABLE DATA; Schema: public; Owner: postgres
--

COPY public.auth_group_permissions (id, group_id, permission_id) FROM stdin;
\.


--
-- Data for Name: auth_permission; Type: TABLE DATA; Schema: public; Owner: postgres
--

COPY public.auth_permission (id, name, content_type_id, codename) FROM stdin;
1	Can add event	1	add_event
2	Can change event	1	change_event
3	Can delete event	1	delete_event
4	Can view event	1	view_event
5	Can add event counter	2	add_eventcounter
6	Can change event counter	2	change_eventcounter
7	Can delete event counter	2	delete_eventcounter
8	Can view event counter	2	view_eventcounter
9	Can add log entry	3	add_logentry
10	Can change log entry	3	change_logentry
11	Can delete log entry	3	delete_logentry
12	Can view log entry	3	view_logentry
13	Can add permission	4	add_permission
14	Can change permission	4	change_permission
15	Can delete permission	4	delete_permission
16	Can view permission	4	view_permission
17	Can add group	5	add_group
18	Can change group	5	change_group
19	Can delete group	5	delete_group
20	Can view group	5	view_group
21	Can add user	6	add_user
22	Can change user	6	change_user
23	Can delete user	6	delete_user
24	Can view user	6	view_user
25	Can add content type	7	add_contenttype
26	Can change content type	7	change_contenttype
27	Can delete content type	7	delete_contenttype
28	Can view content type	7	view_contenttype
29	Can add session	8	add_session
30	Can change session	8	change_session
31	Can delete session	8	delete_session
32	Can view session	8	view_session
33	Can add player	9	add_player
34	Can change player	9	change_player
35	Can delete player	9	delete_player
36	Can view player	9	view_player
37	Can add message	10	add_message
38	Can change message	10	change_message
39	Can delete message	10	delete_message
40	Can view message	10	view_message
41	Can add lobby	11	add_lobby
42	Can change lobby	11	change_lobby
43	Can delete lobby	11	delete_lobby
44	Can view lobby	11	view_lobby
45	Can add board	12	add_board
46	Can change board	12	change_board
47	Can delete board	12	delete_board
48	Can view board	12	view_board
49	Can add call	13	add_call
50	Can change call	13	change_call
51	Can delete call	13	delete_call
52	Can view call	13	view_call
53	Can add play	14	add_play
54	Can change play	14	change_play
55	Can delete play	14	delete_play
56	Can view play	14	view_play
57	Can add user	15	add_usermitplaya
58	Can change user	15	change_usermitplaya
59	Can delete user	15	delete_usermitplaya
60	Can view user	15	view_usermitplaya
61	Can add hand	16	add_hand
62	Can change hand	16	change_hand
63	Can delete hand	16	delete_hand
64	Can view hand	16	view_hand
65	Can add tournament	17	add_tournament
66	Can change tournament	17	change_tournament
67	Can delete tournament	17	delete_tournament
68	Can view tournament	17	view_tournament
69	Can add tournament signup	18	add_tournamentsignup
70	Can change tournament signup	18	change_tournamentsignup
71	Can delete tournament signup	18	delete_tournamentsignup
72	Can view tournament signup	18	view_tournamentsignup
\.


--
-- Data for Name: auth_user; Type: TABLE DATA; Schema: public; Owner: postgres
--

COPY public.auth_user (id, password, last_login, is_superuser, username, first_name, last_name, email, is_staff, is_active, date_joined) FROM stdin;
1	pbkdf2_sha256$1000000$MoNO8rWTTsi03flth0j3DI$pZdSUc3iMivJfylAUMr4y9Dm9zcky0LDk53VgJbX96g=	\N	t	admin			admin@admin.com	t	t	2025-05-24 15:10:08.545366+00
2	pbkdf2_sha256$1000000$QEdLnOlk9ygzDK9Cmx6Tt3$8hr6oxLVjZ74e1PYB32kc+pl40msl1hDxq8xc6atP90=	2025-05-24 15:10:45.400585+00	f	bob				f	t	2025-05-24 15:10:43.22355+00
3	pbkdf2_sha256$870000$2hIscex1sYiQd86rzIuNEb$C1t3fgjQJ00VLQA6H7Hg25GGjkyLc9CBfkzNTSbqYTU=	\N	f	_prez				f	t	2025-05-24 15:10:48.503516+00
4	pbkdf2_sha256$870000$2hIscex1sYiQd86rzIuNEb$C1t3fgjQJ00VLQA6H7Hg25GGjkyLc9CBfkzNTSbqYTU=	\N	f	_rhonda				f	t	2025-05-24 15:10:54.583977+00
5	pbkdf2_sha256$870000$2hIscex1sYiQd86rzIuNEb$C1t3fgjQJ00VLQA6H7Hg25GGjkyLc9CBfkzNTSbqYTU=	\N	f	_bodie				f	t	2025-05-24 15:10:54.615717+00
6	pbkdf2_sha256$870000$2hIscex1sYiQd86rzIuNEb$C1t3fgjQJ00VLQA6H7Hg25GGjkyLc9CBfkzNTSbqYTU=	\N	f	_kima				f	t	2025-05-24 15:10:54.638672+00
7	pbkdf2_sha256$870000$2hIscex1sYiQd86rzIuNEb$C1t3fgjQJ00VLQA6H7Hg25GGjkyLc9CBfkzNTSbqYTU=	\N	f	_tony gray				f	t	2025-05-24 15:10:54.658805+00
8	pbkdf2_sha256$870000$2hIscex1sYiQd86rzIuNEb$C1t3fgjQJ00VLQA6H7Hg25GGjkyLc9CBfkzNTSbqYTU=	\N	f	_sydnor				f	t	2025-05-24 15:10:54.678632+00
9	pbkdf2_sha256$870000$2hIscex1sYiQd86rzIuNEb$C1t3fgjQJ00VLQA6H7Hg25GGjkyLc9CBfkzNTSbqYTU=	\N	f	_randy				f	t	2025-05-24 15:10:54.699571+00
\.


--
-- Data for Name: auth_user_groups; Type: TABLE DATA; Schema: public; Owner: postgres
--

COPY public.auth_user_groups (id, user_id, group_id) FROM stdin;
\.


--
-- Data for Name: auth_user_user_permissions; Type: TABLE DATA; Schema: public; Owner: postgres
--

COPY public.auth_user_user_permissions (id, user_id, permission_id) FROM stdin;
\.


--
-- Data for Name: django_admin_log; Type: TABLE DATA; Schema: public; Owner: postgres
--

COPY public.django_admin_log (id, action_time, object_id, object_repr, action_flag, change_message, content_type_id, user_id) FROM stdin;
\.


--
-- Data for Name: django_content_type; Type: TABLE DATA; Schema: public; Owner: postgres
--

COPY public.django_content_type (id, app_label, model) FROM stdin;
1	django_eventstream	event
2	django_eventstream	eventcounter
3	admin	logentry
4	auth	permission
5	auth	group
6	auth	user
7	contenttypes	contenttype
8	sessions	session
9	app	player
10	app	message
11	app	lobby
12	app	board
13	app	call
14	app	play
15	app	usermitplaya
16	app	hand
17	app	tournament
18	app	tournamentsignup
\.


--
-- Data for Name: django_eventstream_event; Type: TABLE DATA; Schema: public; Owner: postgres
--

COPY public.django_eventstream_event (id, channel, type, data, eid, created) FROM stdin;
1	lobby			0	2025-05-24 15:10:54.716273+00
2	lobby	message	"\\"\\\\n      <div class=\\\\\\"chat-message-row\\\\\\">\\\\n        <div style=\\\\\\"display: inline; font-family: monospace;\\\\\\" class=\\\\\\"chat-message-timestamp\\\\\\">2025-05-24T15:10:54.709946+00:00</div>\\\\n        <div style=\\\\\\"display: inline;\\\\\\" class=\\\\\\"chat-message-sender-name\\\\\\">_rhonda</div>\\\\n        <div style=\\\\\\"display: inline;\\\\\\" class=\\\\\\"chat-message-text\\\\\\">Partnered with _bodie</div>\\\\n      </div>\\\\n        \\""	1	2025-05-24 15:10:54.71781+00
3	partnerships			0	2025-05-24 15:10:54.742228+00
4	partnerships	message	"{\\"split\\": [], \\"joined\\": [4, 3]}"	1	2025-05-24 15:10:54.743059+00
5	lobby	message	"\\"\\\\n      <div class=\\\\\\"chat-message-row\\\\\\">\\\\n        <div style=\\\\\\"display: inline; font-family: monospace;\\\\\\" class=\\\\\\"chat-message-timestamp\\\\\\">2025-05-24T15:10:54.750787+00:00</div>\\\\n        <div style=\\\\\\"display: inline;\\\\\\" class=\\\\\\"chat-message-sender-name\\\\\\">_kima</div>\\\\n        <div style=\\\\\\"display: inline;\\\\\\" class=\\\\\\"chat-message-text\\\\\\">Partnered with _tony gray</div>\\\\n      </div>\\\\n        \\""	2	2025-05-24 15:10:54.753313+00
6	partnerships	message	"{\\"split\\": [], \\"joined\\": [6, 5]}"	2	2025-05-24 15:10:54.757543+00
7	lobby	message	"\\"\\\\n      <div class=\\\\\\"chat-message-row\\\\\\">\\\\n        <div style=\\\\\\"display: inline; font-family: monospace;\\\\\\" class=\\\\\\"chat-message-timestamp\\\\\\">2025-05-24T15:10:54.763136+00:00</div>\\\\n        <div style=\\\\\\"display: inline;\\\\\\" class=\\\\\\"chat-message-sender-name\\\\\\">_sydnor</div>\\\\n        <div style=\\\\\\"display: inline;\\\\\\" class=\\\\\\"chat-message-text\\\\\\">Partnered with _randy</div>\\\\n      </div>\\\\n        \\""	3	2025-05-24 15:10:54.765682+00
8	partnerships	message	"{\\"split\\": [], \\"joined\\": [8, 7]}"	3	2025-05-24 15:10:54.770054+00
9	players:1_2			0	2025-05-24 15:10:54.871087+00
10	players:1_2	message	"\\"New hand for round 1\\""	1	2025-05-24 15:10:54.871984+00
11	players:5_6			0	2025-05-24 15:10:54.882213+00
12	players:5_6	message	"\\"New hand for round 1\\""	1	2025-05-24 15:10:54.882701+00
13	players:3_4			0	2025-05-24 15:10:54.925573+00
14	players:3_4	message	"\\"New hand for round 1\\""	1	2025-05-24 15:10:54.926136+00
15	players:7_8			0	2025-05-24 15:10:54.939353+00
16	players:7_8	message	"\\"New hand for round 1\\""	1	2025-05-24 15:10:54.940081+00
17	player:html:hand:1			0	2025-05-24 15:11:06.506446+00
18	player:html:hand:1	message	"{\\"bidding_box_html\\": \\"\\\\n\\\\n<div id=\\\\\\"fiddle-my-background-daddy-o\\\\\\">\\\\n    <div class=\\\\\\"toast-container\\\\\\">\\\\n        <div id=\\\\\\"errorToast\\\\\\"\\\\n             class=\\\\\\"toast\\\\\\"\\\\n             role=\\\\\\"alert\\\\\\"\\\\n             aria-live=\\\\\\"assertive\\\\\\"\\\\n             aria-atomic=\\\\\\"true\\\\\\">\\\\n            <div class=\\\\\\"toast-header\\\\\\">\\\\n                <svg class=\\\\\\"bd-placeholder-img rounded me-2\\\\\\"\\\\n                     width=\\\\\\"20\\\\\\"\\\\n                     height=\\\\\\"20\\\\\\"\\\\n                     xmlns=\\\\\\"http://www.w3.org/2000/svg\\\\\\"\\\\n                     aria-hidden=\\\\\\"true\\\\\\"\\\\n                     preserveAspectRatio=\\\\\\"xMidYMid slice\\\\\\"\\\\n                     focusable=\\\\\\"false\\\\\\">\\\\n                    <rect width=\\\\\\"100%\\\\\\" height=\\\\\\"100%\\\\\\" fill=\\\\\\"#007aff\\\\\\"></rect>\\\\n                </svg>\\\\n                <strong class=\\\\\\"me-auto\\\\\\">Uh oh</strong>\\\\n                <small>You're in trouble now</small>\\\\n                <button type=\\\\\\"button\\\\\\"\\\\n                        class=\\\\\\"btn-close\\\\\\"\\\\n                        data-bs-dismiss=\\\\\\"toast\\\\\\"\\\\n                        aria-label=\\\\\\"Close\\\\\\"></button>\\\\n            </div>\\\\n            <div class=\\\\\\"toast-body\\\\\\" id=\\\\\\"errorText\\\\\\">OK, so, like, that didn't work.</div>\\\\n        </div>\\\\n    </div>\\\\n    <div style=\\\\\\"font-family: monospace;\\\\n        display: grid;\\\\n        grid-template-rows:\\\\n        [multiplier-start] 1fr\\\\n        [one] 1fr\\\\n        [two] 1fr\\\\n        [three] 1fr\\\\n        [four] 1fr\\\\n        [five] 1fr\\\\n        [six] 1fr\\\\n        [seven] 1fr;\\\\n        id=\\\\\\"bidding-box\\\\\\">\\\\n        <div class=\\\\\\"btn-group\\\\\\"><button type=\\\\\\"button\\\\\\" hx-include=\\\\\\"this\\\\\\" hx-post=\\\\\\"/call/1/\\\\\\" hx-swap=\\\\\\"none\\\\\\" name=\\\\\\"call\\\\\\" value=\\\\\\"Pass\\\\\\" class=\\\\\\"btn btn-danger\\\\\\" disabled>Pass</button>\\\\n<button type=\\\\\\"button\\\\\\" hx-include=\\\\\\"this\\\\\\" hx-post=\\\\\\"/call/1/\\\\\\" hx-swap=\\\\\\"none\\\\\\" name=\\\\\\"call\\\\\\" value=\\\\\\"Double\\\\\\" class=\\\\\\"btn btn-danger\\\\\\" disabled><s>Double</s></button>\\\\n<button type=\\\\\\"button\\\\\\" hx-include=\\\\\\"this\\\\\\" hx-post=\\\\\\"/call/1/\\\\\\" hx-swap=\\\\\\"none\\\\\\" name=\\\\\\"call\\\\\\" value=\\\\\\"Redouble\\\\\\" class=\\\\\\"btn btn-danger\\\\\\" disabled><s>Redouble</s></button>\\\\n</div><div class=\\\\\\"btn-group\\\\\\"><button type=\\\\\\"button\\\\\\" hx-include=\\\\\\"this\\\\\\" hx-post=\\\\\\"/call/1/\\\\\\" hx-swap=\\\\\\"none\\\\\\" name=\\\\\\"call\\\\\\" value=\\\\\\"1\\\\u2663\\\\\\" class=\\\\\\"btn btn-danger\\\\\\" disabled>1\\\\u2663</button>\\\\n<button type=\\\\\\"button\\\\\\" hx-include=\\\\\\"this\\\\\\" hx-post=\\\\\\"/call/1/\\\\\\" hx-swap=\\\\\\"none\\\\\\" name=\\\\\\"call\\\\\\" value=\\\\\\"1\\\\u2666\\\\\\" class=\\\\\\"btn btn-danger\\\\\\" disabled>1\\\\u2666</button>\\\\n<button type=\\\\\\"button\\\\\\" hx-include=\\\\\\"this\\\\\\" hx-post=\\\\\\"/call/1/\\\\\\" hx-swap=\\\\\\"none\\\\\\" name=\\\\\\"call\\\\\\" value=\\\\\\"1\\\\u2665\\\\\\" class=\\\\\\"btn btn-danger\\\\\\" disabled>1\\\\u2665</button>\\\\n<button type=\\\\\\"button\\\\\\" hx-include=\\\\\\"this\\\\\\" hx-post=\\\\\\"/call/1/\\\\\\" hx-swap=\\\\\\"none\\\\\\" name=\\\\\\"call\\\\\\" value=\\\\\\"1\\\\u2660\\\\\\" class=\\\\\\"btn btn-danger\\\\\\" disabled>1\\\\u2660</button>\\\\n<button type=\\\\\\"button\\\\\\" hx-include=\\\\\\"this\\\\\\" hx-post=\\\\\\"/call/1/\\\\\\" hx-swap=\\\\\\"none\\\\\\" name=\\\\\\"call\\\\\\" value=\\\\\\"1N\\\\\\" class=\\\\\\"btn btn-danger\\\\\\" disabled>1N</button>\\\\n</div>\\\\n<div class=\\\\\\"btn-group\\\\\\"><button type=\\\\\\"button\\\\\\" hx-include=\\\\\\"this\\\\\\" hx-post=\\\\\\"/call/1/\\\\\\" hx-swap=\\\\\\"none\\\\\\" name=\\\\\\"call\\\\\\" value=\\\\\\"2\\\\u2663\\\\\\" class=\\\\\\"btn btn-danger\\\\\\" disabled>2\\\\u2663</button>\\\\n<button type=\\\\\\"button\\\\\\" hx-include=\\\\\\"this\\\\\\" hx-post=\\\\\\"/call/1/\\\\\\" hx-swap=\\\\\\"none\\\\\\" name=\\\\\\"call\\\\\\" value=\\\\\\"2\\\\u2666\\\\\\" class=\\\\\\"btn btn-danger\\\\\\" disabled>2\\\\u2666</button>\\\\n<button type=\\\\\\"button\\\\\\" hx-include=\\\\\\"this\\\\\\" hx-post=\\\\\\"/call/1/\\\\\\" hx-swap=\\\\\\"none\\\\\\" name=\\\\\\"call\\\\\\" value=\\\\\\"2\\\\u2665\\\\\\" class=\\\\\\"btn btn-danger\\\\\\" disabled>2\\\\u2665</button>\\\\n<button type=\\\\\\"button\\\\\\" hx-include=\\\\\\"this\\\\\\" hx-post=\\\\\\"/call/1/\\\\\\" hx-swap=\\\\\\"none\\\\\\" name=\\\\\\"call\\\\\\" value=\\\\\\"2\\\\u2660\\\\\\" class=\\\\\\"btn btn-danger\\\\\\" disabled>2\\\\u2660</button>\\\\n<button type=\\\\\\"button\\\\\\" hx-include=\\\\\\"this\\\\\\" hx-post=\\\\\\"/call/1/\\\\\\" hx-swap=\\\\\\"none\\\\\\" name=\\\\\\"call\\\\\\" value=\\\\\\"2N\\\\\\" class=\\\\\\"btn btn-danger\\\\\\" disabled>2N</button>\\\\n</div>\\\\n<div class=\\\\\\"btn-group\\\\\\"><button type=\\\\\\"button\\\\\\" hx-include=\\\\\\"this\\\\\\" hx-post=\\\\\\"/call/1/\\\\\\" hx-swap=\\\\\\"none\\\\\\" name=\\\\\\"call\\\\\\" value=\\\\\\"3\\\\u2663\\\\\\" class=\\\\\\"btn btn-danger\\\\\\" disabled>3\\\\u2663</button>\\\\n<button type=\\\\\\"button\\\\\\" hx-include=\\\\\\"this\\\\\\" hx-post=\\\\\\"/call/1/\\\\\\" hx-swap=\\\\\\"none\\\\\\" name=\\\\\\"call\\\\\\" value=\\\\\\"3\\\\u2666\\\\\\" class=\\\\\\"btn btn-danger\\\\\\" disabled>3\\\\u2666</button>\\\\n<button type=\\\\\\"button\\\\\\" hx-include=\\\\\\"this\\\\\\" hx-post=\\\\\\"/call/1/\\\\\\" hx-swap=\\\\\\"none\\\\\\" name=\\\\\\"call\\\\\\" value=\\\\\\"3\\\\u2665\\\\\\" class=\\\\\\"btn btn-danger\\\\\\" disabled>3\\\\u2665</button>\\\\n<button type=\\\\\\"button\\\\\\" hx-include=\\\\\\"this\\\\\\" hx-post=\\\\\\"/call/1/\\\\\\" hx-swap=\\\\\\"none\\\\\\" name=\\\\\\"call\\\\\\" value=\\\\\\"3\\\\u2660\\\\\\" class=\\\\\\"btn btn-danger\\\\\\" disabled>3\\\\u2660</button>\\\\n<button type=\\\\\\"button\\\\\\" hx-include=\\\\\\"this\\\\\\" hx-post=\\\\\\"/call/1/\\\\\\" hx-swap=\\\\\\"none\\\\\\" name=\\\\\\"call\\\\\\" value=\\\\\\"3N\\\\\\" class=\\\\\\"btn btn-danger\\\\\\" disabled>3N</button>\\\\n</div>\\\\n<div class=\\\\\\"btn-group\\\\\\"><button type=\\\\\\"button\\\\\\" hx-include=\\\\\\"this\\\\\\" hx-post=\\\\\\"/call/1/\\\\\\" hx-swap=\\\\\\"none\\\\\\" name=\\\\\\"call\\\\\\" value=\\\\\\"4\\\\u2663\\\\\\" class=\\\\\\"btn btn-danger\\\\\\" disabled>4\\\\u2663</button>\\\\n<button type=\\\\\\"button\\\\\\" hx-include=\\\\\\"this\\\\\\" hx-post=\\\\\\"/call/1/\\\\\\" hx-swap=\\\\\\"none\\\\\\" name=\\\\\\"call\\\\\\" value=\\\\\\"4\\\\u2666\\\\\\" class=\\\\\\"btn btn-danger\\\\\\" disabled>4\\\\u2666</button>\\\\n<button type=\\\\\\"button\\\\\\" hx-include=\\\\\\"this\\\\\\" hx-post=\\\\\\"/call/1/\\\\\\" hx-swap=\\\\\\"none\\\\\\" name=\\\\\\"call\\\\\\" value=\\\\\\"4\\\\u2665\\\\\\" class=\\\\\\"btn btn-danger\\\\\\" disabled>4\\\\u2665</button>\\\\n<button type=\\\\\\"button\\\\\\" hx-include=\\\\\\"this\\\\\\" hx-post=\\\\\\"/call/1/\\\\\\" hx-swap=\\\\\\"none\\\\\\" name=\\\\\\"call\\\\\\" value=\\\\\\"4\\\\u2660\\\\\\" class=\\\\\\"btn btn-danger\\\\\\" disabled>4\\\\u2660</button>\\\\n<button type=\\\\\\"button\\\\\\" hx-include=\\\\\\"this\\\\\\" hx-post=\\\\\\"/call/1/\\\\\\" hx-swap=\\\\\\"none\\\\\\" name=\\\\\\"call\\\\\\" value=\\\\\\"4N\\\\\\" class=\\\\\\"btn btn-danger\\\\\\" disabled>4N</button>\\\\n</div>\\\\n<div class=\\\\\\"btn-group\\\\\\"><button type=\\\\\\"button\\\\\\" hx-include=\\\\\\"this\\\\\\" hx-post=\\\\\\"/call/1/\\\\\\" hx-swap=\\\\\\"none\\\\\\" name=\\\\\\"call\\\\\\" value=\\\\\\"5\\\\u2663\\\\\\" class=\\\\\\"btn btn-danger\\\\\\" disabled>5\\\\u2663</button>\\\\n<button type=\\\\\\"button\\\\\\" hx-include=\\\\\\"this\\\\\\" hx-post=\\\\\\"/call/1/\\\\\\" hx-swap=\\\\\\"none\\\\\\" name=\\\\\\"call\\\\\\" value=\\\\\\"5\\\\u2666\\\\\\" class=\\\\\\"btn btn-danger\\\\\\" disabled>5\\\\u2666</button>\\\\n<button type=\\\\\\"button\\\\\\" hx-include=\\\\\\"this\\\\\\" hx-post=\\\\\\"/call/1/\\\\\\" hx-swap=\\\\\\"none\\\\\\" name=\\\\\\"call\\\\\\" value=\\\\\\"5\\\\u2665\\\\\\" class=\\\\\\"btn btn-danger\\\\\\" disabled>5\\\\u2665</button>\\\\n<button type=\\\\\\"button\\\\\\" hx-include=\\\\\\"this\\\\\\" hx-post=\\\\\\"/call/1/\\\\\\" hx-swap=\\\\\\"none\\\\\\" name=\\\\\\"call\\\\\\" value=\\\\\\"5\\\\u2660\\\\\\" class=\\\\\\"btn btn-danger\\\\\\" disabled>5\\\\u2660</button>\\\\n<button type=\\\\\\"button\\\\\\" hx-include=\\\\\\"this\\\\\\" hx-post=\\\\\\"/call/1/\\\\\\" hx-swap=\\\\\\"none\\\\\\" name=\\\\\\"call\\\\\\" value=\\\\\\"5N\\\\\\" class=\\\\\\"btn btn-danger\\\\\\" disabled>5N</button>\\\\n</div>\\\\n<div class=\\\\\\"btn-group\\\\\\"><button type=\\\\\\"button\\\\\\" hx-include=\\\\\\"this\\\\\\" hx-post=\\\\\\"/call/1/\\\\\\" hx-swap=\\\\\\"none\\\\\\" name=\\\\\\"call\\\\\\" value=\\\\\\"6\\\\u2663\\\\\\" class=\\\\\\"btn btn-danger\\\\\\" disabled>6\\\\u2663</button>\\\\n<button type=\\\\\\"button\\\\\\" hx-include=\\\\\\"this\\\\\\" hx-post=\\\\\\"/call/1/\\\\\\" hx-swap=\\\\\\"none\\\\\\" name=\\\\\\"call\\\\\\" value=\\\\\\"6\\\\u2666\\\\\\" class=\\\\\\"btn btn-danger\\\\\\" disabled>6\\\\u2666</button>\\\\n<button type=\\\\\\"button\\\\\\" hx-include=\\\\\\"this\\\\\\" hx-post=\\\\\\"/call/1/\\\\\\" hx-swap=\\\\\\"none\\\\\\" name=\\\\\\"call\\\\\\" value=\\\\\\"6\\\\u2665\\\\\\" class=\\\\\\"btn btn-danger\\\\\\" disabled>6\\\\u2665</button>\\\\n<button type=\\\\\\"button\\\\\\" hx-include=\\\\\\"this\\\\\\" hx-post=\\\\\\"/call/1/\\\\\\" hx-swap=\\\\\\"none\\\\\\" name=\\\\\\"call\\\\\\" value=\\\\\\"6\\\\u2660\\\\\\" class=\\\\\\"btn btn-danger\\\\\\" disabled>6\\\\u2660</button>\\\\n<button type=\\\\\\"button\\\\\\" hx-include=\\\\\\"this\\\\\\" hx-post=\\\\\\"/call/1/\\\\\\" hx-swap=\\\\\\"none\\\\\\" name=\\\\\\"call\\\\\\" value=\\\\\\"6N\\\\\\" class=\\\\\\"btn btn-danger\\\\\\" disabled>6N</button>\\\\n</div>\\\\n<div class=\\\\\\"btn-group\\\\\\"><button type=\\\\\\"button\\\\\\" hx-include=\\\\\\"this\\\\\\" hx-post=\\\\\\"/call/1/\\\\\\" hx-swap=\\\\\\"none\\\\\\" name=\\\\\\"call\\\\\\" value=\\\\\\"7\\\\u2663\\\\\\" class=\\\\\\"btn btn-danger\\\\\\" disabled>7\\\\u2663</button>\\\\n<button type=\\\\\\"button\\\\\\" hx-include=\\\\\\"this\\\\\\" hx-post=\\\\\\"/call/1/\\\\\\" hx-swap=\\\\\\"none\\\\\\" name=\\\\\\"call\\\\\\" value=\\\\\\"7\\\\u2666\\\\\\" class=\\\\\\"btn btn-danger\\\\\\" disabled>7\\\\u2666</button>\\\\n<button type=\\\\\\"button\\\\\\" hx-include=\\\\\\"this\\\\\\" hx-post=\\\\\\"/call/1/\\\\\\" hx-swap=\\\\\\"none\\\\\\" name=\\\\\\"call\\\\\\" value=\\\\\\"7\\\\u2665\\\\\\" class=\\\\\\"btn btn-danger\\\\\\" disabled>7\\\\u2665</button>\\\\n<button type=\\\\\\"button\\\\\\" hx-include=\\\\\\"this\\\\\\" hx-post=\\\\\\"/call/1/\\\\\\" hx-swap=\\\\\\"none\\\\\\" name=\\\\\\"call\\\\\\" value=\\\\\\"7\\\\u2660\\\\\\" class=\\\\\\"btn btn-danger\\\\\\" disabled>7\\\\u2660</button>\\\\n<button type=\\\\\\"button\\\\\\" hx-include=\\\\\\"this\\\\\\" hx-post=\\\\\\"/call/1/\\\\\\" hx-swap=\\\\\\"none\\\\\\" name=\\\\\\"call\\\\\\" value=\\\\\\"7N\\\\\\" class=\\\\\\"btn btn-danger\\\\\\" disabled>7N</button>\\\\n</div>\\\\n    </div>\\\\n</div>\\\\n<style>\\\\n #fiddle-my-background-daddy-o {\\\\n     \\\\n     background-color: white;\\\\n     \\\\n     padding: 20px;\\\\n }\\\\n</style>\\\\n\\", \\"hand_pk\\": 1, \\"time\\": 1748099466.4813929}"	1	2025-05-24 15:11:06.508247+00
19	player:json:1			0	2025-05-24 15:11:06.528533+00
20	player:json:1	message	"{\\"hand_pk\\": 1, \\"new-call\\": {\\"serialized\\": \\"Pass\\"}, \\"time\\": 1748099466.4813929}"	1	2025-05-24 15:11:06.529888+00
21	player:html:hand:5			0	2025-05-24 15:11:06.561138+00
22	player:html:hand:5	message	"{\\"bidding_box_html\\": \\"\\\\n\\\\n<div id=\\\\\\"fiddle-my-background-daddy-o\\\\\\">\\\\n    <div class=\\\\\\"toast-container\\\\\\">\\\\n        <div id=\\\\\\"errorToast\\\\\\"\\\\n             class=\\\\\\"toast\\\\\\"\\\\n             role=\\\\\\"alert\\\\\\"\\\\n             aria-live=\\\\\\"assertive\\\\\\"\\\\n             aria-atomic=\\\\\\"true\\\\\\">\\\\n            <div class=\\\\\\"toast-header\\\\\\">\\\\n                <svg class=\\\\\\"bd-placeholder-img rounded me-2\\\\\\"\\\\n                     width=\\\\\\"20\\\\\\"\\\\n                     height=\\\\\\"20\\\\\\"\\\\n                     xmlns=\\\\\\"http://www.w3.org/2000/svg\\\\\\"\\\\n                     aria-hidden=\\\\\\"true\\\\\\"\\\\n                     preserveAspectRatio=\\\\\\"xMidYMid slice\\\\\\"\\\\n                     focusable=\\\\\\"false\\\\\\">\\\\n                    <rect width=\\\\\\"100%\\\\\\" height=\\\\\\"100%\\\\\\" fill=\\\\\\"#007aff\\\\\\"></rect>\\\\n                </svg>\\\\n                <strong class=\\\\\\"me-auto\\\\\\">Uh oh</strong>\\\\n                <small>You're in trouble now</small>\\\\n                <button type=\\\\\\"button\\\\\\"\\\\n                        class=\\\\\\"btn-close\\\\\\"\\\\n                        data-bs-dismiss=\\\\\\"toast\\\\\\"\\\\n                        aria-label=\\\\\\"Close\\\\\\"></button>\\\\n            </div>\\\\n            <div class=\\\\\\"toast-body\\\\\\" id=\\\\\\"errorText\\\\\\">OK, so, like, that didn't work.</div>\\\\n        </div>\\\\n    </div>\\\\n    <div style=\\\\\\"font-family: monospace;\\\\n        display: grid;\\\\n        grid-template-rows:\\\\n        [multiplier-start] 1fr\\\\n        [one] 1fr\\\\n        [two] 1fr\\\\n        [three] 1fr\\\\n        [four] 1fr\\\\n        [five] 1fr\\\\n        [six] 1fr\\\\n        [seven] 1fr;\\\\n        id=\\\\\\"bidding-box\\\\\\">\\\\n        <div class=\\\\\\"btn-group\\\\\\"><button type=\\\\\\"button\\\\\\" hx-include=\\\\\\"this\\\\\\" hx-post=\\\\\\"/call/1/\\\\\\" hx-swap=\\\\\\"none\\\\\\" name=\\\\\\"call\\\\\\" value=\\\\\\"Pass\\\\\\" class=\\\\\\"btn btn-primary\\\\\\" >Pass</button>\\\\n<button type=\\\\\\"button\\\\\\" hx-include=\\\\\\"this\\\\\\" hx-post=\\\\\\"/call/1/\\\\\\" hx-swap=\\\\\\"none\\\\\\" name=\\\\\\"call\\\\\\" value=\\\\\\"Double\\\\\\" class=\\\\\\"btn btn-primary\\\\\\" disabled>Double</button>\\\\n<button type=\\\\\\"button\\\\\\" hx-include=\\\\\\"this\\\\\\" hx-post=\\\\\\"/call/1/\\\\\\" hx-swap=\\\\\\"none\\\\\\" name=\\\\\\"call\\\\\\" value=\\\\\\"Redouble\\\\\\" class=\\\\\\"btn btn-primary\\\\\\" disabled>Redouble</button>\\\\n</div><div class=\\\\\\"btn-group\\\\\\"><button type=\\\\\\"button\\\\\\" hx-include=\\\\\\"this\\\\\\" hx-post=\\\\\\"/call/1/\\\\\\" hx-swap=\\\\\\"none\\\\\\" name=\\\\\\"call\\\\\\" value=\\\\\\"1\\\\u2663\\\\\\" class=\\\\\\"btn btn-primary\\\\\\" >1\\\\u2663</button>\\\\n<button type=\\\\\\"button\\\\\\" hx-include=\\\\\\"this\\\\\\" hx-post=\\\\\\"/call/1/\\\\\\" hx-swap=\\\\\\"none\\\\\\" name=\\\\\\"call\\\\\\" value=\\\\\\"1\\\\u2666\\\\\\" class=\\\\\\"btn btn-primary\\\\\\" >1\\\\u2666</button>\\\\n<button type=\\\\\\"button\\\\\\" hx-include=\\\\\\"this\\\\\\" hx-post=\\\\\\"/call/1/\\\\\\" hx-swap=\\\\\\"none\\\\\\" name=\\\\\\"call\\\\\\" value=\\\\\\"1\\\\u2665\\\\\\" class=\\\\\\"btn btn-primary\\\\\\" >1\\\\u2665</button>\\\\n<button type=\\\\\\"button\\\\\\" hx-include=\\\\\\"this\\\\\\" hx-post=\\\\\\"/call/1/\\\\\\" hx-swap=\\\\\\"none\\\\\\" name=\\\\\\"call\\\\\\" value=\\\\\\"1\\\\u2660\\\\\\" class=\\\\\\"btn btn-primary\\\\\\" >1\\\\u2660</button>\\\\n<button type=\\\\\\"button\\\\\\" hx-include=\\\\\\"this\\\\\\" hx-post=\\\\\\"/call/1/\\\\\\" hx-swap=\\\\\\"none\\\\\\" name=\\\\\\"call\\\\\\" value=\\\\\\"1N\\\\\\" class=\\\\\\"btn btn-primary\\\\\\" >1N</button>\\\\n</div>\\\\n<div class=\\\\\\"btn-group\\\\\\"><button type=\\\\\\"button\\\\\\" hx-include=\\\\\\"this\\\\\\" hx-post=\\\\\\"/call/1/\\\\\\" hx-swap=\\\\\\"none\\\\\\" name=\\\\\\"call\\\\\\" value=\\\\\\"2\\\\u2663\\\\\\" class=\\\\\\"btn btn-primary\\\\\\" >2\\\\u2663</button>\\\\n<button type=\\\\\\"button\\\\\\" hx-include=\\\\\\"this\\\\\\" hx-post=\\\\\\"/call/1/\\\\\\" hx-swap=\\\\\\"none\\\\\\" name=\\\\\\"call\\\\\\" value=\\\\\\"2\\\\u2666\\\\\\" class=\\\\\\"btn btn-primary\\\\\\" >2\\\\u2666</button>\\\\n<button type=\\\\\\"button\\\\\\" hx-include=\\\\\\"this\\\\\\" hx-post=\\\\\\"/call/1/\\\\\\" hx-swap=\\\\\\"none\\\\\\" name=\\\\\\"call\\\\\\" value=\\\\\\"2\\\\u2665\\\\\\" class=\\\\\\"btn btn-primary\\\\\\" >2\\\\u2665</button>\\\\n<button type=\\\\\\"button\\\\\\" hx-include=\\\\\\"this\\\\\\" hx-post=\\\\\\"/call/1/\\\\\\" hx-swap=\\\\\\"none\\\\\\" name=\\\\\\"call\\\\\\" value=\\\\\\"2\\\\u2660\\\\\\" class=\\\\\\"btn btn-primary\\\\\\" >2\\\\u2660</button>\\\\n<button type=\\\\\\"button\\\\\\" hx-include=\\\\\\"this\\\\\\" hx-post=\\\\\\"/call/1/\\\\\\" hx-swap=\\\\\\"none\\\\\\" name=\\\\\\"call\\\\\\" value=\\\\\\"2N\\\\\\" class=\\\\\\"btn btn-primary\\\\\\" >2N</button>\\\\n</div>\\\\n<div class=\\\\\\"btn-group\\\\\\"><button type=\\\\\\"button\\\\\\" hx-include=\\\\\\"this\\\\\\" hx-post=\\\\\\"/call/1/\\\\\\" hx-swap=\\\\\\"none\\\\\\" name=\\\\\\"call\\\\\\" value=\\\\\\"3\\\\u2663\\\\\\" class=\\\\\\"btn btn-primary\\\\\\" >3\\\\u2663</button>\\\\n<button type=\\\\\\"button\\\\\\" hx-include=\\\\\\"this\\\\\\" hx-post=\\\\\\"/call/1/\\\\\\" hx-swap=\\\\\\"none\\\\\\" name=\\\\\\"call\\\\\\" value=\\\\\\"3\\\\u2666\\\\\\" class=\\\\\\"btn btn-primary\\\\\\" >3\\\\u2666</button>\\\\n<button type=\\\\\\"button\\\\\\" hx-include=\\\\\\"this\\\\\\" hx-post=\\\\\\"/call/1/\\\\\\" hx-swap=\\\\\\"none\\\\\\" name=\\\\\\"call\\\\\\" value=\\\\\\"3\\\\u2665\\\\\\" class=\\\\\\"btn btn-primary\\\\\\" >3\\\\u2665</button>\\\\n<button type=\\\\\\"button\\\\\\" hx-include=\\\\\\"this\\\\\\" hx-post=\\\\\\"/call/1/\\\\\\" hx-swap=\\\\\\"none\\\\\\" name=\\\\\\"call\\\\\\" value=\\\\\\"3\\\\u2660\\\\\\" class=\\\\\\"btn btn-primary\\\\\\" >3\\\\u2660</button>\\\\n<button type=\\\\\\"button\\\\\\" hx-include=\\\\\\"this\\\\\\" hx-post=\\\\\\"/call/1/\\\\\\" hx-swap=\\\\\\"none\\\\\\" name=\\\\\\"call\\\\\\" value=\\\\\\"3N\\\\\\" class=\\\\\\"btn btn-primary\\\\\\" >3N</button>\\\\n</div>\\\\n<div class=\\\\\\"btn-group\\\\\\"><button type=\\\\\\"button\\\\\\" hx-include=\\\\\\"this\\\\\\" hx-post=\\\\\\"/call/1/\\\\\\" hx-swap=\\\\\\"none\\\\\\" name=\\\\\\"call\\\\\\" value=\\\\\\"4\\\\u2663\\\\\\" class=\\\\\\"btn btn-primary\\\\\\" >4\\\\u2663</button>\\\\n<button type=\\\\\\"button\\\\\\" hx-include=\\\\\\"this\\\\\\" hx-post=\\\\\\"/call/1/\\\\\\" hx-swap=\\\\\\"none\\\\\\" name=\\\\\\"call\\\\\\" value=\\\\\\"4\\\\u2666\\\\\\" class=\\\\\\"btn btn-primary\\\\\\" >4\\\\u2666</button>\\\\n<button type=\\\\\\"button\\\\\\" hx-include=\\\\\\"this\\\\\\" hx-post=\\\\\\"/call/1/\\\\\\" hx-swap=\\\\\\"none\\\\\\" name=\\\\\\"call\\\\\\" value=\\\\\\"4\\\\u2665\\\\\\" class=\\\\\\"btn btn-primary\\\\\\" >4\\\\u2665</button>\\\\n<button type=\\\\\\"button\\\\\\" hx-include=\\\\\\"this\\\\\\" hx-post=\\\\\\"/call/1/\\\\\\" hx-swap=\\\\\\"none\\\\\\" name=\\\\\\"call\\\\\\" value=\\\\\\"4\\\\u2660\\\\\\" class=\\\\\\"btn btn-primary\\\\\\" >4\\\\u2660</button>\\\\n<button type=\\\\\\"button\\\\\\" hx-include=\\\\\\"this\\\\\\" hx-post=\\\\\\"/call/1/\\\\\\" hx-swap=\\\\\\"none\\\\\\" name=\\\\\\"call\\\\\\" value=\\\\\\"4N\\\\\\" class=\\\\\\"btn btn-primary\\\\\\" >4N</button>\\\\n</div>\\\\n<div class=\\\\\\"btn-group\\\\\\"><button type=\\\\\\"button\\\\\\" hx-include=\\\\\\"this\\\\\\" hx-post=\\\\\\"/call/1/\\\\\\" hx-swap=\\\\\\"none\\\\\\" name=\\\\\\"call\\\\\\" value=\\\\\\"5\\\\u2663\\\\\\" class=\\\\\\"btn btn-primary\\\\\\" >5\\\\u2663</button>\\\\n<button type=\\\\\\"button\\\\\\" hx-include=\\\\\\"this\\\\\\" hx-post=\\\\\\"/call/1/\\\\\\" hx-swap=\\\\\\"none\\\\\\" name=\\\\\\"call\\\\\\" value=\\\\\\"5\\\\u2666\\\\\\" class=\\\\\\"btn btn-primary\\\\\\" >5\\\\u2666</button>\\\\n<button type=\\\\\\"button\\\\\\" hx-include=\\\\\\"this\\\\\\" hx-post=\\\\\\"/call/1/\\\\\\" hx-swap=\\\\\\"none\\\\\\" name=\\\\\\"call\\\\\\" value=\\\\\\"5\\\\u2665\\\\\\" class=\\\\\\"btn btn-primary\\\\\\" >5\\\\u2665</button>\\\\n<button type=\\\\\\"button\\\\\\" hx-include=\\\\\\"this\\\\\\" hx-post=\\\\\\"/call/1/\\\\\\" hx-swap=\\\\\\"none\\\\\\" name=\\\\\\"call\\\\\\" value=\\\\\\"5\\\\u2660\\\\\\" class=\\\\\\"btn btn-primary\\\\\\" >5\\\\u2660</button>\\\\n<button type=\\\\\\"button\\\\\\" hx-include=\\\\\\"this\\\\\\" hx-post=\\\\\\"/call/1/\\\\\\" hx-swap=\\\\\\"none\\\\\\" name=\\\\\\"call\\\\\\" value=\\\\\\"5N\\\\\\" class=\\\\\\"btn btn-primary\\\\\\" >5N</button>\\\\n</div>\\\\n<div class=\\\\\\"btn-group\\\\\\"><button type=\\\\\\"button\\\\\\" hx-include=\\\\\\"this\\\\\\" hx-post=\\\\\\"/call/1/\\\\\\" hx-swap=\\\\\\"none\\\\\\" name=\\\\\\"call\\\\\\" value=\\\\\\"6\\\\u2663\\\\\\" class=\\\\\\"btn btn-primary\\\\\\" >6\\\\u2663</button>\\\\n<button type=\\\\\\"button\\\\\\" hx-include=\\\\\\"this\\\\\\" hx-post=\\\\\\"/call/1/\\\\\\" hx-swap=\\\\\\"none\\\\\\" name=\\\\\\"call\\\\\\" value=\\\\\\"6\\\\u2666\\\\\\" class=\\\\\\"btn btn-primary\\\\\\" >6\\\\u2666</button>\\\\n<button type=\\\\\\"button\\\\\\" hx-include=\\\\\\"this\\\\\\" hx-post=\\\\\\"/call/1/\\\\\\" hx-swap=\\\\\\"none\\\\\\" name=\\\\\\"call\\\\\\" value=\\\\\\"6\\\\u2665\\\\\\" class=\\\\\\"btn btn-primary\\\\\\" >6\\\\u2665</button>\\\\n<button type=\\\\\\"button\\\\\\" hx-include=\\\\\\"this\\\\\\" hx-post=\\\\\\"/call/1/\\\\\\" hx-swap=\\\\\\"none\\\\\\" name=\\\\\\"call\\\\\\" value=\\\\\\"6\\\\u2660\\\\\\" class=\\\\\\"btn btn-primary\\\\\\" >6\\\\u2660</button>\\\\n<button type=\\\\\\"button\\\\\\" hx-include=\\\\\\"this\\\\\\" hx-post=\\\\\\"/call/1/\\\\\\" hx-swap=\\\\\\"none\\\\\\" name=\\\\\\"call\\\\\\" value=\\\\\\"6N\\\\\\" class=\\\\\\"btn btn-primary\\\\\\" >6N</button>\\\\n</div>\\\\n<div class=\\\\\\"btn-group\\\\\\"><button type=\\\\\\"button\\\\\\" hx-include=\\\\\\"this\\\\\\" hx-post=\\\\\\"/call/1/\\\\\\" hx-swap=\\\\\\"none\\\\\\" name=\\\\\\"call\\\\\\" value=\\\\\\"7\\\\u2663\\\\\\" class=\\\\\\"btn btn-primary\\\\\\" >7\\\\u2663</button>\\\\n<button type=\\\\\\"button\\\\\\" hx-include=\\\\\\"this\\\\\\" hx-post=\\\\\\"/call/1/\\\\\\" hx-swap=\\\\\\"none\\\\\\" name=\\\\\\"call\\\\\\" value=\\\\\\"7\\\\u2666\\\\\\" class=\\\\\\"btn btn-primary\\\\\\" >7\\\\u2666</button>\\\\n<button type=\\\\\\"button\\\\\\" hx-include=\\\\\\"this\\\\\\" hx-post=\\\\\\"/call/1/\\\\\\" hx-swap=\\\\\\"none\\\\\\" name=\\\\\\"call\\\\\\" value=\\\\\\"7\\\\u2665\\\\\\" class=\\\\\\"btn btn-primary\\\\\\" >7\\\\u2665</button>\\\\n<button type=\\\\\\"button\\\\\\" hx-include=\\\\\\"this\\\\\\" hx-post=\\\\\\"/call/1/\\\\\\" hx-swap=\\\\\\"none\\\\\\" name=\\\\\\"call\\\\\\" value=\\\\\\"7\\\\u2660\\\\\\" class=\\\\\\"btn btn-primary\\\\\\" >7\\\\u2660</button>\\\\n<button type=\\\\\\"button\\\\\\" hx-include=\\\\\\"this\\\\\\" hx-post=\\\\\\"/call/1/\\\\\\" hx-swap=\\\\\\"none\\\\\\" name=\\\\\\"call\\\\\\" value=\\\\\\"7N\\\\\\" class=\\\\\\"btn btn-primary\\\\\\" >7N</button>\\\\n</div>\\\\n    </div>\\\\n</div>\\\\n<style>\\\\n #fiddle-my-background-daddy-o {\\\\n     \\\\n     background-color: lightgreen;\\\\n     \\\\n     padding: 20px;\\\\n }\\\\n</style>\\\\n\\", \\"hand_pk\\": 1, \\"time\\": 1748099466.4813929}"	1	2025-05-24 15:11:06.563662+00
23	player:json:5			0	2025-05-24 15:11:06.581961+00
24	player:json:5	message	"{\\"hand_pk\\": 1, \\"new-call\\": {\\"serialized\\": \\"Pass\\"}, \\"time\\": 1748099466.4813929}"	1	2025-05-24 15:11:06.58315+00
25	player:html:hand:2			0	2025-05-24 15:11:06.606132+00
26	player:html:hand:2	message	"{\\"bidding_box_html\\": \\"\\\\n\\\\n<div id=\\\\\\"fiddle-my-background-daddy-o\\\\\\">\\\\n    <div class=\\\\\\"toast-container\\\\\\">\\\\n        <div id=\\\\\\"errorToast\\\\\\"\\\\n             class=\\\\\\"toast\\\\\\"\\\\n             role=\\\\\\"alert\\\\\\"\\\\n             aria-live=\\\\\\"assertive\\\\\\"\\\\n             aria-atomic=\\\\\\"true\\\\\\">\\\\n            <div class=\\\\\\"toast-header\\\\\\">\\\\n                <svg class=\\\\\\"bd-placeholder-img rounded me-2\\\\\\"\\\\n                     width=\\\\\\"20\\\\\\"\\\\n                     height=\\\\\\"20\\\\\\"\\\\n                     xmlns=\\\\\\"http://www.w3.org/2000/svg\\\\\\"\\\\n                     aria-hidden=\\\\\\"true\\\\\\"\\\\n                     preserveAspectRatio=\\\\\\"xMidYMid slice\\\\\\"\\\\n                     focusable=\\\\\\"false\\\\\\">\\\\n                    <rect width=\\\\\\"100%\\\\\\" height=\\\\\\"100%\\\\\\" fill=\\\\\\"#007aff\\\\\\"></rect>\\\\n                </svg>\\\\n                <strong class=\\\\\\"me-auto\\\\\\">Uh oh</strong>\\\\n                <small>You're in trouble now</small>\\\\n                <button type=\\\\\\"button\\\\\\"\\\\n                        class=\\\\\\"btn-close\\\\\\"\\\\n                        data-bs-dismiss=\\\\\\"toast\\\\\\"\\\\n                        aria-label=\\\\\\"Close\\\\\\"></button>\\\\n            </div>\\\\n            <div class=\\\\\\"toast-body\\\\\\" id=\\\\\\"errorText\\\\\\">OK, so, like, that didn't work.</div>\\\\n        </div>\\\\n    </div>\\\\n    <div style=\\\\\\"font-family: monospace;\\\\n        display: grid;\\\\n        grid-template-rows:\\\\n        [multiplier-start] 1fr\\\\n        [one] 1fr\\\\n        [two] 1fr\\\\n        [three] 1fr\\\\n        [four] 1fr\\\\n        [five] 1fr\\\\n        [six] 1fr\\\\n        [seven] 1fr;\\\\n        id=\\\\\\"bidding-box\\\\\\">\\\\n        <div class=\\\\\\"btn-group\\\\\\"><button type=\\\\\\"button\\\\\\" hx-include=\\\\\\"this\\\\\\" hx-post=\\\\\\"/call/1/\\\\\\" hx-swap=\\\\\\"none\\\\\\" name=\\\\\\"call\\\\\\" value=\\\\\\"Pass\\\\\\" class=\\\\\\"btn btn-danger\\\\\\" disabled>Pass</button>\\\\n<button type=\\\\\\"button\\\\\\" hx-include=\\\\\\"this\\\\\\" hx-post=\\\\\\"/call/1/\\\\\\" hx-swap=\\\\\\"none\\\\\\" name=\\\\\\"call\\\\\\" value=\\\\\\"Double\\\\\\" class=\\\\\\"btn btn-danger\\\\\\" disabled><s>Double</s></button>\\\\n<button type=\\\\\\"button\\\\\\" hx-include=\\\\\\"this\\\\\\" hx-post=\\\\\\"/call/1/\\\\\\" hx-swap=\\\\\\"none\\\\\\" name=\\\\\\"call\\\\\\" value=\\\\\\"Redouble\\\\\\" class=\\\\\\"btn btn-danger\\\\\\" disabled><s>Redouble</s></button>\\\\n</div><div class=\\\\\\"btn-group\\\\\\"><button type=\\\\\\"button\\\\\\" hx-include=\\\\\\"this\\\\\\" hx-post=\\\\\\"/call/1/\\\\\\" hx-swap=\\\\\\"none\\\\\\" name=\\\\\\"call\\\\\\" value=\\\\\\"1\\\\u2663\\\\\\" class=\\\\\\"btn btn-danger\\\\\\" disabled>1\\\\u2663</button>\\\\n<button type=\\\\\\"button\\\\\\" hx-include=\\\\\\"this\\\\\\" hx-post=\\\\\\"/call/1/\\\\\\" hx-swap=\\\\\\"none\\\\\\" name=\\\\\\"call\\\\\\" value=\\\\\\"1\\\\u2666\\\\\\" class=\\\\\\"btn btn-danger\\\\\\" disabled>1\\\\u2666</button>\\\\n<button type=\\\\\\"button\\\\\\" hx-include=\\\\\\"this\\\\\\" hx-post=\\\\\\"/call/1/\\\\\\" hx-swap=\\\\\\"none\\\\\\" name=\\\\\\"call\\\\\\" value=\\\\\\"1\\\\u2665\\\\\\" class=\\\\\\"btn btn-danger\\\\\\" disabled>1\\\\u2665</button>\\\\n<button type=\\\\\\"button\\\\\\" hx-include=\\\\\\"this\\\\\\" hx-post=\\\\\\"/call/1/\\\\\\" hx-swap=\\\\\\"none\\\\\\" name=\\\\\\"call\\\\\\" value=\\\\\\"1\\\\u2660\\\\\\" class=\\\\\\"btn btn-danger\\\\\\" disabled>1\\\\u2660</button>\\\\n<button type=\\\\\\"button\\\\\\" hx-include=\\\\\\"this\\\\\\" hx-post=\\\\\\"/call/1/\\\\\\" hx-swap=\\\\\\"none\\\\\\" name=\\\\\\"call\\\\\\" value=\\\\\\"1N\\\\\\" class=\\\\\\"btn btn-danger\\\\\\" disabled>1N</button>\\\\n</div>\\\\n<div class=\\\\\\"btn-group\\\\\\"><button type=\\\\\\"button\\\\\\" hx-include=\\\\\\"this\\\\\\" hx-post=\\\\\\"/call/1/\\\\\\" hx-swap=\\\\\\"none\\\\\\" name=\\\\\\"call\\\\\\" value=\\\\\\"2\\\\u2663\\\\\\" class=\\\\\\"btn btn-danger\\\\\\" disabled>2\\\\u2663</button>\\\\n<button type=\\\\\\"button\\\\\\" hx-include=\\\\\\"this\\\\\\" hx-post=\\\\\\"/call/1/\\\\\\" hx-swap=\\\\\\"none\\\\\\" name=\\\\\\"call\\\\\\" value=\\\\\\"2\\\\u2666\\\\\\" class=\\\\\\"btn btn-danger\\\\\\" disabled>2\\\\u2666</button>\\\\n<button type=\\\\\\"button\\\\\\" hx-include=\\\\\\"this\\\\\\" hx-post=\\\\\\"/call/1/\\\\\\" hx-swap=\\\\\\"none\\\\\\" name=\\\\\\"call\\\\\\" value=\\\\\\"2\\\\u2665\\\\\\" class=\\\\\\"btn btn-danger\\\\\\" disabled>2\\\\u2665</button>\\\\n<button type=\\\\\\"button\\\\\\" hx-include=\\\\\\"this\\\\\\" hx-post=\\\\\\"/call/1/\\\\\\" hx-swap=\\\\\\"none\\\\\\" name=\\\\\\"call\\\\\\" value=\\\\\\"2\\\\u2660\\\\\\" class=\\\\\\"btn btn-danger\\\\\\" disabled>2\\\\u2660</button>\\\\n<button type=\\\\\\"button\\\\\\" hx-include=\\\\\\"this\\\\\\" hx-post=\\\\\\"/call/1/\\\\\\" hx-swap=\\\\\\"none\\\\\\" name=\\\\\\"call\\\\\\" value=\\\\\\"2N\\\\\\" class=\\\\\\"btn btn-danger\\\\\\" disabled>2N</button>\\\\n</div>\\\\n<div class=\\\\\\"btn-group\\\\\\"><button type=\\\\\\"button\\\\\\" hx-include=\\\\\\"this\\\\\\" hx-post=\\\\\\"/call/1/\\\\\\" hx-swap=\\\\\\"none\\\\\\" name=\\\\\\"call\\\\\\" value=\\\\\\"3\\\\u2663\\\\\\" class=\\\\\\"btn btn-danger\\\\\\" disabled>3\\\\u2663</button>\\\\n<button type=\\\\\\"button\\\\\\" hx-include=\\\\\\"this\\\\\\" hx-post=\\\\\\"/call/1/\\\\\\" hx-swap=\\\\\\"none\\\\\\" name=\\\\\\"call\\\\\\" value=\\\\\\"3\\\\u2666\\\\\\" class=\\\\\\"btn btn-danger\\\\\\" disabled>3\\\\u2666</button>\\\\n<button type=\\\\\\"button\\\\\\" hx-include=\\\\\\"this\\\\\\" hx-post=\\\\\\"/call/1/\\\\\\" hx-swap=\\\\\\"none\\\\\\" name=\\\\\\"call\\\\\\" value=\\\\\\"3\\\\u2665\\\\\\" class=\\\\\\"btn btn-danger\\\\\\" disabled>3\\\\u2665</button>\\\\n<button type=\\\\\\"button\\\\\\" hx-include=\\\\\\"this\\\\\\" hx-post=\\\\\\"/call/1/\\\\\\" hx-swap=\\\\\\"none\\\\\\" name=\\\\\\"call\\\\\\" value=\\\\\\"3\\\\u2660\\\\\\" class=\\\\\\"btn btn-danger\\\\\\" disabled>3\\\\u2660</button>\\\\n<button type=\\\\\\"button\\\\\\" hx-include=\\\\\\"this\\\\\\" hx-post=\\\\\\"/call/1/\\\\\\" hx-swap=\\\\\\"none\\\\\\" name=\\\\\\"call\\\\\\" value=\\\\\\"3N\\\\\\" class=\\\\\\"btn btn-danger\\\\\\" disabled>3N</button>\\\\n</div>\\\\n<div class=\\\\\\"btn-group\\\\\\"><button type=\\\\\\"button\\\\\\" hx-include=\\\\\\"this\\\\\\" hx-post=\\\\\\"/call/1/\\\\\\" hx-swap=\\\\\\"none\\\\\\" name=\\\\\\"call\\\\\\" value=\\\\\\"4\\\\u2663\\\\\\" class=\\\\\\"btn btn-danger\\\\\\" disabled>4\\\\u2663</button>\\\\n<button type=\\\\\\"button\\\\\\" hx-include=\\\\\\"this\\\\\\" hx-post=\\\\\\"/call/1/\\\\\\" hx-swap=\\\\\\"none\\\\\\" name=\\\\\\"call\\\\\\" value=\\\\\\"4\\\\u2666\\\\\\" class=\\\\\\"btn btn-danger\\\\\\" disabled>4\\\\u2666</button>\\\\n<button type=\\\\\\"button\\\\\\" hx-include=\\\\\\"this\\\\\\" hx-post=\\\\\\"/call/1/\\\\\\" hx-swap=\\\\\\"none\\\\\\" name=\\\\\\"call\\\\\\" value=\\\\\\"4\\\\u2665\\\\\\" class=\\\\\\"btn btn-danger\\\\\\" disabled>4\\\\u2665</button>\\\\n<button type=\\\\\\"button\\\\\\" hx-include=\\\\\\"this\\\\\\" hx-post=\\\\\\"/call/1/\\\\\\" hx-swap=\\\\\\"none\\\\\\" name=\\\\\\"call\\\\\\" value=\\\\\\"4\\\\u2660\\\\\\" class=\\\\\\"btn btn-danger\\\\\\" disabled>4\\\\u2660</button>\\\\n<button type=\\\\\\"button\\\\\\" hx-include=\\\\\\"this\\\\\\" hx-post=\\\\\\"/call/1/\\\\\\" hx-swap=\\\\\\"none\\\\\\" name=\\\\\\"call\\\\\\" value=\\\\\\"4N\\\\\\" class=\\\\\\"btn btn-danger\\\\\\" disabled>4N</button>\\\\n</div>\\\\n<div class=\\\\\\"btn-group\\\\\\"><button type=\\\\\\"button\\\\\\" hx-include=\\\\\\"this\\\\\\" hx-post=\\\\\\"/call/1/\\\\\\" hx-swap=\\\\\\"none\\\\\\" name=\\\\\\"call\\\\\\" value=\\\\\\"5\\\\u2663\\\\\\" class=\\\\\\"btn btn-danger\\\\\\" disabled>5\\\\u2663</button>\\\\n<button type=\\\\\\"button\\\\\\" hx-include=\\\\\\"this\\\\\\" hx-post=\\\\\\"/call/1/\\\\\\" hx-swap=\\\\\\"none\\\\\\" name=\\\\\\"call\\\\\\" value=\\\\\\"5\\\\u2666\\\\\\" class=\\\\\\"btn btn-danger\\\\\\" disabled>5\\\\u2666</button>\\\\n<button type=\\\\\\"button\\\\\\" hx-include=\\\\\\"this\\\\\\" hx-post=\\\\\\"/call/1/\\\\\\" hx-swap=\\\\\\"none\\\\\\" name=\\\\\\"call\\\\\\" value=\\\\\\"5\\\\u2665\\\\\\" class=\\\\\\"btn btn-danger\\\\\\" disabled>5\\\\u2665</button>\\\\n<button type=\\\\\\"button\\\\\\" hx-include=\\\\\\"this\\\\\\" hx-post=\\\\\\"/call/1/\\\\\\" hx-swap=\\\\\\"none\\\\\\" name=\\\\\\"call\\\\\\" value=\\\\\\"5\\\\u2660\\\\\\" class=\\\\\\"btn btn-danger\\\\\\" disabled>5\\\\u2660</button>\\\\n<button type=\\\\\\"button\\\\\\" hx-include=\\\\\\"this\\\\\\" hx-post=\\\\\\"/call/1/\\\\\\" hx-swap=\\\\\\"none\\\\\\" name=\\\\\\"call\\\\\\" value=\\\\\\"5N\\\\\\" class=\\\\\\"btn btn-danger\\\\\\" disabled>5N</button>\\\\n</div>\\\\n<div class=\\\\\\"btn-group\\\\\\"><button type=\\\\\\"button\\\\\\" hx-include=\\\\\\"this\\\\\\" hx-post=\\\\\\"/call/1/\\\\\\" hx-swap=\\\\\\"none\\\\\\" name=\\\\\\"call\\\\\\" value=\\\\\\"6\\\\u2663\\\\\\" class=\\\\\\"btn btn-danger\\\\\\" disabled>6\\\\u2663</button>\\\\n<button type=\\\\\\"button\\\\\\" hx-include=\\\\\\"this\\\\\\" hx-post=\\\\\\"/call/1/\\\\\\" hx-swap=\\\\\\"none\\\\\\" name=\\\\\\"call\\\\\\" value=\\\\\\"6\\\\u2666\\\\\\" class=\\\\\\"btn btn-danger\\\\\\" disabled>6\\\\u2666</button>\\\\n<button type=\\\\\\"button\\\\\\" hx-include=\\\\\\"this\\\\\\" hx-post=\\\\\\"/call/1/\\\\\\" hx-swap=\\\\\\"none\\\\\\" name=\\\\\\"call\\\\\\" value=\\\\\\"6\\\\u2665\\\\\\" class=\\\\\\"btn btn-danger\\\\\\" disabled>6\\\\u2665</button>\\\\n<button type=\\\\\\"button\\\\\\" hx-include=\\\\\\"this\\\\\\" hx-post=\\\\\\"/call/1/\\\\\\" hx-swap=\\\\\\"none\\\\\\" name=\\\\\\"call\\\\\\" value=\\\\\\"6\\\\u2660\\\\\\" class=\\\\\\"btn btn-danger\\\\\\" disabled>6\\\\u2660</button>\\\\n<button type=\\\\\\"button\\\\\\" hx-include=\\\\\\"this\\\\\\" hx-post=\\\\\\"/call/1/\\\\\\" hx-swap=\\\\\\"none\\\\\\" name=\\\\\\"call\\\\\\" value=\\\\\\"6N\\\\\\" class=\\\\\\"btn btn-danger\\\\\\" disabled>6N</button>\\\\n</div>\\\\n<div class=\\\\\\"btn-group\\\\\\"><button type=\\\\\\"button\\\\\\" hx-include=\\\\\\"this\\\\\\" hx-post=\\\\\\"/call/1/\\\\\\" hx-swap=\\\\\\"none\\\\\\" name=\\\\\\"call\\\\\\" value=\\\\\\"7\\\\u2663\\\\\\" class=\\\\\\"btn btn-danger\\\\\\" disabled>7\\\\u2663</button>\\\\n<button type=\\\\\\"button\\\\\\" hx-include=\\\\\\"this\\\\\\" hx-post=\\\\\\"/call/1/\\\\\\" hx-swap=\\\\\\"none\\\\\\" name=\\\\\\"call\\\\\\" value=\\\\\\"7\\\\u2666\\\\\\" class=\\\\\\"btn btn-danger\\\\\\" disabled>7\\\\u2666</button>\\\\n<button type=\\\\\\"button\\\\\\" hx-include=\\\\\\"this\\\\\\" hx-post=\\\\\\"/call/1/\\\\\\" hx-swap=\\\\\\"none\\\\\\" name=\\\\\\"call\\\\\\" value=\\\\\\"7\\\\u2665\\\\\\" class=\\\\\\"btn btn-danger\\\\\\" disabled>7\\\\u2665</button>\\\\n<button type=\\\\\\"button\\\\\\" hx-include=\\\\\\"this\\\\\\" hx-post=\\\\\\"/call/1/\\\\\\" hx-swap=\\\\\\"none\\\\\\" name=\\\\\\"call\\\\\\" value=\\\\\\"7\\\\u2660\\\\\\" class=\\\\\\"btn btn-danger\\\\\\" disabled>7\\\\u2660</button>\\\\n<button type=\\\\\\"button\\\\\\" hx-include=\\\\\\"this\\\\\\" hx-post=\\\\\\"/call/1/\\\\\\" hx-swap=\\\\\\"none\\\\\\" name=\\\\\\"call\\\\\\" value=\\\\\\"7N\\\\\\" class=\\\\\\"btn btn-danger\\\\\\" disabled>7N</button>\\\\n</div>\\\\n    </div>\\\\n</div>\\\\n<style>\\\\n #fiddle-my-background-daddy-o {\\\\n     \\\\n     background-color: white;\\\\n     \\\\n     padding: 20px;\\\\n }\\\\n</style>\\\\n\\", \\"hand_pk\\": 1, \\"time\\": 1748099466.4813929}"	1	2025-05-24 15:11:06.607355+00
27	player:json:2			0	2025-05-24 15:11:06.625918+00
28	player:json:2	message	"{\\"hand_pk\\": 1, \\"new-call\\": {\\"serialized\\": \\"Pass\\"}, \\"time\\": 1748099466.4813929}"	1	2025-05-24 15:11:06.628552+00
29	player:html:hand:6			0	2025-05-24 15:11:06.664097+00
30	player:html:hand:6	message	"{\\"bidding_box_html\\": \\"\\\\n\\\\n<div id=\\\\\\"fiddle-my-background-daddy-o\\\\\\">\\\\n    <div class=\\\\\\"toast-container\\\\\\">\\\\n        <div id=\\\\\\"errorToast\\\\\\"\\\\n             class=\\\\\\"toast\\\\\\"\\\\n             role=\\\\\\"alert\\\\\\"\\\\n             aria-live=\\\\\\"assertive\\\\\\"\\\\n             aria-atomic=\\\\\\"true\\\\\\">\\\\n            <div class=\\\\\\"toast-header\\\\\\">\\\\n                <svg class=\\\\\\"bd-placeholder-img rounded me-2\\\\\\"\\\\n                     width=\\\\\\"20\\\\\\"\\\\n                     height=\\\\\\"20\\\\\\"\\\\n                     xmlns=\\\\\\"http://www.w3.org/2000/svg\\\\\\"\\\\n                     aria-hidden=\\\\\\"true\\\\\\"\\\\n                     preserveAspectRatio=\\\\\\"xMidYMid slice\\\\\\"\\\\n                     focusable=\\\\\\"false\\\\\\">\\\\n                    <rect width=\\\\\\"100%\\\\\\" height=\\\\\\"100%\\\\\\" fill=\\\\\\"#007aff\\\\\\"></rect>\\\\n                </svg>\\\\n                <strong class=\\\\\\"me-auto\\\\\\">Uh oh</strong>\\\\n                <small>You're in trouble now</small>\\\\n                <button type=\\\\\\"button\\\\\\"\\\\n                        class=\\\\\\"btn-close\\\\\\"\\\\n                        data-bs-dismiss=\\\\\\"toast\\\\\\"\\\\n                        aria-label=\\\\\\"Close\\\\\\"></button>\\\\n            </div>\\\\n            <div class=\\\\\\"toast-body\\\\\\" id=\\\\\\"errorText\\\\\\">OK, so, like, that didn't work.</div>\\\\n        </div>\\\\n    </div>\\\\n    <div style=\\\\\\"font-family: monospace;\\\\n        display: grid;\\\\n        grid-template-rows:\\\\n        [multiplier-start] 1fr\\\\n        [one] 1fr\\\\n        [two] 1fr\\\\n        [three] 1fr\\\\n        [four] 1fr\\\\n        [five] 1fr\\\\n        [six] 1fr\\\\n        [seven] 1fr;\\\\n        id=\\\\\\"bidding-box\\\\\\">\\\\n        <div class=\\\\\\"btn-group\\\\\\"><button type=\\\\\\"button\\\\\\" hx-include=\\\\\\"this\\\\\\" hx-post=\\\\\\"/call/1/\\\\\\" hx-swap=\\\\\\"none\\\\\\" name=\\\\\\"call\\\\\\" value=\\\\\\"Pass\\\\\\" class=\\\\\\"btn btn-danger\\\\\\" disabled>Pass</button>\\\\n<button type=\\\\\\"button\\\\\\" hx-include=\\\\\\"this\\\\\\" hx-post=\\\\\\"/call/1/\\\\\\" hx-swap=\\\\\\"none\\\\\\" name=\\\\\\"call\\\\\\" value=\\\\\\"Double\\\\\\" class=\\\\\\"btn btn-danger\\\\\\" disabled><s>Double</s></button>\\\\n<button type=\\\\\\"button\\\\\\" hx-include=\\\\\\"this\\\\\\" hx-post=\\\\\\"/call/1/\\\\\\" hx-swap=\\\\\\"none\\\\\\" name=\\\\\\"call\\\\\\" value=\\\\\\"Redouble\\\\\\" class=\\\\\\"btn btn-danger\\\\\\" disabled><s>Redouble</s></button>\\\\n</div><div class=\\\\\\"btn-group\\\\\\"><button type=\\\\\\"button\\\\\\" hx-include=\\\\\\"this\\\\\\" hx-post=\\\\\\"/call/1/\\\\\\" hx-swap=\\\\\\"none\\\\\\" name=\\\\\\"call\\\\\\" value=\\\\\\"1\\\\u2663\\\\\\" class=\\\\\\"btn btn-danger\\\\\\" disabled>1\\\\u2663</button>\\\\n<button type=\\\\\\"button\\\\\\" hx-include=\\\\\\"this\\\\\\" hx-post=\\\\\\"/call/1/\\\\\\" hx-swap=\\\\\\"none\\\\\\" name=\\\\\\"call\\\\\\" value=\\\\\\"1\\\\u2666\\\\\\" class=\\\\\\"btn btn-danger\\\\\\" disabled>1\\\\u2666</button>\\\\n<button type=\\\\\\"button\\\\\\" hx-include=\\\\\\"this\\\\\\" hx-post=\\\\\\"/call/1/\\\\\\" hx-swap=\\\\\\"none\\\\\\" name=\\\\\\"call\\\\\\" value=\\\\\\"1\\\\u2665\\\\\\" class=\\\\\\"btn btn-danger\\\\\\" disabled>1\\\\u2665</button>\\\\n<button type=\\\\\\"button\\\\\\" hx-include=\\\\\\"this\\\\\\" hx-post=\\\\\\"/call/1/\\\\\\" hx-swap=\\\\\\"none\\\\\\" name=\\\\\\"call\\\\\\" value=\\\\\\"1\\\\u2660\\\\\\" class=\\\\\\"btn btn-danger\\\\\\" disabled>1\\\\u2660</button>\\\\n<button type=\\\\\\"button\\\\\\" hx-include=\\\\\\"this\\\\\\" hx-post=\\\\\\"/call/1/\\\\\\" hx-swap=\\\\\\"none\\\\\\" name=\\\\\\"call\\\\\\" value=\\\\\\"1N\\\\\\" class=\\\\\\"btn btn-danger\\\\\\" disabled>1N</button>\\\\n</div>\\\\n<div class=\\\\\\"btn-group\\\\\\"><button type=\\\\\\"button\\\\\\" hx-include=\\\\\\"this\\\\\\" hx-post=\\\\\\"/call/1/\\\\\\" hx-swap=\\\\\\"none\\\\\\" name=\\\\\\"call\\\\\\" value=\\\\\\"2\\\\u2663\\\\\\" class=\\\\\\"btn btn-danger\\\\\\" disabled>2\\\\u2663</button>\\\\n<button type=\\\\\\"button\\\\\\" hx-include=\\\\\\"this\\\\\\" hx-post=\\\\\\"/call/1/\\\\\\" hx-swap=\\\\\\"none\\\\\\" name=\\\\\\"call\\\\\\" value=\\\\\\"2\\\\u2666\\\\\\" class=\\\\\\"btn btn-danger\\\\\\" disabled>2\\\\u2666</button>\\\\n<button type=\\\\\\"button\\\\\\" hx-include=\\\\\\"this\\\\\\" hx-post=\\\\\\"/call/1/\\\\\\" hx-swap=\\\\\\"none\\\\\\" name=\\\\\\"call\\\\\\" value=\\\\\\"2\\\\u2665\\\\\\" class=\\\\\\"btn btn-danger\\\\\\" disabled>2\\\\u2665</button>\\\\n<button type=\\\\\\"button\\\\\\" hx-include=\\\\\\"this\\\\\\" hx-post=\\\\\\"/call/1/\\\\\\" hx-swap=\\\\\\"none\\\\\\" name=\\\\\\"call\\\\\\" value=\\\\\\"2\\\\u2660\\\\\\" class=\\\\\\"btn btn-danger\\\\\\" disabled>2\\\\u2660</button>\\\\n<button type=\\\\\\"button\\\\\\" hx-include=\\\\\\"this\\\\\\" hx-post=\\\\\\"/call/1/\\\\\\" hx-swap=\\\\\\"none\\\\\\" name=\\\\\\"call\\\\\\" value=\\\\\\"2N\\\\\\" class=\\\\\\"btn btn-danger\\\\\\" disabled>2N</button>\\\\n</div>\\\\n<div class=\\\\\\"btn-group\\\\\\"><button type=\\\\\\"button\\\\\\" hx-include=\\\\\\"this\\\\\\" hx-post=\\\\\\"/call/1/\\\\\\" hx-swap=\\\\\\"none\\\\\\" name=\\\\\\"call\\\\\\" value=\\\\\\"3\\\\u2663\\\\\\" class=\\\\\\"btn btn-danger\\\\\\" disabled>3\\\\u2663</button>\\\\n<button type=\\\\\\"button\\\\\\" hx-include=\\\\\\"this\\\\\\" hx-post=\\\\\\"/call/1/\\\\\\" hx-swap=\\\\\\"none\\\\\\" name=\\\\\\"call\\\\\\" value=\\\\\\"3\\\\u2666\\\\\\" class=\\\\\\"btn btn-danger\\\\\\" disabled>3\\\\u2666</button>\\\\n<button type=\\\\\\"button\\\\\\" hx-include=\\\\\\"this\\\\\\" hx-post=\\\\\\"/call/1/\\\\\\" hx-swap=\\\\\\"none\\\\\\" name=\\\\\\"call\\\\\\" value=\\\\\\"3\\\\u2665\\\\\\" class=\\\\\\"btn btn-danger\\\\\\" disabled>3\\\\u2665</button>\\\\n<button type=\\\\\\"button\\\\\\" hx-include=\\\\\\"this\\\\\\" hx-post=\\\\\\"/call/1/\\\\\\" hx-swap=\\\\\\"none\\\\\\" name=\\\\\\"call\\\\\\" value=\\\\\\"3\\\\u2660\\\\\\" class=\\\\\\"btn btn-danger\\\\\\" disabled>3\\\\u2660</button>\\\\n<button type=\\\\\\"button\\\\\\" hx-include=\\\\\\"this\\\\\\" hx-post=\\\\\\"/call/1/\\\\\\" hx-swap=\\\\\\"none\\\\\\" name=\\\\\\"call\\\\\\" value=\\\\\\"3N\\\\\\" class=\\\\\\"btn btn-danger\\\\\\" disabled>3N</button>\\\\n</div>\\\\n<div class=\\\\\\"btn-group\\\\\\"><button type=\\\\\\"button\\\\\\" hx-include=\\\\\\"this\\\\\\" hx-post=\\\\\\"/call/1/\\\\\\" hx-swap=\\\\\\"none\\\\\\" name=\\\\\\"call\\\\\\" value=\\\\\\"4\\\\u2663\\\\\\" class=\\\\\\"btn btn-danger\\\\\\" disabled>4\\\\u2663</button>\\\\n<button type=\\\\\\"button\\\\\\" hx-include=\\\\\\"this\\\\\\" hx-post=\\\\\\"/call/1/\\\\\\" hx-swap=\\\\\\"none\\\\\\" name=\\\\\\"call\\\\\\" value=\\\\\\"4\\\\u2666\\\\\\" class=\\\\\\"btn btn-danger\\\\\\" disabled>4\\\\u2666</button>\\\\n<button type=\\\\\\"button\\\\\\" hx-include=\\\\\\"this\\\\\\" hx-post=\\\\\\"/call/1/\\\\\\" hx-swap=\\\\\\"none\\\\\\" name=\\\\\\"call\\\\\\" value=\\\\\\"4\\\\u2665\\\\\\" class=\\\\\\"btn btn-danger\\\\\\" disabled>4\\\\u2665</button>\\\\n<button type=\\\\\\"button\\\\\\" hx-include=\\\\\\"this\\\\\\" hx-post=\\\\\\"/call/1/\\\\\\" hx-swap=\\\\\\"none\\\\\\" name=\\\\\\"call\\\\\\" value=\\\\\\"4\\\\u2660\\\\\\" class=\\\\\\"btn btn-danger\\\\\\" disabled>4\\\\u2660</button>\\\\n<button type=\\\\\\"button\\\\\\" hx-include=\\\\\\"this\\\\\\" hx-post=\\\\\\"/call/1/\\\\\\" hx-swap=\\\\\\"none\\\\\\" name=\\\\\\"call\\\\\\" value=\\\\\\"4N\\\\\\" class=\\\\\\"btn btn-danger\\\\\\" disabled>4N</button>\\\\n</div>\\\\n<div class=\\\\\\"btn-group\\\\\\"><button type=\\\\\\"button\\\\\\" hx-include=\\\\\\"this\\\\\\" hx-post=\\\\\\"/call/1/\\\\\\" hx-swap=\\\\\\"none\\\\\\" name=\\\\\\"call\\\\\\" value=\\\\\\"5\\\\u2663\\\\\\" class=\\\\\\"btn btn-danger\\\\\\" disabled>5\\\\u2663</button>\\\\n<button type=\\\\\\"button\\\\\\" hx-include=\\\\\\"this\\\\\\" hx-post=\\\\\\"/call/1/\\\\\\" hx-swap=\\\\\\"none\\\\\\" name=\\\\\\"call\\\\\\" value=\\\\\\"5\\\\u2666\\\\\\" class=\\\\\\"btn btn-danger\\\\\\" disabled>5\\\\u2666</button>\\\\n<button type=\\\\\\"button\\\\\\" hx-include=\\\\\\"this\\\\\\" hx-post=\\\\\\"/call/1/\\\\\\" hx-swap=\\\\\\"none\\\\\\" name=\\\\\\"call\\\\\\" value=\\\\\\"5\\\\u2665\\\\\\" class=\\\\\\"btn btn-danger\\\\\\" disabled>5\\\\u2665</button>\\\\n<button type=\\\\\\"button\\\\\\" hx-include=\\\\\\"this\\\\\\" hx-post=\\\\\\"/call/1/\\\\\\" hx-swap=\\\\\\"none\\\\\\" name=\\\\\\"call\\\\\\" value=\\\\\\"5\\\\u2660\\\\\\" class=\\\\\\"btn btn-danger\\\\\\" disabled>5\\\\u2660</button>\\\\n<button type=\\\\\\"button\\\\\\" hx-include=\\\\\\"this\\\\\\" hx-post=\\\\\\"/call/1/\\\\\\" hx-swap=\\\\\\"none\\\\\\" name=\\\\\\"call\\\\\\" value=\\\\\\"5N\\\\\\" class=\\\\\\"btn btn-danger\\\\\\" disabled>5N</button>\\\\n</div>\\\\n<div class=\\\\\\"btn-group\\\\\\"><button type=\\\\\\"button\\\\\\" hx-include=\\\\\\"this\\\\\\" hx-post=\\\\\\"/call/1/\\\\\\" hx-swap=\\\\\\"none\\\\\\" name=\\\\\\"call\\\\\\" value=\\\\\\"6\\\\u2663\\\\\\" class=\\\\\\"btn btn-danger\\\\\\" disabled>6\\\\u2663</button>\\\\n<button type=\\\\\\"button\\\\\\" hx-include=\\\\\\"this\\\\\\" hx-post=\\\\\\"/call/1/\\\\\\" hx-swap=\\\\\\"none\\\\\\" name=\\\\\\"call\\\\\\" value=\\\\\\"6\\\\u2666\\\\\\" class=\\\\\\"btn btn-danger\\\\\\" disabled>6\\\\u2666</button>\\\\n<button type=\\\\\\"button\\\\\\" hx-include=\\\\\\"this\\\\\\" hx-post=\\\\\\"/call/1/\\\\\\" hx-swap=\\\\\\"none\\\\\\" name=\\\\\\"call\\\\\\" value=\\\\\\"6\\\\u2665\\\\\\" class=\\\\\\"btn btn-danger\\\\\\" disabled>6\\\\u2665</button>\\\\n<button type=\\\\\\"button\\\\\\" hx-include=\\\\\\"this\\\\\\" hx-post=\\\\\\"/call/1/\\\\\\" hx-swap=\\\\\\"none\\\\\\" name=\\\\\\"call\\\\\\" value=\\\\\\"6\\\\u2660\\\\\\" class=\\\\\\"btn btn-danger\\\\\\" disabled>6\\\\u2660</button>\\\\n<button type=\\\\\\"button\\\\\\" hx-include=\\\\\\"this\\\\\\" hx-post=\\\\\\"/call/1/\\\\\\" hx-swap=\\\\\\"none\\\\\\" name=\\\\\\"call\\\\\\" value=\\\\\\"6N\\\\\\" class=\\\\\\"btn btn-danger\\\\\\" disabled>6N</button>\\\\n</div>\\\\n<div class=\\\\\\"btn-group\\\\\\"><button type=\\\\\\"button\\\\\\" hx-include=\\\\\\"this\\\\\\" hx-post=\\\\\\"/call/1/\\\\\\" hx-swap=\\\\\\"none\\\\\\" name=\\\\\\"call\\\\\\" value=\\\\\\"7\\\\u2663\\\\\\" class=\\\\\\"btn btn-danger\\\\\\" disabled>7\\\\u2663</button>\\\\n<button type=\\\\\\"button\\\\\\" hx-include=\\\\\\"this\\\\\\" hx-post=\\\\\\"/call/1/\\\\\\" hx-swap=\\\\\\"none\\\\\\" name=\\\\\\"call\\\\\\" value=\\\\\\"7\\\\u2666\\\\\\" class=\\\\\\"btn btn-danger\\\\\\" disabled>7\\\\u2666</button>\\\\n<button type=\\\\\\"button\\\\\\" hx-include=\\\\\\"this\\\\\\" hx-post=\\\\\\"/call/1/\\\\\\" hx-swap=\\\\\\"none\\\\\\" name=\\\\\\"call\\\\\\" value=\\\\\\"7\\\\u2665\\\\\\" class=\\\\\\"btn btn-danger\\\\\\" disabled>7\\\\u2665</button>\\\\n<button type=\\\\\\"button\\\\\\" hx-include=\\\\\\"this\\\\\\" hx-post=\\\\\\"/call/1/\\\\\\" hx-swap=\\\\\\"none\\\\\\" name=\\\\\\"call\\\\\\" value=\\\\\\"7\\\\u2660\\\\\\" class=\\\\\\"btn btn-danger\\\\\\" disabled>7\\\\u2660</button>\\\\n<button type=\\\\\\"button\\\\\\" hx-include=\\\\\\"this\\\\\\" hx-post=\\\\\\"/call/1/\\\\\\" hx-swap=\\\\\\"none\\\\\\" name=\\\\\\"call\\\\\\" value=\\\\\\"7N\\\\\\" class=\\\\\\"btn btn-danger\\\\\\" disabled>7N</button>\\\\n</div>\\\\n    </div>\\\\n</div>\\\\n<style>\\\\n #fiddle-my-background-daddy-o {\\\\n     \\\\n     background-color: white;\\\\n     \\\\n     padding: 20px;\\\\n }\\\\n</style>\\\\n\\", \\"hand_pk\\": 1, \\"time\\": 1748099466.4813929}"	1	2025-05-24 15:11:06.665329+00
31	player:json:6			0	2025-05-24 15:11:06.688957+00
32	player:json:6	message	"{\\"hand_pk\\": 1, \\"new-call\\": {\\"serialized\\": \\"Pass\\"}, \\"time\\": 1748099466.4813929}"	1	2025-05-24 15:11:06.690888+00
33	table:html:1			0	2025-05-24 15:11:06.748667+00
34	table:html:1	message	"{\\"auction_history_html\\": \\"\\\\n\\\\n<table class=\\\\\\"table caption-top\\\\\\"\\\\n       id=\\\\\\"auction\\\\\\"\\\\n       style=\\\\\\"border: 1px dotted;\\\\n              overflow: auto;\\\\n              height: 10em\\\\\\">\\\\n    <caption>Auction</caption>\\\\n    <thead>\\\\n        <tr>\\\\n            \\\\n                <th >\\\\n                    <i>W</i>\\\\n                    <br>\\\\n                    <a style=\\\\\\"font-size: xx-large\\\\\\" href=\\\\\\"/player/6/\\\\\\"><i>_tony gray</i></a>\\\\n                </th>\\\\n            \\\\n                <th >\\\\n                    <i>N</i>\\\\n                    <br>\\\\n                    <a style=\\\\\\"font-size: xx-large\\\\\\" href=\\\\\\"/player/1/\\\\\\">bob</a>\\\\n                </th>\\\\n            \\\\n                <th  style=\\\\\\"background-color: lightgreen;\\\\\\" >\\\\n                    <i>E</i>\\\\n                    <br>\\\\n                    <a style=\\\\\\"font-size: xx-large\\\\\\" href=\\\\\\"/player/5/\\\\\\"><i>_kima</i></a>\\\\n                </th>\\\\n            \\\\n                <th >\\\\n                    <i>S</i>\\\\n                    <br>\\\\n                    <a style=\\\\\\"font-size: xx-large\\\\\\" href=\\\\\\"/player/2/\\\\\\"><i>_prez</i></a>\\\\n                </th>\\\\n            \\\\n        </tr>\\\\n    </thead>\\\\n    <tbody class=\\\\\\"table-group-divider\\\\\\">\\\\n        \\\\n            <tr>\\\\n                \\\\n                    <td>\\\\n                        \\\\n                    </td>\\\\n                \\\\n                    <td>\\\\n                        Pass\\\\n                    </td>\\\\n                \\\\n            </tr>\\\\n        \\\\n    </tbody>\\\\n</table>\\\\n\\", \\"time\\": 1748099466.4813929}"	1	2025-05-24 15:11:06.750006+00
\.


--
-- Data for Name: django_eventstream_eventcounter; Type: TABLE DATA; Schema: public; Owner: postgres
--

COPY public.django_eventstream_eventcounter (id, name, value, updated) FROM stdin;
1	lobby	3	2025-05-24 15:10:54.76622+00
2	partnerships	3	2025-05-24 15:10:54.77057+00
3	players:1_2	1	2025-05-24 15:10:54.872584+00
4	players:5_6	1	2025-05-24 15:10:54.883552+00
5	players:3_4	1	2025-05-24 15:10:54.926919+00
6	players:7_8	1	2025-05-24 15:10:54.940754+00
7	player:html:hand:1	1	2025-05-24 15:11:06.510205+00
8	player:json:1	1	2025-05-24 15:11:06.530829+00
9	player:html:hand:5	1	2025-05-24 15:11:06.566943+00
10	player:json:5	1	2025-05-24 15:11:06.584178+00
11	player:html:hand:2	1	2025-05-24 15:11:06.608977+00
12	player:json:2	1	2025-05-24 15:11:06.630512+00
13	player:html:hand:6	1	2025-05-24 15:11:06.667003+00
14	player:json:6	1	2025-05-24 15:11:06.692405+00
15	table:html:1	1	2025-05-24 15:11:06.751232+00
\.


--
-- Data for Name: django_migrations; Type: TABLE DATA; Schema: public; Owner: postgres
--

COPY public.django_migrations (id, app, name, applied) FROM stdin;
1	contenttypes	0001_initial	2025-05-24 15:10:05.721815+00
2	auth	0001_initial	2025-05-24 15:10:05.761463+00
3	admin	0001_initial	2025-05-24 15:10:05.771231+00
4	admin	0002_logentry_remove_auto_add	2025-05-24 15:10:05.775217+00
5	admin	0003_logentry_add_action_flag_choices	2025-05-24 15:10:05.780163+00
6	contenttypes	0002_remove_content_type_name	2025-05-24 15:10:05.789308+00
7	auth	0002_alter_permission_name_max_length	2025-05-24 15:10:05.79481+00
8	auth	0003_alter_user_email_max_length	2025-05-24 15:10:05.799823+00
9	auth	0004_alter_user_username_opts	2025-05-24 15:10:05.804471+00
10	auth	0005_alter_user_last_login_null	2025-05-24 15:10:05.810226+00
11	auth	0006_require_contenttypes_0002	2025-05-24 15:10:05.81241+00
12	auth	0007_alter_validators_add_error_messages	2025-05-24 15:10:05.817524+00
13	auth	0008_alter_user_username_max_length	2025-05-24 15:10:05.825613+00
14	auth	0009_alter_user_last_name_max_length	2025-05-24 15:10:05.83224+00
15	auth	0010_alter_group_name_max_length	2025-05-24 15:10:05.840361+00
16	auth	0011_update_proxy_permissions	2025-05-24 15:10:05.845325+00
17	auth	0012_alter_user_first_name_max_length	2025-05-24 15:10:05.853085+00
18	app	0001_initial	2025-05-24 15:10:05.8996+00
19	app	0002_remove_seat_app_seat_direction_valid_and_more	2025-05-24 15:10:05.920098+00
20	app	0003_alter_player_partner_delete_call	2025-05-24 15:10:05.930165+00
21	app	0004_lobbymessage	2025-05-24 15:10:05.947926+00
22	app	0005_playermessage	2025-05-24 15:10:05.97004+00
23	app	0006_remove_playermessage_from_player_and_more	2025-05-24 15:10:06.028374+00
24	app	0007_lobby_remove_message_player_recipient_and_more	2025-05-24 15:10:06.08727+00
25	app	0008_remove_seat_no_more_than_one_player_per_table_and_more	2025-05-24 15:10:06.119582+00
26	app	0009_alter_seat_options	2025-05-24 15:10:06.127514+00
27	app	0010_player_app_player_cant_be_own_partner	2025-05-24 15:10:06.18715+00
28	app	0011_board	2025-05-24 15:10:06.202653+00
29	app	0012_remove_board_cards_board_east_cards_and_more	2025-05-24 15:10:06.216022+00
30	app	0013_handrecord_call_play	2025-05-24 15:10:06.245534+00
31	app	0014_remove_handrecord_seat_handrecord_table_and_more	2025-05-24 15:10:06.267217+00
32	app	0015_remove_board_table_handrecord_board	2025-05-24 15:10:06.288569+00
33	app	0016_usermitplaya	2025-05-24 15:10:06.303734+00
34	app	0017_player_is_human	2025-05-24 15:10:06.31421+00
35	app	0018_play_app_play_a_card_can_be_played_only_once	2025-05-24 15:10:06.320659+00
36	app	0019_alter_seat_player	2025-05-24 15:10:06.335592+00
37	app	0020_play_won_its_trick	2025-05-24 15:10:06.346773+00
38	app	0021_rename_handrecord_handaction	2025-05-24 15:10:06.372793+00
39	app	0022_rename_handaction_hand	2025-05-24 15:10:06.402264+00
40	app	0023_remove_player_is_human_and_more	2025-05-24 15:10:06.419996+00
41	app	0024_alter_hand_board_alter_seat_player	2025-05-24 15:10:06.46489+00
42	app	0025_hand_open_access	2025-05-24 15:10:06.47405+00
43	app	0026_alter_hand_open_access	2025-05-24 15:10:06.483042+00
44	app	0027_remove_play_won_its_trick	2025-05-24 15:10:06.490336+00
45	app	0028_remove_seat_app_seat_direction_valid_and_more	2025-05-24 15:10:06.509044+00
46	app	0029_table_tempo_seconds	2025-05-24 15:10:06.517934+00
47	app	0030_board_number	2025-05-24 15:10:06.525189+00
48	app	0031_auto_20241106_1511	2025-05-24 15:10:06.540136+00
49	app	0032_alter_board_number	2025-05-24 15:10:06.549219+00
50	app	0033_player_currently_seated	2025-05-24 15:10:06.56062+00
51	app	0034_auto_20241118_1952	2025-05-24 15:10:06.576243+00
52	app	0035_remove_seat_app_seat_no_more_than_one_seat_per_player	2025-05-24 15:10:06.587243+00
53	app	0033_tournament_remove_board_number_board_tournament	2025-05-24 15:10:06.623479+00
54	app	0034_backfill_tournaments	2025-05-24 15:10:06.637989+00
55	app	0035_alter_board_tournament	2025-05-24 15:10:06.661399+00
56	app	0036_merge_20241119_0336	2025-05-24 15:10:06.666045+00
57	app	0037_alter_table_tempo_seconds	2025-05-24 15:10:06.671982+00
58	app	0038_alter_table_tempo_seconds	2025-05-24 15:10:06.678714+00
59	app	0039_remove_player_allow_bot_to_play_for_me_botplayer	2025-05-24 15:10:06.708904+00
60	app	0040_board_dealer_letter_seat_direction_letter	2025-05-24 15:10:06.725797+00
61	app	0041_auto_20250113_1941	2025-05-24 15:10:06.742134+00
62	app	0042_board_app_board_dealer_must_be_compass_letter_and_more	2025-05-24 15:10:06.755109+00
63	app	0043_remove_board_app_board_dealer_must_be_compass_letter_and_more	2025-05-24 15:10:06.763685+00
64	app	0044_alter_seat_options_and_more	2025-05-24 15:10:06.811146+00
65	app	0045_hand_app_hand_a_board_can_be_played_only_once_at_a_given_table	2025-05-24 15:10:06.82196+00
66	app	0046_player_boards_played	2025-05-24 15:10:06.851066+00
67	app	0047_auto_20250119_0005	2025-05-24 15:10:06.86427+00
68	app	0048_alter_botplayer_player	2025-05-24 15:10:06.890099+00
69	app	0049_alter_botplayer_player	2025-05-24 15:10:06.909724+00
70	app	0050_board_display_number	2025-05-24 15:10:06.917214+00
71	app	0051_auto_20250119_1709	2025-05-24 15:10:06.930273+00
72	app	0052_alter_board_display_number	2025-05-24 15:10:06.943684+00
73	app	0053_tournament_is_complete	2025-05-24 15:10:06.95034+00
74	app	0054_table_tournament	2025-05-24 15:10:06.968186+00
75	app	0055_auto_20250123_2237	2025-05-24 15:10:06.980613+00
76	app	0056_alter_table_tournament	2025-05-24 15:10:07.002718+00
77	app	0057_alter_seat_player	2025-05-24 15:10:07.017631+00
78	app	0058_player_synthetic	2025-05-24 15:10:07.030248+00
79	app	0059_player_allow_bot_to_play_for_me_delete_botplayer	2025-05-24 15:10:07.05007+00
80	app	0060_auto_20250201_1715	2025-05-24 15:10:07.06452+00
81	app	0061_player_synthetic_players_must_allow_bot_to_play_for_them	2025-05-24 15:10:07.07436+00
82	app	0062_tournament_display_number	2025-05-24 15:10:07.079407+00
83	app	0063_auto_20250205_0328	2025-05-24 15:10:07.090144+00
84	app	0064_alter_tournament_display_number	2025-05-24 15:10:07.097386+00
85	app	0065_hand_abandoned_because_and_more	2025-05-24 15:10:07.113264+00
86	app	0066_tournament_app_tournament_play_deadline_must_follow_signup_deadline	2025-05-24 15:10:07.121334+00
87	app	0067_alter_tournament_play_completion_deadline_and_more	2025-05-24 15:10:07.135023+00
88	app	0068_board_app_board_display_number_unique_per_tournament	2025-05-24 15:10:07.145229+00
89	app	0069_tournamentsignups	2025-05-24 15:10:07.173252+00
90	app	0070_alter_tournamentsignups_player	2025-05-24 15:10:07.201546+00
91	app	0071_rename_tournamentsignups_tournamentsignup	2025-05-24 15:10:07.224435+00
92	app	0072_alter_tournament_play_completion_deadline_and_more	2025-05-24 15:10:07.233611+00
93	app	0073_alter_call_options_call_created_call_modified_and_more	2025-05-24 15:10:07.29076+00
94	app	0074_seat_app_seat_no_more_than_four_directions_per_table_and_more	2025-05-24 15:10:07.299892+00
95	app	0075_add_new_hand_attributes	2025-05-24 15:10:07.352811+00
96	app	0076_backfill_new_hand_attributes	2025-05-24 15:10:07.364327+00
97	app	0077_remove_seat_player_remove_seat_table_and_more	2025-05-24 15:10:07.470288+00
98	app	0078_board_group_tournament_boards_per_round_per_table	2025-05-24 15:10:07.483626+00
99	app	0079_remove_tournament_app_tournament_cant_have_just_one_deadline_and_more	2025-05-24 15:10:07.494533+00
100	app	0080_alter_hand_options	2025-05-24 15:10:07.503206+00
101	app	0081_alter_hand_east_alter_hand_north_alter_hand_south_and_more	2025-05-24 15:10:07.580736+00
102	app	0082_tournament_app_tournament_display_number_unique	2025-05-24 15:10:07.589973+00
103	app	0083_hand_app_hand_a_board_can_be_played_only_once_at_a_given_table	2025-05-24 15:10:07.60148+00
104	app	0084_auto_20250501_2048	2025-05-24 15:10:07.61473+00
105	app	0085_alter_tournament_play_completion_deadline_and_more	2025-05-24 15:10:07.626605+00
106	app	0086_alter_tournament_play_completion_deadline	2025-05-24 15:10:07.635944+00
107	app	0087_alter_tournament_play_completion_deadline_and_more	2025-05-24 15:10:07.649425+00
108	django_eventstream	0001_initial	2025-05-24 15:10:07.675774+00
109	sessions	0001_initial	2025-05-24 15:10:07.686433+00
\.


--
-- Data for Name: django_session; Type: TABLE DATA; Schema: public; Owner: postgres
--

COPY public.django_session (session_key, session_data, expire_date) FROM stdin;
kdugl9e95sew42xxmxtcvayssowac7id	.eJxVjEEOgjAQRe_StUE70Na6w7WeoWlnBkGxTWjZaLy7kLBh-997_yuIC2NhcuUjLqJ98zSgP95Sdm188MhZHITzc-ndnHlyAy0W7Lfg8cVxBfT08ZEqTLFMQ6hWpdporu6JeLxu7u6g97lf6rMx2milAxrLQDVYoBOYhpTFWquOQTUBrO7qEGSwoFBLNmAbaUCiN-L3ByHxQ3Q:1uIqWL:vJKlh3l7maznsy5kFRCeyEN_docSkDwizSrfd3iesXU	2025-06-07 15:10:45.404304+00
\.


--
-- Name: app_board_id_seq; Type: SEQUENCE SET; Schema: public; Owner: postgres
--

SELECT pg_catalog.setval('public.app_board_id_seq', 6, true);


--
-- Name: app_call_id_seq; Type: SEQUENCE SET; Schema: public; Owner: postgres
--

SELECT pg_catalog.setval('public.app_call_id_seq', 1, true);


--
-- Name: app_handrecord_id_seq; Type: SEQUENCE SET; Schema: public; Owner: postgres
--

SELECT pg_catalog.setval('public.app_handrecord_id_seq', 2, true);


--
-- Name: app_lobby_id_seq; Type: SEQUENCE SET; Schema: public; Owner: postgres
--

SELECT pg_catalog.setval('public.app_lobby_id_seq', 1, true);


--
-- Name: app_message_id_seq; Type: SEQUENCE SET; Schema: public; Owner: postgres
--

SELECT pg_catalog.setval('public.app_message_id_seq', 3, true);


--
-- Name: app_play_id_seq; Type: SEQUENCE SET; Schema: public; Owner: postgres
--

SELECT pg_catalog.setval('public.app_play_id_seq', 1, false);


--
-- Name: app_player_id_seq; Type: SEQUENCE SET; Schema: public; Owner: postgres
--

SELECT pg_catalog.setval('public.app_player_id_seq', 8, true);


--
-- Name: app_tournament_id_seq; Type: SEQUENCE SET; Schema: public; Owner: postgres
--

SELECT pg_catalog.setval('public.app_tournament_id_seq', 1, true);


--
-- Name: app_tournamentsignups_id_seq; Type: SEQUENCE SET; Schema: public; Owner: postgres
--

SELECT pg_catalog.setval('public.app_tournamentsignups_id_seq', 8, true);


--
-- Name: auth_group_id_seq; Type: SEQUENCE SET; Schema: public; Owner: postgres
--

SELECT pg_catalog.setval('public.auth_group_id_seq', 1, false);


--
-- Name: auth_group_permissions_id_seq; Type: SEQUENCE SET; Schema: public; Owner: postgres
--

SELECT pg_catalog.setval('public.auth_group_permissions_id_seq', 1, false);


--
-- Name: auth_permission_id_seq; Type: SEQUENCE SET; Schema: public; Owner: postgres
--

SELECT pg_catalog.setval('public.auth_permission_id_seq', 72, true);


--
-- Name: auth_user_groups_id_seq; Type: SEQUENCE SET; Schema: public; Owner: postgres
--

SELECT pg_catalog.setval('public.auth_user_groups_id_seq', 1, false);


--
-- Name: auth_user_id_seq; Type: SEQUENCE SET; Schema: public; Owner: postgres
--

SELECT pg_catalog.setval('public.auth_user_id_seq', 9, true);


--
-- Name: auth_user_user_permissions_id_seq; Type: SEQUENCE SET; Schema: public; Owner: postgres
--

SELECT pg_catalog.setval('public.auth_user_user_permissions_id_seq', 1, false);


--
-- Name: django_admin_log_id_seq; Type: SEQUENCE SET; Schema: public; Owner: postgres
--

SELECT pg_catalog.setval('public.django_admin_log_id_seq', 1, false);


--
-- Name: django_content_type_id_seq; Type: SEQUENCE SET; Schema: public; Owner: postgres
--

SELECT pg_catalog.setval('public.django_content_type_id_seq', 18, true);


--
-- Name: django_eventstream_event_id_seq; Type: SEQUENCE SET; Schema: public; Owner: postgres
--

SELECT pg_catalog.setval('public.django_eventstream_event_id_seq', 34, true);


--
-- Name: django_eventstream_eventcounter_id_seq; Type: SEQUENCE SET; Schema: public; Owner: postgres
--

SELECT pg_catalog.setval('public.django_eventstream_eventcounter_id_seq', 15, true);


--
-- Name: django_migrations_id_seq; Type: SEQUENCE SET; Schema: public; Owner: postgres
--

SELECT pg_catalog.setval('public.django_migrations_id_seq', 109, true);


--
-- Name: app_board app_board_display_number_unique_per_tournament; Type: CONSTRAINT; Schema: public; Owner: postgres
--

ALTER TABLE ONLY public.app_board
    ADD CONSTRAINT app_board_display_number_unique_per_tournament UNIQUE (display_number, tournament_id);


--
-- Name: app_board app_board_pkey; Type: CONSTRAINT; Schema: public; Owner: postgres
--

ALTER TABLE ONLY public.app_board
    ADD CONSTRAINT app_board_pkey PRIMARY KEY (id);


--
-- Name: app_call app_call_pkey; Type: CONSTRAINT; Schema: public; Owner: postgres
--

ALTER TABLE ONLY public.app_call
    ADD CONSTRAINT app_call_pkey PRIMARY KEY (id);


--
-- Name: app_hand app_hand_a_board_can_be_played_only_once_at_a_given_table; Type: CONSTRAINT; Schema: public; Owner: postgres
--

ALTER TABLE ONLY public.app_hand
    ADD CONSTRAINT app_hand_a_board_can_be_played_only_once_at_a_given_table UNIQUE (board_id, table_display_number);


--
-- Name: app_hand app_hand_a_board_can_be_played_only_once_by_four_players; Type: CONSTRAINT; Schema: public; Owner: postgres
--

ALTER TABLE ONLY public.app_hand
    ADD CONSTRAINT app_hand_a_board_can_be_played_only_once_by_four_players UNIQUE (board_id, "North_id", "East_id", "South_id", "West_id");


--
-- Name: app_hand app_handrecord_pkey; Type: CONSTRAINT; Schema: public; Owner: postgres
--

ALTER TABLE ONLY public.app_hand
    ADD CONSTRAINT app_handrecord_pkey PRIMARY KEY (id);


--
-- Name: app_lobby app_lobby_pkey; Type: CONSTRAINT; Schema: public; Owner: postgres
--

ALTER TABLE ONLY public.app_lobby
    ADD CONSTRAINT app_lobby_pkey PRIMARY KEY (id);


--
-- Name: app_message app_message_pkey; Type: CONSTRAINT; Schema: public; Owner: postgres
--

ALTER TABLE ONLY public.app_message
    ADD CONSTRAINT app_message_pkey PRIMARY KEY (id);


--
-- Name: app_play app_play_a_card_can_be_played_only_once; Type: CONSTRAINT; Schema: public; Owner: postgres
--

ALTER TABLE ONLY public.app_play
    ADD CONSTRAINT app_play_a_card_can_be_played_only_once UNIQUE (hand_id, serialized);


--
-- Name: app_play app_play_pkey; Type: CONSTRAINT; Schema: public; Owner: postgres
--

ALTER TABLE ONLY public.app_play
    ADD CONSTRAINT app_play_pkey PRIMARY KEY (id);


--
-- Name: app_player app_player_pkey; Type: CONSTRAINT; Schema: public; Owner: postgres
--

ALTER TABLE ONLY public.app_player
    ADD CONSTRAINT app_player_pkey PRIMARY KEY (id);


--
-- Name: app_player app_player_user_id_key; Type: CONSTRAINT; Schema: public; Owner: postgres
--

ALTER TABLE ONLY public.app_player
    ADD CONSTRAINT app_player_user_id_key UNIQUE (user_id);


--
-- Name: app_tournament app_tournament_display_number_62e5f385_uniq; Type: CONSTRAINT; Schema: public; Owner: postgres
--

ALTER TABLE ONLY public.app_tournament
    ADD CONSTRAINT app_tournament_display_number_62e5f385_uniq UNIQUE (display_number);


--
-- Name: app_tournament app_tournament_display_number_unique; Type: CONSTRAINT; Schema: public; Owner: postgres
--

ALTER TABLE ONLY public.app_tournament
    ADD CONSTRAINT app_tournament_display_number_unique UNIQUE (display_number);


--
-- Name: app_tournament app_tournament_pkey; Type: CONSTRAINT; Schema: public; Owner: postgres
--

ALTER TABLE ONLY public.app_tournament
    ADD CONSTRAINT app_tournament_pkey PRIMARY KEY (id);


--
-- Name: app_tournamentsignup app_tournamentsignups_pkey; Type: CONSTRAINT; Schema: public; Owner: postgres
--

ALTER TABLE ONLY public.app_tournamentsignup
    ADD CONSTRAINT app_tournamentsignups_pkey PRIMARY KEY (id);


--
-- Name: app_tournamentsignup app_tournamentsignups_player_id_29adbee4_uniq; Type: CONSTRAINT; Schema: public; Owner: postgres
--

ALTER TABLE ONLY public.app_tournamentsignup
    ADD CONSTRAINT app_tournamentsignups_player_id_29adbee4_uniq UNIQUE (player_id);


--
-- Name: app_usermitplaya app_usermitplaya_pkey; Type: CONSTRAINT; Schema: public; Owner: postgres
--

ALTER TABLE ONLY public.app_usermitplaya
    ADD CONSTRAINT app_usermitplaya_pkey PRIMARY KEY (user_ptr_id);


--
-- Name: auth_group auth_group_name_key; Type: CONSTRAINT; Schema: public; Owner: postgres
--

ALTER TABLE ONLY public.auth_group
    ADD CONSTRAINT auth_group_name_key UNIQUE (name);


--
-- Name: auth_group_permissions auth_group_permissions_group_id_permission_id_0cd325b0_uniq; Type: CONSTRAINT; Schema: public; Owner: postgres
--

ALTER TABLE ONLY public.auth_group_permissions
    ADD CONSTRAINT auth_group_permissions_group_id_permission_id_0cd325b0_uniq UNIQUE (group_id, permission_id);


--
-- Name: auth_group_permissions auth_group_permissions_pkey; Type: CONSTRAINT; Schema: public; Owner: postgres
--

ALTER TABLE ONLY public.auth_group_permissions
    ADD CONSTRAINT auth_group_permissions_pkey PRIMARY KEY (id);


--
-- Name: auth_group auth_group_pkey; Type: CONSTRAINT; Schema: public; Owner: postgres
--

ALTER TABLE ONLY public.auth_group
    ADD CONSTRAINT auth_group_pkey PRIMARY KEY (id);


--
-- Name: auth_permission auth_permission_content_type_id_codename_01ab375a_uniq; Type: CONSTRAINT; Schema: public; Owner: postgres
--

ALTER TABLE ONLY public.auth_permission
    ADD CONSTRAINT auth_permission_content_type_id_codename_01ab375a_uniq UNIQUE (content_type_id, codename);


--
-- Name: auth_permission auth_permission_pkey; Type: CONSTRAINT; Schema: public; Owner: postgres
--

ALTER TABLE ONLY public.auth_permission
    ADD CONSTRAINT auth_permission_pkey PRIMARY KEY (id);


--
-- Name: auth_user_groups auth_user_groups_pkey; Type: CONSTRAINT; Schema: public; Owner: postgres
--

ALTER TABLE ONLY public.auth_user_groups
    ADD CONSTRAINT auth_user_groups_pkey PRIMARY KEY (id);


--
-- Name: auth_user_groups auth_user_groups_user_id_group_id_94350c0c_uniq; Type: CONSTRAINT; Schema: public; Owner: postgres
--

ALTER TABLE ONLY public.auth_user_groups
    ADD CONSTRAINT auth_user_groups_user_id_group_id_94350c0c_uniq UNIQUE (user_id, group_id);


--
-- Name: auth_user auth_user_pkey; Type: CONSTRAINT; Schema: public; Owner: postgres
--

ALTER TABLE ONLY public.auth_user
    ADD CONSTRAINT auth_user_pkey PRIMARY KEY (id);


--
-- Name: auth_user_user_permissions auth_user_user_permissions_pkey; Type: CONSTRAINT; Schema: public; Owner: postgres
--

ALTER TABLE ONLY public.auth_user_user_permissions
    ADD CONSTRAINT auth_user_user_permissions_pkey PRIMARY KEY (id);


--
-- Name: auth_user_user_permissions auth_user_user_permissions_user_id_permission_id_14a6b632_uniq; Type: CONSTRAINT; Schema: public; Owner: postgres
--

ALTER TABLE ONLY public.auth_user_user_permissions
    ADD CONSTRAINT auth_user_user_permissions_user_id_permission_id_14a6b632_uniq UNIQUE (user_id, permission_id);


--
-- Name: auth_user auth_user_username_key; Type: CONSTRAINT; Schema: public; Owner: postgres
--

ALTER TABLE ONLY public.auth_user
    ADD CONSTRAINT auth_user_username_key UNIQUE (username);


--
-- Name: django_admin_log django_admin_log_pkey; Type: CONSTRAINT; Schema: public; Owner: postgres
--

ALTER TABLE ONLY public.django_admin_log
    ADD CONSTRAINT django_admin_log_pkey PRIMARY KEY (id);


--
-- Name: django_content_type django_content_type_app_label_model_76bd3d3b_uniq; Type: CONSTRAINT; Schema: public; Owner: postgres
--

ALTER TABLE ONLY public.django_content_type
    ADD CONSTRAINT django_content_type_app_label_model_76bd3d3b_uniq UNIQUE (app_label, model);


--
-- Name: django_content_type django_content_type_pkey; Type: CONSTRAINT; Schema: public; Owner: postgres
--

ALTER TABLE ONLY public.django_content_type
    ADD CONSTRAINT django_content_type_pkey PRIMARY KEY (id);


--
-- Name: django_eventstream_event django_eventstream_event_channel_eid_20f68a1a_uniq; Type: CONSTRAINT; Schema: public; Owner: postgres
--

ALTER TABLE ONLY public.django_eventstream_event
    ADD CONSTRAINT django_eventstream_event_channel_eid_20f68a1a_uniq UNIQUE (channel, eid);


--
-- Name: django_eventstream_event django_eventstream_event_pkey; Type: CONSTRAINT; Schema: public; Owner: postgres
--

ALTER TABLE ONLY public.django_eventstream_event
    ADD CONSTRAINT django_eventstream_event_pkey PRIMARY KEY (id);


--
-- Name: django_eventstream_eventcounter django_eventstream_eventcounter_name_key; Type: CONSTRAINT; Schema: public; Owner: postgres
--

ALTER TABLE ONLY public.django_eventstream_eventcounter
    ADD CONSTRAINT django_eventstream_eventcounter_name_key UNIQUE (name);


--
-- Name: django_eventstream_eventcounter django_eventstream_eventcounter_pkey; Type: CONSTRAINT; Schema: public; Owner: postgres
--

ALTER TABLE ONLY public.django_eventstream_eventcounter
    ADD CONSTRAINT django_eventstream_eventcounter_pkey PRIMARY KEY (id);


--
-- Name: django_migrations django_migrations_pkey; Type: CONSTRAINT; Schema: public; Owner: postgres
--

ALTER TABLE ONLY public.django_migrations
    ADD CONSTRAINT django_migrations_pkey PRIMARY KEY (id);


--
-- Name: django_session django_session_pkey; Type: CONSTRAINT; Schema: public; Owner: postgres
--

ALTER TABLE ONLY public.django_session
    ADD CONSTRAINT django_session_pkey PRIMARY KEY (session_key);


--
-- Name: app_board_tournament_id_b31f4fc4; Type: INDEX; Schema: public; Owner: postgres
--

CREATE INDEX app_board_tournament_id_b31f4fc4 ON public.app_board USING btree (tournament_id);


--
-- Name: app_call_hand_id_248286e2; Type: INDEX; Schema: public; Owner: postgres
--

CREATE INDEX app_call_hand_id_248286e2 ON public.app_call USING btree (hand_id);


--
-- Name: app_hand_East_id_9ebb3cd0; Type: INDEX; Schema: public; Owner: postgres
--

CREATE INDEX "app_hand_East_id_9ebb3cd0" ON public.app_hand USING btree ("East_id");


--
-- Name: app_hand_North_id_8a0e6b49; Type: INDEX; Schema: public; Owner: postgres
--

CREATE INDEX "app_hand_North_id_8a0e6b49" ON public.app_hand USING btree ("North_id");


--
-- Name: app_hand_South_id_c27dc7ca; Type: INDEX; Schema: public; Owner: postgres
--

CREATE INDEX "app_hand_South_id_c27dc7ca" ON public.app_hand USING btree ("South_id");


--
-- Name: app_hand_West_id_481188f8; Type: INDEX; Schema: public; Owner: postgres
--

CREATE INDEX "app_hand_West_id_481188f8" ON public.app_hand USING btree ("West_id");


--
-- Name: app_hand_board_id_545228db; Type: INDEX; Schema: public; Owner: postgres
--

CREATE INDEX app_hand_board_id_545228db ON public.app_hand USING btree (board_id);


--
-- Name: app_message_from_player_id_2b61a823; Type: INDEX; Schema: public; Owner: postgres
--

CREATE INDEX app_message_from_player_id_2b61a823 ON public.app_message USING btree (from_player_id);


--
-- Name: app_message_recipie_1391da_idx; Type: INDEX; Schema: public; Owner: postgres
--

CREATE INDEX app_message_recipie_1391da_idx ON public.app_message USING btree (recipient_content_type_id, recipient_object_id);


--
-- Name: app_message_recipient_content_type_id_ec3ce733; Type: INDEX; Schema: public; Owner: postgres
--

CREATE INDEX app_message_recipient_content_type_id_ec3ce733 ON public.app_message USING btree (recipient_content_type_id);


--
-- Name: app_play_hand_id_566ea18e; Type: INDEX; Schema: public; Owner: postgres
--

CREATE INDEX app_play_hand_id_566ea18e ON public.app_play USING btree (hand_id);


--
-- Name: app_player_partner_id_150ac39a; Type: INDEX; Schema: public; Owner: postgres
--

CREATE INDEX app_player_partner_id_150ac39a ON public.app_player USING btree (partner_id);


--
-- Name: app_tournamentsignups_tournament_id_aad9b5e0; Type: INDEX; Schema: public; Owner: postgres
--

CREATE INDEX app_tournamentsignups_tournament_id_aad9b5e0 ON public.app_tournamentsignup USING btree (tournament_id);


--
-- Name: auth_group_name_a6ea08ec_like; Type: INDEX; Schema: public; Owner: postgres
--

CREATE INDEX auth_group_name_a6ea08ec_like ON public.auth_group USING btree (name varchar_pattern_ops);


--
-- Name: auth_group_permissions_group_id_b120cbf9; Type: INDEX; Schema: public; Owner: postgres
--

CREATE INDEX auth_group_permissions_group_id_b120cbf9 ON public.auth_group_permissions USING btree (group_id);


--
-- Name: auth_group_permissions_permission_id_84c5c92e; Type: INDEX; Schema: public; Owner: postgres
--

CREATE INDEX auth_group_permissions_permission_id_84c5c92e ON public.auth_group_permissions USING btree (permission_id);


--
-- Name: auth_permission_content_type_id_2f476e4b; Type: INDEX; Schema: public; Owner: postgres
--

CREATE INDEX auth_permission_content_type_id_2f476e4b ON public.auth_permission USING btree (content_type_id);


--
-- Name: auth_user_groups_group_id_97559544; Type: INDEX; Schema: public; Owner: postgres
--

CREATE INDEX auth_user_groups_group_id_97559544 ON public.auth_user_groups USING btree (group_id);


--
-- Name: auth_user_groups_user_id_6a12ed8b; Type: INDEX; Schema: public; Owner: postgres
--

CREATE INDEX auth_user_groups_user_id_6a12ed8b ON public.auth_user_groups USING btree (user_id);


--
-- Name: auth_user_user_permissions_permission_id_1fbb5f2c; Type: INDEX; Schema: public; Owner: postgres
--

CREATE INDEX auth_user_user_permissions_permission_id_1fbb5f2c ON public.auth_user_user_permissions USING btree (permission_id);


--
-- Name: auth_user_user_permissions_user_id_a95ead1b; Type: INDEX; Schema: public; Owner: postgres
--

CREATE INDEX auth_user_user_permissions_user_id_a95ead1b ON public.auth_user_user_permissions USING btree (user_id);


--
-- Name: auth_user_username_6821ab7c_like; Type: INDEX; Schema: public; Owner: postgres
--

CREATE INDEX auth_user_username_6821ab7c_like ON public.auth_user USING btree (username varchar_pattern_ops);


--
-- Name: django_admin_log_content_type_id_c4bce8eb; Type: INDEX; Schema: public; Owner: postgres
--

CREATE INDEX django_admin_log_content_type_id_c4bce8eb ON public.django_admin_log USING btree (content_type_id);


--
-- Name: django_admin_log_user_id_c564eba6; Type: INDEX; Schema: public; Owner: postgres
--

CREATE INDEX django_admin_log_user_id_c564eba6 ON public.django_admin_log USING btree (user_id);


--
-- Name: django_eventstream_event_channel_49bacd5e; Type: INDEX; Schema: public; Owner: postgres
--

CREATE INDEX django_eventstream_event_channel_49bacd5e ON public.django_eventstream_event USING btree (channel);


--
-- Name: django_eventstream_event_channel_49bacd5e_like; Type: INDEX; Schema: public; Owner: postgres
--

CREATE INDEX django_eventstream_event_channel_49bacd5e_like ON public.django_eventstream_event USING btree (channel varchar_pattern_ops);


--
-- Name: django_eventstream_event_created_039c5d02; Type: INDEX; Schema: public; Owner: postgres
--

CREATE INDEX django_eventstream_event_created_039c5d02 ON public.django_eventstream_event USING btree (created);


--
-- Name: django_eventstream_event_eid_2da5c1c0; Type: INDEX; Schema: public; Owner: postgres
--

CREATE INDEX django_eventstream_event_eid_2da5c1c0 ON public.django_eventstream_event USING btree (eid);


--
-- Name: django_eventstream_event_type_0e7a664e; Type: INDEX; Schema: public; Owner: postgres
--

CREATE INDEX django_eventstream_event_type_0e7a664e ON public.django_eventstream_event USING btree (type);


--
-- Name: django_eventstream_event_type_0e7a664e_like; Type: INDEX; Schema: public; Owner: postgres
--

CREATE INDEX django_eventstream_event_type_0e7a664e_like ON public.django_eventstream_event USING btree (type varchar_pattern_ops);


--
-- Name: django_eventstream_eventcounter_name_3f2f7780_like; Type: INDEX; Schema: public; Owner: postgres
--

CREATE INDEX django_eventstream_eventcounter_name_3f2f7780_like ON public.django_eventstream_eventcounter USING btree (name varchar_pattern_ops);


--
-- Name: django_eventstream_eventcounter_updated_0b6f9a25; Type: INDEX; Schema: public; Owner: postgres
--

CREATE INDEX django_eventstream_eventcounter_updated_0b6f9a25 ON public.django_eventstream_eventcounter USING btree (updated);


--
-- Name: django_session_expire_date_a5c62663; Type: INDEX; Schema: public; Owner: postgres
--

CREATE INDEX django_session_expire_date_a5c62663 ON public.django_session USING btree (expire_date);


--
-- Name: django_session_session_key_c0390e0f_like; Type: INDEX; Schema: public; Owner: postgres
--

CREATE INDEX django_session_session_key_c0390e0f_like ON public.django_session USING btree (session_key varchar_pattern_ops);


--
-- Name: app_board app_board_tournament_id_b31f4fc4_fk_app_tournament_id; Type: FK CONSTRAINT; Schema: public; Owner: postgres
--

ALTER TABLE ONLY public.app_board
    ADD CONSTRAINT app_board_tournament_id_b31f4fc4_fk_app_tournament_id FOREIGN KEY (tournament_id) REFERENCES public.app_tournament(id) DEFERRABLE INITIALLY DEFERRED;


--
-- Name: app_call app_call_hand_id_248286e2_fk_app_hand_id; Type: FK CONSTRAINT; Schema: public; Owner: postgres
--

ALTER TABLE ONLY public.app_call
    ADD CONSTRAINT app_call_hand_id_248286e2_fk_app_hand_id FOREIGN KEY (hand_id) REFERENCES public.app_hand(id) DEFERRABLE INITIALLY DEFERRED;


--
-- Name: app_hand app_hand_East_id_9ebb3cd0_fk_app_player_id; Type: FK CONSTRAINT; Schema: public; Owner: postgres
--

ALTER TABLE ONLY public.app_hand
    ADD CONSTRAINT "app_hand_East_id_9ebb3cd0_fk_app_player_id" FOREIGN KEY ("East_id") REFERENCES public.app_player(id) DEFERRABLE INITIALLY DEFERRED;


--
-- Name: app_hand app_hand_North_id_8a0e6b49_fk_app_player_id; Type: FK CONSTRAINT; Schema: public; Owner: postgres
--

ALTER TABLE ONLY public.app_hand
    ADD CONSTRAINT "app_hand_North_id_8a0e6b49_fk_app_player_id" FOREIGN KEY ("North_id") REFERENCES public.app_player(id) DEFERRABLE INITIALLY DEFERRED;


--
-- Name: app_hand app_hand_South_id_c27dc7ca_fk_app_player_id; Type: FK CONSTRAINT; Schema: public; Owner: postgres
--

ALTER TABLE ONLY public.app_hand
    ADD CONSTRAINT "app_hand_South_id_c27dc7ca_fk_app_player_id" FOREIGN KEY ("South_id") REFERENCES public.app_player(id) DEFERRABLE INITIALLY DEFERRED;


--
-- Name: app_hand app_hand_West_id_481188f8_fk_app_player_id; Type: FK CONSTRAINT; Schema: public; Owner: postgres
--

ALTER TABLE ONLY public.app_hand
    ADD CONSTRAINT "app_hand_West_id_481188f8_fk_app_player_id" FOREIGN KEY ("West_id") REFERENCES public.app_player(id) DEFERRABLE INITIALLY DEFERRED;


--
-- Name: app_hand app_hand_board_id_545228db_fk_app_board_id; Type: FK CONSTRAINT; Schema: public; Owner: postgres
--

ALTER TABLE ONLY public.app_hand
    ADD CONSTRAINT app_hand_board_id_545228db_fk_app_board_id FOREIGN KEY (board_id) REFERENCES public.app_board(id) DEFERRABLE INITIALLY DEFERRED;


--
-- Name: app_message app_message_from_player_id_2b61a823_fk_app_player_id; Type: FK CONSTRAINT; Schema: public; Owner: postgres
--

ALTER TABLE ONLY public.app_message
    ADD CONSTRAINT app_message_from_player_id_2b61a823_fk_app_player_id FOREIGN KEY (from_player_id) REFERENCES public.app_player(id) DEFERRABLE INITIALLY DEFERRED;


--
-- Name: app_message app_message_recipient_content_ty_ec3ce733_fk_django_co; Type: FK CONSTRAINT; Schema: public; Owner: postgres
--

ALTER TABLE ONLY public.app_message
    ADD CONSTRAINT app_message_recipient_content_ty_ec3ce733_fk_django_co FOREIGN KEY (recipient_content_type_id) REFERENCES public.django_content_type(id) DEFERRABLE INITIALLY DEFERRED;


--
-- Name: app_play app_play_hand_id_566ea18e_fk_app_hand_id; Type: FK CONSTRAINT; Schema: public; Owner: postgres
--

ALTER TABLE ONLY public.app_play
    ADD CONSTRAINT app_play_hand_id_566ea18e_fk_app_hand_id FOREIGN KEY (hand_id) REFERENCES public.app_hand(id) DEFERRABLE INITIALLY DEFERRED;


--
-- Name: app_player app_player_partner_id_150ac39a_fk_app_player_id; Type: FK CONSTRAINT; Schema: public; Owner: postgres
--

ALTER TABLE ONLY public.app_player
    ADD CONSTRAINT app_player_partner_id_150ac39a_fk_app_player_id FOREIGN KEY (partner_id) REFERENCES public.app_player(id) DEFERRABLE INITIALLY DEFERRED;


--
-- Name: app_player app_player_user_id_5913fbad_fk_auth_user_id; Type: FK CONSTRAINT; Schema: public; Owner: postgres
--

ALTER TABLE ONLY public.app_player
    ADD CONSTRAINT app_player_user_id_5913fbad_fk_auth_user_id FOREIGN KEY (user_id) REFERENCES public.auth_user(id) DEFERRABLE INITIALLY DEFERRED;


--
-- Name: app_tournamentsignup app_tournamentsignup_tournament_id_aad9b5e0_fk_app_tourn; Type: FK CONSTRAINT; Schema: public; Owner: postgres
--

ALTER TABLE ONLY public.app_tournamentsignup
    ADD CONSTRAINT app_tournamentsignup_tournament_id_aad9b5e0_fk_app_tourn FOREIGN KEY (tournament_id) REFERENCES public.app_tournament(id) DEFERRABLE INITIALLY DEFERRED;


--
-- Name: app_tournamentsignup app_tournamentsignups_player_id_29adbee4_fk_app_player_id; Type: FK CONSTRAINT; Schema: public; Owner: postgres
--

ALTER TABLE ONLY public.app_tournamentsignup
    ADD CONSTRAINT app_tournamentsignups_player_id_29adbee4_fk_app_player_id FOREIGN KEY (player_id) REFERENCES public.app_player(id) DEFERRABLE INITIALLY DEFERRED;


--
-- Name: app_usermitplaya app_usermitplaya_user_ptr_id_4c841542_fk_auth_user_id; Type: FK CONSTRAINT; Schema: public; Owner: postgres
--

ALTER TABLE ONLY public.app_usermitplaya
    ADD CONSTRAINT app_usermitplaya_user_ptr_id_4c841542_fk_auth_user_id FOREIGN KEY (user_ptr_id) REFERENCES public.auth_user(id) DEFERRABLE INITIALLY DEFERRED;


--
-- Name: auth_group_permissions auth_group_permissio_permission_id_84c5c92e_fk_auth_perm; Type: FK CONSTRAINT; Schema: public; Owner: postgres
--

ALTER TABLE ONLY public.auth_group_permissions
    ADD CONSTRAINT auth_group_permissio_permission_id_84c5c92e_fk_auth_perm FOREIGN KEY (permission_id) REFERENCES public.auth_permission(id) DEFERRABLE INITIALLY DEFERRED;


--
-- Name: auth_group_permissions auth_group_permissions_group_id_b120cbf9_fk_auth_group_id; Type: FK CONSTRAINT; Schema: public; Owner: postgres
--

ALTER TABLE ONLY public.auth_group_permissions
    ADD CONSTRAINT auth_group_permissions_group_id_b120cbf9_fk_auth_group_id FOREIGN KEY (group_id) REFERENCES public.auth_group(id) DEFERRABLE INITIALLY DEFERRED;


--
-- Name: auth_permission auth_permission_content_type_id_2f476e4b_fk_django_co; Type: FK CONSTRAINT; Schema: public; Owner: postgres
--

ALTER TABLE ONLY public.auth_permission
    ADD CONSTRAINT auth_permission_content_type_id_2f476e4b_fk_django_co FOREIGN KEY (content_type_id) REFERENCES public.django_content_type(id) DEFERRABLE INITIALLY DEFERRED;


--
-- Name: auth_user_groups auth_user_groups_group_id_97559544_fk_auth_group_id; Type: FK CONSTRAINT; Schema: public; Owner: postgres
--

ALTER TABLE ONLY public.auth_user_groups
    ADD CONSTRAINT auth_user_groups_group_id_97559544_fk_auth_group_id FOREIGN KEY (group_id) REFERENCES public.auth_group(id) DEFERRABLE INITIALLY DEFERRED;


--
-- Name: auth_user_groups auth_user_groups_user_id_6a12ed8b_fk_auth_user_id; Type: FK CONSTRAINT; Schema: public; Owner: postgres
--

ALTER TABLE ONLY public.auth_user_groups
    ADD CONSTRAINT auth_user_groups_user_id_6a12ed8b_fk_auth_user_id FOREIGN KEY (user_id) REFERENCES public.auth_user(id) DEFERRABLE INITIALLY DEFERRED;


--
-- Name: auth_user_user_permissions auth_user_user_permi_permission_id_1fbb5f2c_fk_auth_perm; Type: FK CONSTRAINT; Schema: public; Owner: postgres
--

ALTER TABLE ONLY public.auth_user_user_permissions
    ADD CONSTRAINT auth_user_user_permi_permission_id_1fbb5f2c_fk_auth_perm FOREIGN KEY (permission_id) REFERENCES public.auth_permission(id) DEFERRABLE INITIALLY DEFERRED;


--
-- Name: auth_user_user_permissions auth_user_user_permissions_user_id_a95ead1b_fk_auth_user_id; Type: FK CONSTRAINT; Schema: public; Owner: postgres
--

ALTER TABLE ONLY public.auth_user_user_permissions
    ADD CONSTRAINT auth_user_user_permissions_user_id_a95ead1b_fk_auth_user_id FOREIGN KEY (user_id) REFERENCES public.auth_user(id) DEFERRABLE INITIALLY DEFERRED;


--
-- Name: django_admin_log django_admin_log_content_type_id_c4bce8eb_fk_django_co; Type: FK CONSTRAINT; Schema: public; Owner: postgres
--

ALTER TABLE ONLY public.django_admin_log
    ADD CONSTRAINT django_admin_log_content_type_id_c4bce8eb_fk_django_co FOREIGN KEY (content_type_id) REFERENCES public.django_content_type(id) DEFERRABLE INITIALLY DEFERRED;


--
-- Name: django_admin_log django_admin_log_user_id_c564eba6_fk_auth_user_id; Type: FK CONSTRAINT; Schema: public; Owner: postgres
--

ALTER TABLE ONLY public.django_admin_log
    ADD CONSTRAINT django_admin_log_user_id_c564eba6_fk_auth_user_id FOREIGN KEY (user_id) REFERENCES public.auth_user(id) DEFERRABLE INITIALLY DEFERRED;


--
-- PostgreSQL database dump complete
--

